tree
version=v4
num_class=1
num_tree_per_iteration=1
label_index=0
max_feature_idx=9
objective=regression_l1
feature_names=segment_distance_km packages_at_destination service_time_at_destination_seconds volume_at_destination_cm3 packages_with_window_at_destination departure_hour route_total_stops route_package_count weekday station_code
feature_infos=[0.50897599999999998:47.997038000000003] [1:113] [7:2777] [88.703999999999994:1260346.5600000001] [0:38] [10:18] [33:238] [150:304] [0:6] -1:11:13:3:16:12:15:7:2:6:8:0:4:9:5:10:14
tree_sizes=1350 1406 1396 1387 1386 1386 1391 1398 1379 1388 1381 1401 1389 1386 1401 1398 1403 1403 1395 1393 1394 1390 1407 1381 1383 1405 1394 1376 1376 1411 1379 1383 1408 1421 1415 1404 1400 1401 1413 1392 1407 1404 1406 1402 1407 1406 1416 1406 1392 1426 1414 1418 1408 1427 1392 1411 1401 1399 1399 1428 1419 1417 1387 1397 1392 1419 1415 1400 1407 1395 1407 1412 1398 1404 1409 1418 1422 1406 1404 1422 1427 1417 1416 1424 1415 1411 1405 1423 1429 1436 1421 1433 1424 1419 1444 1425 1415 1422 1417 1425 1415 1416 1429 1415 1430 1427 1423 1395 1434 1421 1425 1423 1424 1421 1417 1413 1402 1424 1419 1423 1411 1409 1407 1451 1407 1433 1420 1429 1414 1414 1416 1408 1428 1424 1409 1409 1409 1410 1423 1423 1422 1420 1414 1419 1437 1419 1428 1422 1430 1417 1443 1410 1417 1410 1408 1427 1426 1437 1415 1438 1432 1427 1435 1434 1434 1407 1405 1417 1431 1439 1420 1437 1416 1440 1414 1435 1425 1419 1453 1436 1429 1422 1414 1427 1430 1433 1411 1394 1416 1410 1422 1411 1448 1406 1442 1419 1405 1428 1433 1449 1438 1459 1409 1418 1418 1431 1432 1396 1443 1394 1424 1429 1424 1404 1425 1420 1424 1422 1426 1403 1440 1412 1406 1423 1424 1414 1413 1411 1417 1424 1429 1430 1397 1415 1432 1419 1418 1428 1441 1409 1433 1408 1421 1433 1413 1446 1421 1440 1425 1422 1425 1429 1426 1424 1421 1429 1428 1451 1455 1451 1435 1418 1437 1418 1439 1430 1438 1440 1429 1426 1407 1444 1425 1422 1422 1424 1418 1433 1417 1424 1435 1405 1426 1429 1409 1423 1448 1433 1443 1393 1410 1420 1416 1436 1429 1425 1432 1432 1422 1424 1401 1415 1444 1442 1441 1446 1423 1433 1438 1427 1415 1409 1430 1435 1441 1421 1437 1432 1447 1415 1422 1462 1428 1426 1412 1397 1415 1423 1448 1433 1449 1431 1438 1418 1434 1452 1410 1444 1432 1423 1414 1452 1389 1443 1438 1436 1400 1416 1441 1437 1433 1441 1416 1426 1453 1429 1417 1423 1451 1436 1405 1425 1428 1431 1452 1410 1459 1427 1422 1435 1428 1443 1436 1428 1419 1433 1439 1424 1426 1434 1446 1452 1411 1392 1425 1429 1409 1428 1418 1444 1445 1417 1453 1429 1439 1411 1431 1450 1435 1424 1445 1455 1426 1447 1438 1429 1411 1422 1420 1445 1440 1476 1411 1427 1440 1413 1380 1432 1437 1385 1440 1436 1418 1443 1425 1432 1438 1441 1464 1444 1431 1422 1426 1431 1446 1423 1417 1429 1412 1396 1415 1396 1444 1430 1397 1409 1431 1444 1433 1407 1446 1406 1443 1421 1433 1438 1434 1443 1424 1439 1437 1424 1428 1447 1447 1434 1403 1433 1403 1436 1424 1432 1456 1433 1431 1392 1439 1452 1422 1462 1428 1390 1434 1441 1457 1448 1428 1424 1440 1413 1432 1427 1439 1423 1439 1457 1436 1449 1439 1388 1432 1436 1448 1417 1423 1413 1434 1447 1449 1450 1432 1425 1413 1396 1442 1444 1436 1451 1432 1414 1435 1442 1427 1430 1432 1427 1436 1428 1429 1412 1457 1438

Tree=0
num_leaves=15
num_cat=0
split_feature=0 0 0 5 0 0 0 2 2 6 6 5 0 6
split_gain=1861.87 179.502 109.114 34.4034 19.1949 18.7539 16.2908 15.3912 11.9876 11.4179 11.392 11.2443 8.71739 7.53838
threshold=17.153512500000001 12.078875000000002 20.395902500000002 12.500000000000002 22.803529500000003 14.957541000000001 18.440879500000005 392.50000000000006 122.55000000000001 141.50000000000003 89.500000000000014 15.500000000000002 9.7689590000000024 145.50000000000003
decision_type=2 2 2 2 2 2 2 2 2 2 2 2 2 2
left_child=1 12 6 8 -4 10 13 -8 -3 -7 -5 -11 -1 -2
right_child=2 3 4 5 -6 9 7 -9 -10 11 -12 -13 -14 -15
leaf_value=1772.2450469970704 1793.5705480957031 1793.8930480957031 1802.4820495605468 1796.9275469970703 1813.8895458984375 1789.0915466308593 1800.7420477294922 1793.6725488281249 1803.9490466308594 1792.0315466308593 1788.5695477294921 1800.0325488281251 1783.2265466308593 1796.4235473632812
leaf_weight=806 85 38 338 30 1024 111 252 37 34 173 402 57 329 119
leaf_count=806 85 38 338 30 1024 111 252 37 34 173 402 57 329 119
internal_value=1794.55 1794.53 1794.57 1794.54 1794.58 1794.54 1794.56 1794.56 1794.56 1794.54 1794.53 1794.55 1794.52 1794.55
internal_weight=3835 1980 1855 845 1362 773 493 289 72 341 432 230 1135 204
internal_count=3835 1980 1855 845 1362 773 493 289 72 341 432 230 1135 204
is_linear=0
shrinkage=1


Tree=1
num_leaves=15
num_cat=4
split_feature=0 0 0 9 9 0 9 5 0 0 5 0 0 9
split_gain=1793.79 182.33 132.477 88.3229 72.8239 26.2962 30.3656 16.4431 16.0727 14.0834 11.8243 10.6734 8.72653 7.13624
threshold=17.009411500000002 12.078875000000002 21.995953000000004 0 1 14.392338500000003 2 13.500000000000002 19.172023500000005 10.132813500000003 14.500000000000002 18.328822000000002 14.957541000000001 3
decision_type=2 2 2 9 9 2 9 2 2 2 2 2 2 9
left_child=1 9 4 7 8 13 -7 -3 -2 -1 -11 -6 -8 -5
right_child=2 3 -4 5 11 6 12 -9 -10 10 -12 -13 -14 -15
leaf_value=-20.951852142333987 -2.5962628967285171 8.6498685791015628 17.764928997802734 -3.9020864318847632 2.8118850219726572 -8.2602463989257782 -3.1670864318847634 1.0949832183837906 2.8475392456054713 -6.6637971313476534 -13.023797131347653 7.7168206054687509 -0.10324566650390352 -8.7950856994628879
leaf_weight=864 135 58 1166 130 139 102 73 46 137 147 128 353 228 171
leaf_count=864 135 58 1166 130 139 102 73 46 137 147 128 353 228 171
internal_value=0.000208924 -0.0201079 0.0207047 -0.00920792 0.0109948 -0.0129412 -0.00811414 0.0157895 -0.00170213 -0.0278402 -0.0219273 0.0176892 -0.00279743 -0.0198339
internal_weight=3877 1947 1930 808 764 704 403 104 272 1139 275 492 301 301
internal_count=3877 1947 1930 808 764 704 403 104 272 1139 275 492 301 301
cat_boundaries=0 1 2 3 4
cat_threshold=32804 12553 8449 67672
is_linear=0
shrinkage=0.03


Tree=2
num_leaves=15
num_cat=0
split_feature=0 0 0 6 0 0 0 6 6 0 2 2 7 6
split_gain=1794.37 166.552 123.519 32.7064 34.083 19.1533 18.7704 16.3928 10.6492 9.58609 9.44055 9.06688 6.62956 6.42652
threshold=16.801208500000005 10.849332500000001 20.395902500000002 81.500000000000014 13.285151500000001 23.353767000000001 18.173508500000004 154.50000000000003 173.50000000000003 13.846890500000002 90.450000000000017 364.40000000000003 249.50000000000003 143.50000000000003
decision_type=2 2 2 2 2 2 2 2 2 2 2 2 2 2
left_child=1 -1 6 -3 -5 -4 13 -6 11 -9 -11 -8 -12 -2
right_child=2 3 5 4 7 -7 8 9 -10 10 12 -13 -14 -15
leaf_value=-19.559794380798341 -1.0344722611083943 6.0451764828186034 7.7460346274414107 -8.0122334946899425 -4.213937393280025 19.051364288269038 4.252232485107422 -3.6293752457885726 9.6471785363159235 -3.1223497613525386 -1.7633633294677746 -0.85794524386596438 2.2971509710693363 1.3849377608642635
leaf_weight=981 85 38 402 338 327 967 223 54 81 92 58 40 79 137
leaf_count=981 85 38 402 338 327 967 223 54 81 92 58 40 79 137
internal_value=-3.07535e-05 -0.0202084 0.0204806 -0.011501 -0.0125949 0.0253543 0.00869258 -0.00836066 0.0130814 -0.0030742 -0.000393013 0.0101521 0.00459854 0.00189189
internal_weight=3902 1967 1935 986 948 1369 566 610 344 283 229 263 137 222
internal_count=3902 1967 1935 986 948 1369 566 610 344 283 229 263 137 222
is_linear=0
shrinkage=0.03


Tree=3
num_leaves=15
num_cat=5
split_feature=0 0 0 9 9 6 0 0 9 0 9 5 9 7
split_gain=1772.69 160.716 126.915 95.5751 69.6521 31.9464 21.0245 19.9927 17.4247 17.2719 27.605 14.3549 13.61 11.9922
threshold=16.801208500000005 12.078875000000002 22.125774500000002 0 1 118.50000000000001 13.285151500000001 19.369722000000007 2 9.7689590000000024 3 15.500000000000002 4 231.50000000000003
decision_type=2 2 2 9 9 2 2 2 9 2 9 2 9 2
left_child=1 9 4 5 7 -3 -7 -2 11 -1 13 -5 -4 -11
right_child=2 3 12 8 -6 6 -8 -9 -10 10 -12 -13 -14 -15
leaf_value=-20.773000549374387 -2.5094855384655705 11.143680178904114 7.3108218947772183 -3.2201440463983113 7.071520939931033 -5.8515696560174497 1.9490583181732188 1.8597387228039552 -8.1191942368208281 1.7905537291900691 -12.18728792113952 0.4733703815029946 16.607826289308466 -3.8325140153009007
leaf_weight=829 134 41 105 153 535 53 154 144 316 31 239 60 1035 73
leaf_count=829 134 41 105 153 535 53 154 144 316 31 239 60 1035 73
internal_value=-0.000184521 -0.0204259 0.0200154 -0.00984556 0.0109594 0.0055814 0.00101449 -0.00145833 -0.0168646 -0.0274403 -0.0217784 -0.00901345 0.0264737 -0.00631579
internal_weight=3902 1949 1953 777 813 248 207 278 529 1172 343 213 1140 104
internal_count=3902 1949 1953 777 813 248 207 278 529 1172 343 213 1140 104
cat_boundaries=0 1 2 3 4 5
cat_threshold=33020 45313 68096 308 1029
is_linear=0
shrinkage=0.03


Tree=4
num_leaves=15
num_cat=0
split_feature=0 0 0 5 0 0 6 7 6 5 0 0 2 6
split_gain=1680 179.691 134.054 42.6614 27.4169 23.9634 21.5601 15.7486 14.1646 10.0569 9.27942 8.62742 8.45985 8.44177
threshold=17.009411500000002 11.174585000000002 22.803529500000003 12.500000000000002 18.940977 13.952688500000002 97.500000000000014 222.50000000000003 154.50000000000003 15.500000000000002 12.772709500000001 9.7689590000000024 152.05000000000004 167.50000000000003
decision_type=2 2 2 2 2 2 2 2 2 2 2 2 2 2
left_child=1 11 4 10 7 6 -5 -2 -7 -10 -3 -1 -9 -6
right_child=2 3 -4 5 13 8 -8 12 9 -11 -12 -13 -14 -15
leaf_value=-20.04781346258066 -1.215583721473074 -1.4535937143471813 16.697587106097966 1.1490193775529292 4.628223181653218 -3.8809011918337091 -7.2330961100885833 1.183459129517572 -2.4493715695201308 5.0674286089712544 7.2319153886043459 -10.527469283505337 2.8811659902963811 10.731670035976258
leaf_weight=815 99 30 1032 43 410 285 345 120 171 37 58 215 112 155
leaf_count=815 99 30 1032 43 410 285 345 120 171 37 58 215 112 155
internal_value=-0.000374332 -0.0196448 0.0196058 -0.0103715 0.0111161 -0.012361 -0.0179381 0.00425982 -0.0079716 -0.00201923 0.00954545 -0.0283689 0.00853448 0.0151327
internal_weight=3927 1999 1928 969 896 881 388 331 493 208 88 1030 232 565
internal_count=3927 1999 1928 969 896 881 388 331 493 208 88 1030 232 565
is_linear=0
shrinkage=0.03


Tree=5
num_leaves=15
num_cat=5
split_feature=0 0 0 9 9 9 5 0 6 0 9 0 9 0
split_gain=1638.48 193.45 110.169 101.896 58.5053 25.641 24.9455 21.8395 21.269 20.8126 20.444 18.2293 16.5997 14.9804
threshold=17.153512500000001 11.753878000000002 22.416252500000002 0 1 2 15.500000000000002 9.7689590000000024 111.50000000000001 19.964788000000002 3 13.285151500000001 4 14.028341500000002
decision_type=2 2 2 9 9 9 2 2 2 2 9 2 9 2
left_child=1 7 4 8 9 6 13 -1 -3 -2 -4 -10 -9 -5
right_child=2 3 10 5 -6 -7 -8 12 11 -11 -12 -13 -14 -15
leaf_value=-19.080376861437614 -1.3918506759805382 8.3870399463391241 6.1346624226025295 -6.2970092448570902 6.7853716322602127 -7.5100485047534811 1.7409838711488033 -3.0807567187833738 -3.5899329806770877 2.9115994994592995 16.988663887446279 1.9901129371033925 -11.665054489361067 -1.8571684061278073
leaf_weight=848 176 50 123 69 482 344 63 106 57 144 973 153 192 131
leaf_count=848 176 50 123 69 482 344 63 106 57 144 973 153 192 131
internal_value=-0.000176425 -0.0190313 0.0198209 -0.0083391 0.0113716 -0.0149271 -0.00714286 -0.0271204 0.00733333 0.00109091 0.0260036 0.00342857 -0.0201342 -0.0126
internal_weight=3911 2013 1898 867 802 607 263 1146 260 320 1096 210 298 200
internal_count=3911 2013 1898 867 802 607 263 1146 260 320 1096 210 298 200
cat_boundaries=0 1 2 3 4 5
cat_threshold=33468 13577 67648 1345 65588
is_linear=0
shrinkage=0.03


Tree=6
num_leaves=15
num_cat=5
split_feature=0 0 0 9 9 6 0 9 0 9 0 9 0 7
split_gain=1621.04 189.268 112.259 90.3651 64.9017 37.4796 21.8557 30.6232 21.6147 14.8611 12.541 11.3554 11.9174 15.1454
threshold=17.153512500000001 12.078875000000002 22.416252500000002 0 1 115.50000000000001 9.7689590000000024 2 14.957541000000001 3 19.369722000000007 4 20.395902500000002 238.50000000000003
decision_type=2 2 2 9 9 2 2 9 2 9 2 9 2 2
left_child=1 6 4 -3 10 -5 -1 -8 -7 -4 -2 -6 13 -13
right_child=2 3 9 5 11 8 7 -9 -10 -11 -12 12 -14 -15
leaf_value=-18.81996628801636 -2.9650411051886554 -7.2345810703549711 6.3465334141822609 8.7021441760604592 7.5123410731290123 -3.5546296260785581 -1.553213201622957 -11.454603587102113 1.1589608916614929 16.004366262888091 1.5307444548746958 1.1534291747201473 8.4442814746404409 7.214849611780255
leaf_weight=821 102 318 102 54 112 241 104 244 231 1011 129 139 176 137
leaf_count=821 102 318 102 54 112 241 104 244 231 1011 129 139 176 137
internal_value=-0.000221882 -0.0190015 0.0195912 -0.00817536 0.0109811 -0.000335821 -0.0268178 -0.0205172 -0.00305085 0.0257412 -0.00261411 0.0163066 0.0133766 0.00978261
internal_weight=3921 2013 1908 844 795 526 1169 348 472 1113 231 564 452 276
internal_count=3921 2013 1908 844 795 526 1169 348 472 1113 231 564 452 276
cat_boundaries=0 1 2 3 4 5
cat_threshold=12545 12545 52 321 644
is_linear=0
shrinkage=0.03


Tree=7
num_leaves=15
num_cat=4
split_feature=9 6 5 9 6 9 9 5 6 5 7 5 7 5
split_gain=448.487 97.7673 46.9079 40.0112 37.1652 34.0398 27.9033 54.8925 31.9665 27.2876 24.32 21.1344 12.1615 11.0293
threshold=0 137.50000000000003 11.500000000000002 1 167.50000000000003 2 3 13.500000000000002 71.500000000000014 14.500000000000002 226.50000000000003 14.500000000000002 212.50000000000003 14.500000000000002
decision_type=9 2 2 9 2 9 9 2 2 2 2 2 2 2
left_child=1 5 -3 -4 11 9 10 -8 -9 -1 -2 -5 -11 -10
right_child=6 2 3 4 -6 -7 7 8 13 12 -12 -13 -14 -15
leaf_value=6.0845320849544242 0.39863416546787672 22.166868588404991 -9.5253672993758727 7.0031392856034209 -1.0474513931262754 15.170870053248743 -0.60017787877154205 2.9455183116970964 -13.675868398008685 -4.2989713657224726 -5.5847075748543418 1.9932553877445922 3.9007716717636161 -10.492867299375872
leaf_weight=184 181 89 151 438 620 274 163 31 224 64 561 478 31 422
leaf_count=184 181 89 151 438 620 274 163 31 224 64 561 478 31 422
internal_value=-0.00091281 0.0074519 0.00405405 0.0029342 0.00438551 0.0184991 -0.013191 -0.0170824 -0.0210487 0.00986159 -0.00861702 0.00825328 -0.00284211 -0.0224768
internal_weight=3911 2329 1776 1687 1536 553 1582 840 677 279 742 916 95 646
internal_count=3911 2329 1776 1687 1536 553 1582 840 677 279 742 916 95 646
cat_boundaries=0 1 2 3 4
cat_threshold=102028 516 3588 4177
is_linear=0
shrinkage=0.03


Tree=8
num_leaves=15
num_cat=5
split_feature=0 0 0 9 9 0 9 0 9 9 0 5 7 0
split_gain=1612.06 163.861 126.879 98.9128 60.3425 33.5114 39.1664 25.3896 16.543 14.5387 12.2957 11.4542 10.4038 10.338
threshold=17.104475000000004 11.347125000000002 23.353767000000001 0 1 14.957541000000001 2 19.964788000000002 3 4 18.440879500000005 14.500000000000002 262.50000000000006 9.3337420000000026
decision_type=2 2 2 9 9 2 9 2 9 9 2 2 2 2
left_child=1 13 4 11 7 -5 -7 -2 12 10 -6 -3 -4 -1
right_child=2 3 8 5 9 6 -8 -9 -10 -11 -12 -13 -14 -15
leaf_value=-18.385944490003961 -1.6612481484992667 7.0069755200968702 7.0499270480538403 -6.6584383926185229 0.5763579659791026 1.6232866356544422 -4.9389764911624958 2.2198281900134793 16.437808368155189 7.9552331190088648 5.8774557058823911 1.3298799166989681 -1.0503228258413264 -9.0039924678485264
leaf_weight=787 172 84 70 490 84 181 144 169 880 215 295 38 37 295
leaf_count=787 172 84 70 490 84 181 144 169 880 215 295 38 37 295
internal_value=-0.000997209 -0.0197177 0.0186681 -0.0105336 0.0107487 -0.0142182 -0.00692308 0.00042735 0.0261702 0.0163907 0.0119537 0.0140909 0.0110256 -0.027671
internal_weight=3941 2019 1922 937 935 815 325 341 987 594 379 122 107 1082
internal_count=3941 2019 1922 937 935 815 325 341 987 594 379 122 107 1082
cat_boundaries=0 1 2 3 4 5
cat_threshold=32804 12569 6344 1345 35904
is_linear=0
shrinkage=0.03


Tree=9
num_leaves=15
num_cat=0
split_feature=0 0 0 5 0 6 0 6 6 0 6 6 0 7
split_gain=1546.93 186.801 114.59 38.8979 18.1722 17.0996 21.5734 18.1454 13.9209 13.5185 14.8834 11.4133 10.7373 7.23585
threshold=17.009411500000002 11.347125000000002 23.353767000000001 12.500000000000002 18.328822000000002 84.500000000000014 13.285151500000001 154.50000000000003 145.50000000000003 9.3337420000000026 97.500000000000014 164.50000000000003 27.971901000000006 265.50000000000006
decision_type=2 2 2 2 2 2 2 2 2 2 2 2 2 2
left_child=1 9 4 8 -2 -5 -7 13 -3 -1 -11 -6 -4 -8
right_child=2 3 12 5 11 6 7 -9 -10 10 -12 -13 -14 -15
leaf_value=-17.836684550499157 0.56898832536579214 10.579764976338287 7.181403413504432 5.6372177725868164 3.4695127713476608 -6.9083919010239585 -3.2240334552362322 -1.3724150348309512 1.2016920198006653 -1.7563944992033327 -10.07487122896932 8.9157674043293689 22.357641623635988 -6.704907756241691
leaf_weight=764 201 31 424 35 511 221 262 247 56 34 276 199 569 60
leaf_count=764 201 31 424 35 511 221 262 247 56 34 276 199 569 60
internal_value=-0.000539846 -0.0190634 0.0187815 -0.00907895 0.0110977 -0.0110909 -0.012 -0.00891037 0.01 -0.0275419 -0.0222581 0.0133521 0.0258308 -0.0136025
internal_weight=3890 1986 1904 912 911 825 790 569 87 1074 310 710 993 322
internal_count=3890 1986 1904 912 911 825 790 569 87 1074 310 710 993 322
is_linear=0
shrinkage=0.03


Tree=10
num_leaves=15
num_cat=5
split_feature=0 0 0 9 9 9 0 0 9 6 0 7 9 6
split_gain=1485.06 162.524 118.549 104.358 61.3133 33.1288 32.7359 19.6565 18.9695 15.0754 14.4626 13.2813 12.5691 10.7302
threshold=16.801208500000005 11.174585000000002 23.353767000000001 0 1 2 19.487070000000003 13.285151500000001 3 144.50000000000003 9.6317150000000016 262.50000000000006 4 129.50000000000003
decision_type=2 2 2 9 9 9 2 2 9 2 2 2 9 2
left_child=1 10 4 13 6 -5 -2 9 -4 -7 -1 -9 -6 -3
right_child=2 3 8 5 12 7 -8 11 -10 -11 -12 -13 -14 -15
leaf_value=-16.9021457360714 -2.0035310423525972 9.874863462364285 4.5411466348456431 -7.83884619547581 5.1394793737318016 -1.1457033746514651 2.7875302324574545 -1.6225917740463023 16.171816273103573 -6.413599733023668 -8.3993848420216004 2.2825489204359304 7.6454522769715139 2.8078247084100747
leaf_weight=805 185 42 106 332 416 40 207 231 882 105 226 68 157 84
leaf_count=805 185 42 106 332 416 40 207 231 882 105 226 68 157 84
internal_value=-0.000370561 -0.0190119 0.0180799 -0.00971175 0.010601 -0.0137405 0.00119403 -0.00792952 0.0253846 -0.0171724 -0.0271484 -0.00371237 0.0167238 0.015
internal_weight=3886 1933 1953 902 965 776 392 444 988 145 1031 299 573 126
internal_count=3886 1933 1953 902 965 776 392 444 988 145 1031 299 573 126
cat_boundaries=0 1 2 3 4 5
cat_threshold=32804 13593 28929 5377 100416
is_linear=0
shrinkage=0.03


Tree=11
num_leaves=15
num_cat=4
split_feature=0 0 0 9 9 0 0 9 0 5 0 9 5 5
split_gain=1486.04 160.036 131.479 109.569 62.6674 49.5116 29.9938 18.8597 15.239 12.0562 11.4536 10.1546 9.19672 8.93442
threshold=16.801208500000005 10.132813500000003 23.353767000000001 0 1 12.875887000000002 19.964788000000002 2 14.957541000000001 12.500000000000002 27.971901000000006 3 15.500000000000002 14.500000000000002
decision_type=2 2 2 9 9 2 2 9 2 2 2 9 2 2
left_child=1 -1 4 9 6 -5 -2 13 -9 -3 -4 -6 -10 -7
right_child=2 3 10 5 11 7 -8 8 12 -11 -12 -13 -14 -15
leaf_value=-15.816083561254885 -1.7420772768006485 6.6180392088551931 6.4974565462178209 -10.137941067503249 7.7267357573876474 -9.0659955703229187 1.9873525996236197 -3.8931501018098333 -1.6007216845382128 0.98429087973164764 21.292038459587285 4.9971120587004174 5.4524057219986277 -6.1295374318091991
leaf_weight=909 185 64 432 277 146 60 196 199 132 187 570 401 51 103
leaf_count=909 185 64 432 277 146 60 196 199 132 187 570 401 51 103
internal_value=-0.000644172 -0.01889 0.0180933 -0.0110438 0.0099569 -0.016226 0.000383632 -0.0111743 -0.00688776 0.00632184 0.0256287 0.0163196 -0.000819672 -0.0195954
internal_weight=3912 1982 1930 1073 928 822 381 545 382 251 1002 547 183 163
internal_count=3912 1982 1930 1073 928 822 381 545 382 251 1002 547 183 163
cat_boundaries=0 1 2 3 4
cat_threshold=33332 45321 8449 644
is_linear=0
shrinkage=0.03


Tree=12
num_leaves=15
num_cat=0
split_feature=0 0 0 5 0 0 6 5 6 0 6 0 6 7
split_gain=1449.06 166.173 96.3832 40.6286 26.688 20.833 20.272 17.4469 15.9927 14.7718 9.82366 8.51418 7.11821 7.08858
threshold=17.325287500000005 12.630421500000002 23.353767000000001 12.500000000000002 8.5849830000000029 18.940977 96.500000000000014 13.500000000000002 144.50000000000003 27.971901000000006 148.50000000000003 13.952688500000002 156.50000000000003 259.50000000000006
decision_type=2 2 2 2 2 2 2 2 2 2 2 2 2 2
left_child=1 4 5 -3 -1 12 -6 8 -8 -4 -5 -12 -2 -10
right_child=2 3 9 10 6 -7 7 -9 13 -11 11 -13 -14 -15
leaf_value=-18.35471764123627 -0.069052956991131398 6.0304091256993839 6.2858831265196553 -3.4905015804680235 -2.3209623131145438 5.0353589002109889 0.6699131096366534 -10.050606037309965 -7.9444767997493022 19.96622601327152 -2.8088500810611823 -1.4401781549952886 3.4802077597428922 -4.3274728504172231
leaf_weight=627 146 65 432 334 68 612 30 418 63 544 94 282 112 44
leaf_count=627 146 65 432 334 68 612 30 418 63 544 94 282 112 44
internal_value=-0.000860243 -0.0183852 0.018364 -0.00747097 -0.025152 0.0111034 -0.0207544 -0.0226486 -0.0133577 0.0248361 -0.0095493 -0.0062234 0.00395349 -0.018785
internal_weight=3871 2025 1846 775 1250 870 623 555 137 976 710 376 258 107
internal_count=3871 2025 1846 775 1250 870 623 555 137 976 710 376 258 107
is_linear=0
shrinkage=0.03


Tree=13
num_leaves=15
num_cat=5
split_feature=0 0 9 9 0 9 0 0 9 0 6 9 7 5
split_gain=1395.5 188.553 109.576 78.0795 46.2898 41.2512 35.4285 29.1802 43.2921 18.4308 21.1427 14.0029 13.2129 10.7508
threshold=17.325287500000005 12.078875000000002 0 1 23.233165500000002 2 19.487070000000003 9.6317150000000016 3 13.952688500000002 139.50000000000003 4 232.50000000000003 13.500000000000002
decision_type=2 2 9 9 2 9 2 2 9 2 2 9 2 2
left_child=1 7 6 -3 11 13 -2 -1 12 10 -7 -4 -9 -5
right_child=2 3 4 5 -6 9 -8 8 -10 -11 -12 -13 -14 -15
leaf_value=-15.831835884296671 -1.565101717192142 -6.0368092674172589 5.0199191806700307 7.4116100541598611 15.333841359791387 1.8401193085289345 3.5820582444131035 2.5045335439578071 -9.447550204809156 -0.051442820848898237 -5.3743490454814102 7.918225868934412 -2.0558180130082335 1.7467264735402852
leaf_weight=831 125 326 383 62 801 34 395 40 261 296 104 139 73 48
leaf_count=831 125 326 383 62 801 34 395 40 261 296 104 139 73 48
internal_value=-0.00101072 -0.0178843 0.017987 -0.00724138 0.0225281 -0.000108303 0.00588679 -0.0255685 -0.0186096 -0.00432432 -0.0134783 0.0157471 -0.00170732 0.0155
internal_weight=3918 2075 1843 870 1323 544 520 1205 374 434 138 522 113 110
internal_count=3918 2075 1843 870 1323 544 520 1205 374 434 138 522 113 110
cat_boundaries=0 1 2 3 4 5
cat_threshold=13649 12545 32804 52 100360
is_linear=0
shrinkage=0.03


Tree=14
num_leaves=15
num_cat=0
split_feature=0 0 0 0 0 5 0 0 3 7 2 5 7 5
split_gain=1378.96 171.669 117.725 25.6193 22.2368 21.9137 17.3266 14.8396 10.9032 11.3643 9.30541 9.29201 6.79103 6.33648
threshold=16.801208500000005 11.174585000000002 22.205218000000006 18.602377000000001 28.134571500000003 12.500000000000002 8.5849830000000029 12.630421500000002 3450.1600000000003 222.50000000000003 162.95000000000002 12.500000000000002 274.50000000000006 15.500000000000002
decision_type=2 2 2 2 2 2 2 2 2 2 2 2 2 2
left_child=1 6 3 8 -4 10 -1 13 -2 -10 -3 -8 -9 -7
right_child=2 5 4 -5 -6 7 11 12 9 -11 -12 -13 -14 -15
leaf_value=-17.728321602241714 -1.6591472008326262 -1.3224701497124705 5.8356754918424532 4.2045306741527186 19.545995444176167 -5.2721047630472953 -1.5739611796633288 -2.2334575436544526 -1.1715979268178784 2.0400213351761636 7.2239254057552893 -8.9773307208149475 -4.6819992468856642 -13.561703298168679
leaf_weight=654 77 44 583 556 548 164 37 520 60 149 35 364 87 37
leaf_count=654 77 44 583 556 548 164 37 520 60 149 35 364 87 37
internal_value=-0.00040613 -0.0183522 0.017258 0.00876485 0.0235809 -0.00862458 -0.0265308 -0.010099 0.00146853 0.00502392 0.0064557 -0.0216209 -0.00775947 -0.0171642
internal_weight=3915 1942 1973 842 1131 887 1055 808 286 209 79 401 607 201
internal_count=3915 1942 1973 842 1131 887 1055 808 286 209 79 401 607 201
is_linear=0
shrinkage=0.03


Tree=15
num_leaves=15
num_cat=4
split_feature=0 0 9 9 9 0 0 9 0 6 3 6 7 6
split_gain=1322.8 225.329 84.6155 78.5402 39.6161 48.5143 35.3407 27.7325 22.1938 14.223 14.0425 11.0538 10.0272 9.48146
threshold=18.440879500000005 12.558958000000002 0 1 2 8.9808695000000025 28.683753500000005 3 20.533569000000004 106.50000000000001 63534.598500000007 153.50000000000003 245.50000000000003 129.50000000000003
decision_type=2 2 9 9 9 2 2 9 2 2 2 2 2 2
left_child=1 4 8 10 5 -1 13 11 -2 -7 -3 -5 -9 -4
right_child=2 3 6 7 -6 9 -8 12 -10 -11 -12 -13 -14 -15
leaf_value=-12.501043439872429 -0.82678898897951514 -4.8685175238436695 6.6780051698384444 7.0153934264198234 -12.605385278338638 1.9968040257636244 20.182135498478392 -1.1952052082993236 3.8102408443812963 -1.8312238586046634 0.078998827003260885 2.7514711220321328 0.95091406526696343 6.8096778440943817
leaf_weight=100 95 354 118 57 1053 39 473 255 323 82 43 48 198 706
leaf_count=100 95 354 118 57 1053 39 473 255 323 82 43 48 198 706
internal_value=-0.000897566 -0.0161373 0.0189096 -0.00512042 -0.0243956 -0.011039 0.0226549 0.00221831 0.00658879 0.00123967 -0.0151106 0.0153913 -0.00110151 0.0190777
internal_weight=3944 2229 1715 955 1274 221 1297 558 418 121 397 105 453 824
internal_count=3944 2229 1715 955 1274 221 1297 558 418 121 397 105 453 824
cat_boundaries=0 1 2 3 4
cat_threshold=13569 13585 20 65572
is_linear=0
shrinkage=0.03


Tree=16
num_leaves=15
num_cat=4
split_feature=9 6 9 9 5 6 7 5 9 7 6 6 5 5
split_gain=417.931 86.6345 41.007 29.8005 50.6295 25.972 18.2742 17.9613 15.9952 15.6744 15.458 14.5103 13.9994 12.013
threshold=0 151.50000000000003 1 2 13.500000000000002 73.500000000000014 227.50000000000003 14.500000000000002 3 197.50000000000003 137.50000000000003 170.50000000000003 14.500000000000002 14.500000000000002
decision_type=9 2 9 9 2 2 2 2 9 2 2 2 2 2
left_child=1 2 7 6 -5 -6 -2 -1 11 -9 -4 -3 -10 -7
right_child=3 8 10 4 5 13 -8 9 12 -11 -12 -13 -14 -15
leaf_value=3.7867804784914165 0.36774758077370506 4.3414144192423256 11.224247164835747 -0.68857065489272828 4.0001071716714591 -10.343258417539209 -3.8796458017075688 -3.3977386467159363 1.6616332105092078 2.2360626146872438 10.211550406572634 0.2718829622198814 -2.6563313986899333 -7.6517296368790833
leaf_weight=301 172 429 277 159 31 230 548 56 271 199 192 372 237 440
leaf_count=301 172 429 277 159 31 230 548 56 271 199 192 372 237 440
internal_value=-0.000659172 0.00739761 0.013961 -0.0125283 -0.0164138 -0.0200713 -0.00772603 0.00795053 0.00231474 0.00223529 0.0204802 0.00491985 -0.00185328 -0.0213134
internal_weight=3914 2334 1025 1580 860 701 720 556 1309 255 469 801 508 670
internal_count=3914 2334 1025 1580 860 701 720 556 1309 255 469 801 508 670
cat_boundaries=0 1 2 3 4
cat_threshold=102028 3588 4177 2184
is_linear=0
shrinkage=0.03


Tree=17
num_leaves=15
num_cat=0
split_feature=0 0 0 0 0 3 0 6 8 0 6 6 0 6
split_gain=1235.2 198.022 117.262 26.1644 22.6832 22.2367 12.7295 11.8006 11.7285 10.3798 7.50987 7.44388 7.36658 7.26482
threshold=17.325287500000005 11.849862500000002 24.762381500000004 19.369722000000007 8.5849830000000029 67879.617000000013 12.630421500000002 97.500000000000014 2.5000000000000004 28.134571500000003 166.50000000000003 161.50000000000003 25.985458500000004 177.50000000000003
decision_type=2 2 2 2 2 2 2 2 2 2 2 2 2 2
left_child=1 4 3 -2 -1 6 -3 -6 13 10 -4 -5 -12 -8
right_child=2 5 9 11 7 -7 8 -9 -10 -11 12 -13 -14 -15
leaf_value=-16.65371512332182 1.1890898268425245 -5.6885576235068056 7.4394637048583014 3.3321478960297077 -1.7986315041322587 1.8294224763663021 -3.2474255043442346 -7.9967944195294169 -0.71570168607958062 18.639707586417071 7.9355331631665598 7.603700822533594 0.53365193929295851 -0.013498313626137133
leaf_weight=646 320 115 205 489 53 72 274 446 405 549 31 251 37 51
leaf_count=646 320 115 205 489 53 72 274 446 405 549 31 251 37 51
internal_value=-0.00118661 -0.017226 0.0163868 0.00979245 -0.0255459 -0.00683751 -0.00820118 -0.0207415 -0.00673973 0.0248905 0.0201099 0.0128919 0.0114706 -0.0109846
internal_weight=3944 2062 1882 1060 1145 917 845 499 730 822 273 740 68 325
internal_count=3944 2062 1882 1060 1145 917 845 499 730 822 273 740 68 325
is_linear=0
shrinkage=0.03


Tree=18
num_leaves=15
num_cat=4
split_feature=0 0 0 9 9 0 0 9 9 0 5 0 0 0
split_gain=1155.72 167.204 130.118 120.198 72.0664 52.1613 27.7405 19.9601 18.2981 14.1758 12.5295 11.8596 11.8174 10.5305
threshold=16.801208500000005 10.075625000000002 24.762381500000004 0 1 13.4889165 19.964788000000002 2 3 29.448273000000004 14.500000000000002 11.347125000000002 14.215615000000001 8.2848845000000022
decision_type=2 2 2 9 9 2 2 9 9 2 2 2 2 2
left_child=1 13 4 11 6 -5 -2 -6 -7 -4 -10 -3 -13 -1
right_child=2 3 9 5 7 8 -8 -9 10 -11 -12 12 -14 -15
leaf_value=-16.724347746469633 -1.3905927278667194 -0.011462160739644105 7.7963425454831459 -7.7361357322983029 4.0566198357423424 -0.77627400609153252 1.34549780313366 7.065458113170668 -7.4894583275223408 19.482115973372458 -3.9959050092976907 5.9765236692215078 1.4642843353359194 -8.0719443385227869
leaf_weight=583 216 64 380 363 424 267 267 253 68 414 178 99 53 275
leaf_count=583 216 64 380 363 424 267 267 253 68 414 178 99 53 275
internal_value=-0.000952869 -0.0172923 0.0153531 -0.00950549 0.00894828 -0.0143567 -6.08519e-05 0.0151528 -0.00836257 0.0247103 -0.0140625 0.010354 0.0153947 -0.0272028
internal_weight=3904 1950 1954 1092 1160 876 483 677 513 794 246 216 152 858
internal_count=3904 1950 1954 1092 1160 876 483 677 513 794 246 216 152 858
cat_boundaries=0 1 2 3 4
cat_threshold=32820 45321 3152 68296
is_linear=0
shrinkage=0.03


Tree=19
num_leaves=15
num_cat=0
split_feature=0 0 0 5 0 0 6 6 5 6 6 0 0 6
split_gain=1126.88 235.946 84.3965 25.0189 23.2996 16.3004 14.1978 13.6207 12.9976 11.2716 11.1171 10.9351 10.4 9.29161
threshold=18.328822000000002 11.174585000000002 24.891315000000002 12.500000000000002 8.5849830000000029 16.080482000000003 96.500000000000014 128.50000000000003 12.500000000000002 84.500000000000014 179.50000000000003 13.285151500000001 30.554211500000005 165.50000000000003
decision_type=2 2 2 2 2 2 2 2 2 2 2 2 2 2
left_child=1 4 13 7 -1 9 -6 -3 -8 -5 -7 -11 -4 -2
right_child=2 3 12 5 6 10 8 -9 -10 11 -12 -13 -14 -15
leaf_value=-15.519357081574391 2.7218107835999694 10.036461286419865 7.7826057054882041 5.2102437667363581 -1.2793835787542116 -0.69335219493437306 -1.8999825149223364 0.91229292263953532 -7.8636030985560614 -5.1759910995235083 4.3648164513341152 -2.3137216592996697 20.295240615087241 6.1136375997076149
leaf_weight=640 665 31 433 30 47 295 32 87 328 246 39 441 363 261
leaf_count=640 665 31 433 30 47 295 32 87 328 246 39 441 363 261
internal_value=-0.001097 -0.0152437 0.017108 -0.00597947 -0.0255874 -0.00745005 -0.0199754 0.00711864 -0.022 -0.01 -0.00197605 -0.010786 0.0242714 0.0109503
internal_weight=3938 2216 1722 1169 1047 1051 407 118 360 717 334 687 796 926
internal_count=3938 2216 1722 1169 1047 1051 407 118 360 717 334 687 796 926
is_linear=0
shrinkage=0.03


Tree=20
num_leaves=15
num_cat=0
split_feature=0 0 0 5 0 0 6 0 6 0 6 7 0 6
split_gain=1111.25 168.592 111.27 32.776 29.0907 19.2914 18.6407 27.205 16.6331 11.7134 9.74627 9.73194 10.6669 9.3731
threshold=16.801208500000005 10.743971500000002 24.891315000000002 12.500000000000002 18.510433000000003 8.2848845000000022 81.500000000000014 13.285151500000001 122.50000000000001 31.344886000000006 96.500000000000014 259.50000000000006 27.253774000000003 148.50000000000003
decision_type=2 2 2 2 2 2 2 2 2 2 2 2 2 2
left_child=1 5 4 8 -2 -1 -5 -8 -3 11 -7 -4 -13 -9
right_child=2 3 9 6 -6 10 7 13 -10 -11 -12 12 -14 -15
leaf_value=-15.912752131582046 0.015452275997437254 8.3646228941089245 9.2696057932834606 5.40964920471614 3.7981933291496577 -1.2936801985147826 -5.6378065618773086 -3.3550350839637111 -0.1840581125109452 19.907140170218131 -7.0932364080514274 4.3200061225932922 -0.20943396608413764 -1.1829581476171245
leaf_weight=598 270 31 417 33 869 42 308 250 67 298 342 36 34 308
leaf_count=598 270 31 417 33 869 42 308 250 67 298 342 36 34 308
internal_value=-0.00142198 -0.0172057 0.0148129 -0.00851555 0.00882353 -0.0260285 -0.0103115 -0.0111547 0.00795918 0.0235032 -0.0207813 0.0206366 0.0102857 -0.0072043
internal_weight=3903 1979 1924 997 1139 982 899 866 98 785 384 487 70 558
internal_count=3903 1979 1924 997 1139 982 899 866 98 785 384 487 70 558
is_linear=0
shrinkage=0.03


Tree=21
num_leaves=15
num_cat=5
split_feature=9 6 5 5 9 5 6 9 6 5 5 9 2 9
split_gain=341.265 67.8319 28.0062 20.8368 19.4758 48.2346 28.396 18.9693 16.4298 12.7343 10.438 9.04783 8.76155 8.42097
threshold=0 140.50000000000003 11.500000000000002 15.500000000000002 1 13.500000000000002 90.500000000000014 2 169.50000000000003 14.500000000000002 14.500000000000002 3 218.50000000000003 4
decision_type=9 2 2 2 9 2 2 9 2 2 2 9 2 9
left_child=1 3 -3 13 6 -6 12 10 9 11 -4 -9 -2 -1
right_child=4 2 7 -5 5 -7 -8 8 -10 -11 -12 -13 -14 -15
leaf_value=10.409674788274641 -2.8356837103453199 12.694820232344746 -0.82220268994037493 -0.8440223279178849 -0.67171160139507491 -8.6350822880126312 -3.3161007555800746 1.3288667066369055 -0.35880578355873466 1.4885854835563737 -5.7217084728165828 5.6449664287735617 2.514672756481243 3.1835946266907067
leaf_weight=290 45 91 101 60 199 633 644 122 573 459 47 321 71 274
leaf_count=290 45 91 101 60 199 633 644 122 573 459 47 321 71 274
internal_value=-0.000977099 0.00631175 0.00325554 0.0148077 -0.0116479 -0.0149644 -0.00787013 0.0023475 0.00337374 0.00592018 -0.00759494 0.00954853 0.00568966 0.0165957
internal_weight=3930 2338 1714 624 1592 832 760 1623 1475 902 148 443 116 564
internal_count=3930 2338 1714 624 1592 832 760 1623 1475 902 148 443 116 564
cat_boundaries=0 1 2 3 4 5
cat_threshold=102028 4432 516 8 98440
is_linear=0
shrinkage=0.03


Tree=22
num_leaves=15
num_cat=4
split_feature=9 6 9 6 6 9 6 4 2 9 3 2 3 6
split_gain=320.701 59.1977 30.3054 23.2925 22.7153 19.4912 12.2916 9.65648 9.20003 8.89849 7.79866 7.73801 7.61294 7.30343
threshold=0 134.50000000000003 1 103.50000000000001 167.50000000000003 2 71.500000000000014 1.0000000180025095e-35 201.45000000000002 3 13257.596500000001 102.45000000000002 3450.1600000000003 148.50000000000003
decision_type=9 2 9 2 2 9 2 2 2 9 2 2 2 2
left_child=1 -1 3 -2 5 11 -4 -8 -7 -5 -10 12 -3 -12
right_child=2 4 6 9 -6 8 7 -9 10 -11 13 -13 -14 -15
leaf_value=6.5479965058917466 0.97228654321399288 -6.4255646887129316 2.2185219307431954 -1.1839512840226325 0.14590788876781402 6.5559277269062033 -5.9349042497042257 -9.9840159444678171 0.29826489483955126 -3.0061681128564191 10.163421610886159 1.3219741862354135 -0.39443042874497675 2.0059584182253523
leaf_weight=420 134 31 31 377 646 562 808 147 159 293 67 107 48 81
leaf_count=420 134 31 31 377 646 562 808 147 159 293 67 107 48 81
internal_value=-0.000713373 0.00716565 -0.0100333 -0.00552826 0.00470899 0.0074218 -0.0136145 -0.014356 0.00924915 -0.0078806 0.00517915 -0.00153061 -0.00873418 0.0101351
internal_weight=3911 2121 1790 804 1701 1055 986 955 869 670 307 186 79 148
internal_count=3911 2121 1790 804 1701 1055 986 955 869 670 307 186 79 148
cat_boundaries=0 1 2 3 4
cat_threshold=100492 5712 32772 1600
is_linear=0
shrinkage=0.03


Tree=23
num_leaves=15
num_cat=6
split_feature=0 0 9 9 0 9 0 0 9 0 9 9 6 7
split_gain=997.382 220.673 81.2561 68.5231 33.5384 27.1702 28.677 25.324 24.0293 18.941 15.9356 15.2927 15.482 11.0766
threshold=18.328822000000002 11.174585000000002 0 1 31.344886000000006 2 14.957541000000001 8.4006795000000007 3 19.369722000000007 4 5 144.50000000000003 240.50000000000003
decision_type=2 2 9 9 2 9 2 2 9 2 9 9 2 2
left_child=1 7 -3 9 10 -4 11 -1 13 -2 -5 12 -7 -9
right_child=3 2 5 4 -6 6 -8 8 -10 -11 -12 -13 -14 -15
leaf_value=-14.854630273430159 -1.2082003457916699 4.0001270528226245 -4.9031765595769956 4.3011388324580411 21.49593664116615 2.8027229808208083 0.14480906595286569 1.2539829846328336 -8.2109385547565275 2.7180231127616388 10.137823436534399 -4.2847020041462045 -4.2906466950739173 -3.1584192720390933
leaf_weight=599 64 144 265 687 267 46 383 48 315 407 290 251 61 67
leaf_count=599 64 144 265 687 267 46 383 48 315 407 290 251 61 67
internal_value=-0.00124807 -0.0147178 -0.00568696 0.0158659 0.0195215 -0.0086811 -0.0055526 -0.0248105 -0.0192558 0.00567568 0.0171034 -0.0117318 -0.00128205 -0.00552
internal_weight=3894 2179 1150 1715 1244 1006 741 1029 430 471 977 358 107 115
internal_count=3894 2179 1150 1715 1244 1006 741 1029 430 471 977 358 107 115
cat_boundaries=0 1 2 3 4 5 6
cat_threshold=32804 13633 24833 33044 34824 66128
is_linear=0
shrinkage=0.03


Tree=24
num_leaves=15
num_cat=6
split_feature=0 0 0 9 0 9 0 9 9 5 9 9 7 7
split_gain=1026.79 227.258 81.8997 64.599 41.2333 36.0639 24.1247 31.5247 21.9972 21.8053 18.1861 16.8128 25.2442 12.6919
threshold=18.089131000000005 11.174585000000002 25.780628000000004 0 13.285151500000001 1 7.8460675000000011 2 3 14.500000000000002 4 5 256.50000000000006 262.50000000000006
decision_type=2 2 2 9 2 9 2 9 9 2 9 9 2 2
left_child=1 6 5 -3 -5 -2 -1 -8 9 -6 -7 12 -4 -10
right_child=2 3 11 4 8 10 7 -9 13 -11 -12 -13 -14 -15
leaf_value=-15.239916631979257 0.4254180884143659 5.1081196468971823 5.3070568137163106 -5.3968784604781082 -5.4380323635378751 11.392989948678869 -2.0909598899797923 -8.0531680071063274 -0.60031354144323135 -2.4271206939871419 3.6822839464544983 15.778765723828068 -2.6020512536088267 2.780445146134424
leaf_weight=525 280 141 152 232 91 101 128 384 326 239 618 553 33 98
leaf_count=525 280 141 152 232 91 101 128 384 326 239 618 553 33 98
internal_value=-0.00109972 -0.0148891 0.0160794 -0.00556344 -0.00825301 0.0104805 -0.0250241 -0.0203906 -0.00493369 -0.0105882 0.0139506 0.0236585 0.0130769 -0.000276498
internal_weight=3901 2164 1737 1127 986 999 1037 512 754 330 719 738 185 424
internal_count=3901 2164 1737 1127 986 999 1037 512 754 330 719 738 185 424
cat_boundaries=0 1 2 3 4 5 6
cat_threshold=52 12545 33044 13569 132 33793
is_linear=0
shrinkage=0.03


Tree=25
num_leaves=15
num_cat=4
split_feature=0 0 9 0 0 9 0 9 9 0 0 6 5 6
split_gain=983.087 199.077 90.4118 82.7014 59.8267 49.0738 22.3867 21.636 14.9645 15.4737 13.8325 13.9787 13.1172 12.1235
threshold=18.089131000000005 9.7689590000000024 0 28.134571500000003 13.285151500000001 1 19.964788000000002 2 3 23.673807500000006 7.2407740000000009 103.50000000000001 12.500000000000002 107.50000000000001
decision_type=2 2 9 2 2 9 2 9 9 2 2 2 2 2
left_child=1 10 12 5 -4 6 -2 -6 9 -7 -1 -12 -3 -14
right_child=3 2 4 -5 7 8 -8 -9 -10 -11 11 -13 13 -15
leaf_value=-16.147431051295595 -1.1682297624101261 5.5486247602770984 -6.5224039551569017 14.878786100266717 -0.078977492007702488 3.5784445538457734 2.4892171915983443 -3.1453805953035507 9.6496497177744303 5.0220915104242243 -2.6939742059664127 -7.5623791492442907 5.0874684721656509 0.027632732539282185
leaf_weight=437 117 73 340 562 311 354 372 404 179 195 63 344 45 147
leaf_count=437 117 73 340 562 311 354 372 404 179 195 63 344 45 147
internal_value=-0.00105757 -0.0146396 -0.00736364 0.0154637 -0.0112394 0.0110682 0.00342685 -0.00641958 0.015935 0.0128265 -0.026019 -0.0220393 0.00818182 0.004375
internal_weight=3943 2164 1320 1779 1055 1217 489 715 728 549 844 407 265 192
internal_count=3943 2164 1320 1779 1055 1217 489 715 728 549 844 407 265 192
cat_boundaries=0 1 2 3 4
cat_threshold=32820 13577 2248 100416
is_linear=0
shrinkage=0.03


Tree=26
num_leaves=15
num_cat=5
split_feature=0 0 0 9 9 0 9 0 9 9 0 5 7 0
split_gain=946.672 157.282 107.081 104.321 50.6662 46.7545 20.6765 20.5903 20.3739 19.1712 17.6613 16.9871 16.8676 15.3598
threshold=16.801208500000005 9.5176385000000021 24.891315000000002 0 1 13.285151500000001 2 21.995953000000004 3 4 11.651130000000002 14.500000000000002 212.50000000000003 14.215615000000001
decision_type=2 2 2 9 9 2 9 2 9 9 2 2 2 2
left_child=1 -1 4 10 7 -5 -4 12 -6 -7 -3 -11 -2 -12
right_child=2 3 6 5 8 9 -8 -9 -10 11 13 -13 -14 -15
leaf_value=-11.435939052253122 2.2746956502119406 -0.094100110540089182 2.6761287377533289 -6.1664494146922557 9.1243914375689172 -0.35576384842235254 14.30276508338617 2.1790144961636395 3.2175664533474944 -6.3938323024323553 5.3640700173481441 -3.0510191774444442 -1.6365921404639152 0.96842798904067873
leaf_weight=801 65 107 204 394 122 241 585 110 656 94 86 182 212 51
leaf_count=801 65 107 204 394 122 241 585 110 656 94 86 182 212 51
internal_value=-0.00113555 -0.0158896 0.0136336 -0.00880519 0.00785408 -0.0133876 0.0221673 -0.0011335 0.0121827 -0.00760155 0.00850394 -0.0127972 -0.00552347 0.0159854
internal_weight=3910 1956 1954 1155 1165 911 789 387 778 517 244 276 277 137
internal_count=3910 1956 1954 1155 1165 911 789 387 778 517 244 276 277 137
cat_boundaries=0 1 2 3 4 5
cat_threshold=32820 45329 33857 132 2760
is_linear=0
shrinkage=0.03


Tree=27
num_leaves=15
num_cat=7
split_feature=0 0 9 0 9 9 0 9 0 9 9 5 9 5
split_gain=881.738 197.88 80.7157 76.6676 39.2078 38.6388 32.5162 33.2874 28.8686 25.7139 17.3975 14.6778 12.4755 10.7989
threshold=18.694475500000006 10.743971500000002 0 28.263640500000005 1 2 8.0770035000000018 3 14.957541000000001 4 5 14.500000000000002 6 15.500000000000002
decision_type=2 2 9 2 9 9 2 9 2 9 9 2 9 2
left_child=1 6 -3 5 -4 -2 -1 -8 9 11 -5 -6 -7 -10
right_child=3 2 4 10 8 12 7 -9 13 -11 -12 -13 -14 -15
leaf_value=-13.649374348790259 0.99233771020012229 5.0427222848376596 -5.1948941892938683 1.8902469827759569 -2.5725514663049944 3.764799044168567 -7.8826152907145408 -2.2113079449511632 -0.47954000675909125 -3.8559958620907135 16.361960611134894 3.3678037037267585 7.0247611488470394 4.824898036418622
leaf_weight=548 402 109 284 119 48 467 209 199 335 322 423 53 241 118
leaf_count=548 402 109 284 119 48 467 209 199 335 322 423 53 241 118
internal_value=-0.00127676 -0.0136045 -0.00583924 0.0153269 -0.00815385 0.0108108 -0.0239121 -0.0175 -0.00487585 -0.0105674 0.0245756 0.00297297 0.0149582 0.000331126
internal_weight=3877 2225 1269 1652 1160 1110 956 408 876 423 542 101 708 453
internal_count=3877 2225 1269 1652 1160 1110 956 408 876 423 542 101 708 453
cat_boundaries=0 1 2 3 4 5 6 7
cat_threshold=36 24833 13321 92865 98320 32769 67904
is_linear=0
shrinkage=0.03


Tree=28
num_leaves=15
num_cat=6
split_feature=0 0 9 0 9 0 0 9 6 9 5 9 9 6
split_gain=879.967 203.121 80.4498 71.5899 40.0301 31.8238 31.7624 31.0759 23.1184 20.1485 16.7644 30.1842 14.4941 14.307
threshold=18.173508500000004 10.743971500000002 0 28.263640500000005 1 13.285151500000001 7.8460675000000011 2 113.50000000000001 3 15.500000000000002 4 5 137.50000000000003
decision_type=2 2 9 2 9 2 2 9 2 9 2 9 9 2
left_child=1 6 8 4 -2 -4 -1 -8 -3 -5 11 -7 -6 -12
right_child=3 2 5 9 12 10 7 -9 -10 -11 13 -13 -14 -15
leaf_value=-13.444894230071581 1.0846573826680934 6.0478348383449543 -5.830692157290434 1.7538422235624624 11.942334112813091 1.3865961789338417 -1.0214686108360138 -6.9056714076783283 0.76504844433541841 16.733196157823635 -3.2601703656115726 -2.731499042822604 3.6921162291032168 1.6851127193003526
leaf_weight=532 444 71 221 116 115 111 105 326 256 398 70 351 655 119
leaf_count=532 444 71 221 116 115 111 105 326 256 398 70 351 655 119
internal_value=-0.00106427 -0.0138205 -0.00557965 0.0148958 0.0109226 -0.0102721 -0.024081 -0.0180278 0.00703264 0.0242802 -0.00705069 -0.0101299 0.015 0.00047619
internal_weight=3890 2162 1199 1728 1214 872 963 431 327 514 651 462 770 189
internal_count=3890 2162 1199 1728 1214 872 963 431 327 514 651 462 770 189
cat_boundaries=0 1 2 3 4 5 6
cat_threshold=98484 13321 33044 32769 584 132
is_linear=0
shrinkage=0.03


Tree=29
num_leaves=15
num_cat=0
split_feature=0 0 0 0 6 0 0 6 3 6 3 6 6 0
split_gain=784.277 210.528 78.21 31.6451 17.8086 22.3717 17.3093 12.1395 9.3727 10.0117 8.66677 8.31779 8.08999 9.3475
threshold=18.602377000000001 10.364357000000002 29.638791000000001 7.2407740000000009 84.500000000000014 13.285151500000001 23.673807500000006 120.50000000000001 7043.1775000000007 164.50000000000003 34509.83400000001 165.50000000000003 135.50000000000003 15.346214500000002
decision_type=2 2 2 2 2 2 2 2 2 2 2 2 2 2
left_child=1 3 6 -1 -3 -6 8 -5 9 -2 -10 -12 13 -7
right_child=2 4 -4 7 5 12 -8 -9 10 -11 11 -13 -14 -15
leaf_value=-14.709151419450638 0.13251890798504745 4.6931049200130381 14.973287119894184 -2.5835353690595935 -3.8018504179822035 -0.51711878857444615 4.6160623085113492 -6.3851770597769608 3.8759281988172143 4.8669856596728431 0.32557396532982236 11.72221820073921 -0.30410020047177794 -2.063271060937327
leaf_weight=433 214 60 397 113 390 123 538 375 294 99 111 31 612 126
leaf_count=433 214 60 397 113 390 123 538 375 294 99 111 31 612 126
internal_value=-0.00102656 -0.0126882 0.0144299 -0.0236808 -0.00496568 -0.00573141 0.0108392 -0.0184426 0.00789052 0.00392971 0.0107339 0.00464789 -0.00303136 -0.00759036
internal_weight=3916 2232 1684 921 1311 1251 1287 488 749 313 436 142 861 249
internal_count=3916 2232 1684 921 1311 1251 1287 488 749 313 436 142 861 249
is_linear=0
shrinkage=0.03


Tree=30
num_leaves=15
num_cat=5
split_feature=0 0 9 0 9 0 9 0 9 0 0 7 9 5
split_gain=821.753 144.806 121.594 114.964 39.044 26.1611 25.3015 24.1895 20.7202 18.916 18.844 16.8473 14.2571 13.5396
threshold=16.080482000000003 10.132813500000003 0 25.564024500000006 1 12.875887000000002 2 7.2407740000000009 3 19.369722000000007 18.694475500000006 254.50000000000003 4 15.500000000000002
decision_type=2 2 9 2 9 2 9 2 9 2 2 2 9 2
left_child=1 7 -3 4 9 -4 11 -1 -9 -2 -6 -5 -12 -7
right_child=3 2 5 6 10 13 -8 8 -10 -11 12 -13 -14 -15
leaf_value=-14.34728877617472 -1.4556288842460616 3.1577877775381533 -6.3600687279219459 4.647614130591263 1.4229515734895892 -3.6116741394678775 13.280807909011154 -1.2816727088599793 -6.294769763277638 1.2132208800596855 2.9351839365045018 -1.7849031110435316 6.5478386871332983 -0.4772188832632423
leaf_weight=427 206 227 255 148 248 311 569 106 359 298 375 34 198 118
leaf_count=427 206 227 255 148 248 311 569 106 359 298 375 34 198 118
internal_value=-0.000873937 -0.0156905 -0.00727772 0.0119942 0.00667925 -0.013487 0.0213715 -0.0242825 -0.0195484 0 0.0106498 0.0096875 0.0137696 -0.00916084
internal_weight=3879 1803 911 2076 1325 684 751 892 465 504 821 182 573 429
internal_count=3879 1803 911 2076 1325 684 751 892 465 504 821 182 573 429
cat_boundaries=0 1 2 3 4 5
cat_threshold=33332 46353 33793 312 2120
is_linear=0
shrinkage=0.03


Tree=31
num_leaves=15
num_cat=6
split_feature=0 0 9 0 0 9 9 6 0 9 9 0 6 9
split_gain=814.605 191.688 75.1891 66.2137 46.4302 31.9747 29.7414 19.263 18.6848 18.0138 17.1282 14.1962 13.8835 13.5521
threshold=18.510433000000003 9.3337420000000026 0 28.263640500000005 12.875887000000002 1 2 137.50000000000003 7.2407740000000009 3 4 19.964788000000002 104.50000000000001 5
decision_type=2 2 9 2 2 9 9 2 2 9 9 2 2 9
left_child=1 8 7 5 -4 11 -5 -3 -1 -6 12 -2 -10 -7
right_child=3 2 4 6 9 13 -8 -9 10 -11 -12 -13 -14 -15
leaf_value=-13.609714321815346 -1.8301345547841219 3.5406687320153605 -6.720464068007229 1.4830127949977576 -3.4786156011877596 11.290131579340603 15.069445734954314 -0.16608305294370096 0.99440430255698398 -0.54683743699677956 -6.7127172035500209 1.6695662987826585 -3.8076515267735793 3.4219940792794747
leaf_weight=442 57 143 329 113 204 112 420 264 31 504 229 294 83 678
leaf_count=442 57 143 329 113 204 112 420 264 31 504 229 294 83 678
internal_value=-0.001299 -0.0131763 -0.00668975 0.0145161 -0.0109169 0.0104382 0.0232458 0.0042446 -0.0251083 -0.00669492 -0.0198542 0.00257618 -0.00774194 0.013725
internal_weight=3903 2229 1444 1674 1037 1141 533 407 785 708 343 351 114 790
internal_count=3903 2229 1444 1674 1037 1141 533 407 785 708 343 351 114 790
cat_boundaries=0 1 2 3 4 5 6
cat_threshold=98420 12297 32769 8449 4404 132
is_linear=0
shrinkage=0.03


Tree=32
num_leaves=15
num_cat=4
split_feature=0 0 0 9 9 9 0 0 0 9 7 3 4 7
split_gain=783.529 127.589 116.969 97.0492 43.9474 25.8015 25.5702 22.4814 21.4341 23.9713 16.3636 15.6655 14.8584 13.1224
threshold=16.080482000000003 9.5176385000000021 27.113121000000003 0 1 2 19.369722000000007 12.875887000000002 7.2407740000000009 3 250.50000000000003 4306.3290000000006 1.0000000180025095e-35 252.50000000000003
decision_type=2 2 2 9 9 9 2 2 2 9 2 2 2 2
left_child=1 8 4 -3 -2 10 11 -5 -1 -10 -4 -6 13 -8
right_child=2 3 5 7 6 -7 12 -9 9 -11 -12 -13 -14 -15
leaf_value=-13.290688548546298 8.1485477389059113 2.6636904943839701 6.3186075752598025 -5.5302976669166322 -1.999584236130745 13.199018590123892 1.6406319046754481 -2.4940729783793585 -1.0835091529412693 -6.7429291697534754 -2.5112683945086656 0.39634027540287775 -0.09827827593814617 3.5125509252285383
leaf_weight=444 225 239 132 358 125 475 512 450 101 262 30 354 97 181
leaf_count=444 225 239 132 358 125 475 512 450 101 262 30 354 97 181
internal_value=-0.00127227 -0.015534 0.0111356 -0.00862464 0.00654618 0.0218995 0.0042455 -0.0134963 -0.0244981 -0.0190909 0.0094186 -0.00118998 0.00759494 0.0091342
internal_weight=3985 1854 2131 1047 1494 637 1269 808 807 363 162 479 790 693
internal_count=3985 1854 2131 1047 1494 637 1269 808 807 363 162 479 790 693
cat_boundaries=0 1 2 3 4
cat_threshold=32820 196 33793 308
is_linear=0
shrinkage=0.03


Tree=33
num_leaves=15
num_cat=3
split_feature=9 7 9 5 6 6 5 3 4 5 7 6 7 9
split_gain=230.656 45.999 31.147 23.4374 17.9061 14.7471 14.2848 12.8223 12.2794 12.1765 11.9766 13.8572 9.81081 9.59931
threshold=0 204.50000000000003 1 11.500000000000002 168.50000000000003 103.50000000000001 13.500000000000002 3883.8870000000006 1.0000000180025095e-35 12.500000000000002 201.50000000000003 118.50000000000001 252.50000000000003 2
decision_type=9 2 9 2 2 2 2 2 2 2 2 2 2 9
left_child=1 -1 6 -3 7 12 -2 -5 -9 -7 11 -8 -4 -11
right_child=2 3 5 4 -6 9 10 8 -10 13 -12 -13 -14 -15
leaf_value=7.4747160861747259 -1.4097893907128263 11.653733995152066 1.3686107341756042 -0.33679930174422679 -0.96922458984972304 2.6230272066303337 -5.5505337576611806 2.572379900218623 -1.0158704355486656 -6.0351843143570179 -5.6924329199726866 5.8245157397108116 -1.2375233274818129 -1.4914632136226169
leaf_weight=363 108 98 111 272 567 61 75 692 115 134 638 31 37 604
leaf_count=363 108 98 111 272 567 61 75 692 115 134 638 31 37 604
internal_value=-0.00184332 0.00488899 -0.00970149 0.00288991 0.00204131 -0.00579937 -0.0139211 0.00430955 0.00620818 -0.00747184 -0.0155645 -0.00622642 0.00283784 -0.00853659
internal_weight=3906 2107 1799 1744 1646 947 852 1079 807 799 744 106 148 738
internal_count=3906 2107 1799 1744 1646 947 852 1079 807 799 744 106 148 738
cat_boundaries=0 1 2 3
cat_threshold=100492 24833 48
is_linear=0
shrinkage=0.03


Tree=34
num_leaves=15
num_cat=3
split_feature=9 7 9 5 6 5 7 6 6 6 9 5 8 6
split_gain=227.291 47.6287 24.9343 24.6696 22.2825 19.2105 18.9495 17.6486 12.8976 12.6437 10.1917 8.33062 7.31267 13.8355
threshold=0 204.50000000000003 1 13.500000000000002 167.50000000000003 11.500000000000002 215.50000000000003 92.500000000000014 121.50000000000001 73.500000000000014 2 14.500000000000002 1.5000000000000002 197.50000000000003
decision_type=9 2 9 2 2 2 2 2 2 2 9 2 2 2
left_child=1 -1 7 -4 5 -3 8 -2 9 -5 -7 -9 -6 -14
right_child=2 4 3 6 12 10 -8 11 -10 -11 -12 -13 13 -15
leaf_value=7.1121638774767257 1.4567857690967934 12.681812713060825 -1.1799230895850359 1.8979053083622444 -2.220457763020927 -0.029913381002984352 -6.1753870364215278 -0.4826038302361485 1.6206359210584684 -6.1183041922136061 2.3169585353278559 -2.0657338142907222 1.3305780605053064 -4.0611971439593955
leaf_weight=373 88 61 185 31 176 289 605 287 58 98 781 415 406 47
leaf_count=373 88 61 185 31 176 289 605 287 58 98 781 415 406 47
internal_value=-0.00130769 0.00527765 -0.00923467 -0.0124924 0.00323864 0.00575597 -0.0149242 -0.0051 -0.00657754 -0.0118605 0.00482243 -0.00675214 -0.00128776 0.000728477
internal_weight=3900 2133 1767 977 1760 1131 792 790 187 129 1070 702 629 453
internal_count=3900 2133 1767 977 1760 1131 792 790 187 129 1070 702 629 453
cat_boundaries=0 1 2 3
cat_threshold=100492 5712 32772
is_linear=0
shrinkage=0.03


Tree=35
num_leaves=15
num_cat=4
split_feature=0 0 0 9 9 0 9 0 6 6 0 9 0 6
split_gain=724.728 121.778 96.0338 68.0836 45.6597 37.9604 38.5302 21.0715 18.5268 17.9405 16.754 15.8399 12.4149 11.8767
threshold=16.165595000000003 11.174585000000002 31.344886000000006 0 1 6.974247000000001 2 19.964788000000002 137.50000000000003 96.500000000000014 12.875887000000002 3 23.673807500000006 156.50000000000003
decision_type=2 2 2 9 9 2 9 2 2 2 2 9 2 2
left_child=1 5 4 8 7 -1 9 -2 -3 -7 -5 -6 -13 -9
right_child=2 3 -4 10 11 6 -8 13 -10 -11 -12 12 -14 -15
leaf_value=-13.05567808901313 -0.54150390953323035 4.4044182550022422 14.893369660087648 -6.633917224187651 10.34108064892267 1.5423155529703445 -6.2560732003506425 2.6326615811776661 0.044710147912271618 -3.0686206516262153 -2.4018408974157204 2.8877176326574885 4.4641263410052554 -0.070043568321123073
leaf_weight=400 281 107 304 171 129 47 391 292 122 205 430 531 372 146
leaf_count=400 281 107 304 171 129 47 391 292 122 205 430 531 372 146
internal_value=-0.001222 -0.0147197 0.0110803 -0.00614458 0.00837807 -0.0215436 -0.0170295 0.00242798 0.0076569 -0.00687023 -0.0113421 0.01238 0.0106791 0.00657534
internal_weight=3928 1873 2055 830 1751 1043 643 719 229 252 601 1032 903 438
internal_count=3928 1873 2055 830 1751 1043 643 719 229 252 601 1032 903 438
cat_boundaries=0 1 2 3 4
cat_threshold=98868 14089 37172 128
is_linear=0
shrinkage=0.03


Tree=36
num_leaves=15
num_cat=4
split_feature=0 0 0 9 9 0 0 0 9 0 3 0 9 7
split_gain=705.465 123.86 108.354 83.4299 52.8532 31.1834 27.2168 24.9125 16.5337 15.4281 15.0648 12.9508 12.7764 11.3687
threshold=16.080482000000003 8.0770035000000018 31.136494500000001 0 1 13.285151500000001 20.395902500000002 11.4810505 2 21.752200000000006 17881.465000000004 14.215615000000001 3 212.50000000000003
decision_type=2 2 2 9 9 2 2 2 9 2 2 2 9 2
left_child=1 -1 4 7 9 -5 8 -3 -6 -2 -10 -9 13 -8
right_child=2 3 -4 5 6 -7 12 11 10 -11 -12 -13 -14 -15
leaf_value=-10.833157305226958 3.0997922483389195 -0.88810702515454976 14.383310572547106 -5.0947250039514138 2.7441479872585441 -2.2766866945496234 5.3425424224957272 4.6379582161161501 -1.5131899343863142 10.505979056156077 0.75017980030693709 0.32851407967469298 4.0436322653029579 -0.23714146255701279
leaf_weight=561 127 156 327 565 224 408 52 98 220 164 130 44 653 199
leaf_count=561 127 156 327 565 224 408 52 98 220 164 130 44 653 199
internal_value=-0.00123727 -0.0148362 0.0106489 -0.00965382 0.00771622 -0.013825 0.00528226 0.00428571 0.000209059 0.0192359 -0.00383333 0.0135211 0.00856195 0.00241379
internal_weight=3928 1832 2096 1271 1769 973 1478 298 574 291 350 142 904 251
internal_count=3928 1832 2096 1271 1769 973 1478 298 574 291 350 142 904 251
cat_boundaries=0 1 2 3 4
cat_threshold=32820 65668 2112 13313
is_linear=0
shrinkage=0.03


Tree=37
num_leaves=15
num_cat=5
split_feature=0 0 0 9 9 0 9 0 0 9 0 9 6 0
split_gain=645.795 124.042 113.473 79.6702 51.0052 28.5532 27.0974 26.1147 25.3664 28.4284 17.1349 13.707 13.2802 12.4709
threshold=16.080482000000003 9.6317150000000016 31.344886000000006 0 1 26.422835000000003 2 12.875887000000002 7.0913760000000012 3 19.964788000000002 4 109.50000000000001 18.440879500000005
decision_type=2 2 2 9 9 2 9 2 2 9 2 9 2 2
left_child=1 8 4 12 10 6 -6 -5 -1 -10 -2 -9 -3 -8
right_child=2 3 -4 7 5 -7 13 11 9 -11 -12 -13 -14 -15
leaf_value=-12.427682352061421 -1.0999169426795525 3.8113051505690247 13.898309535406545 -4.9119630194742605 7.3369813467901777 9.7542200625107984 -0.0620542775233082 0.54833912712852217 -0.58817126694773836 -6.0219349333128065 1.3306396751402281 -3.2440582016165238 0.71652751124546277 2.5292345161067398
leaf_weight=410 290 78 306 342 142 151 162 107 108 295 583 347 150 461
leaf_count=410 290 78 306 342 142 151 162 107 108 295 583 347 150 461
internal_value=-0.00140387 -0.0143876 0.00998091 -0.00744141 0.00709335 0.011987 0.00976471 -0.0118362 -0.0231365 -0.0177916 0.00180068 -0.00726872 0.00806723 0.00668246
internal_weight=3932 1837 2095 1024 1789 916 765 796 813 403 873 454 228 623
internal_count=3932 1837 2095 1024 1789 916 765 796 813 403 873 454 228 623
cat_boundaries=0 1 2 3 4 5
cat_threshold=32820 46345 132 33044 66248
is_linear=0
shrinkage=0.03


Tree=38
num_leaves=15
num_cat=0
split_feature=0 0 0 5 0 0 6 0 4 6 3 0 5 6
split_gain=633.165 133.745 98.6308 35.4424 29.2858 25.2013 24.8984 13.0668 12.2553 11.6127 9.78415 9.26861 10.8607 8.84111
threshold=16.253675000000005 8.2848845000000022 31.344886000000006 12.500000000000002 19.369722000000007 11.174585000000002 96.500000000000014 6.974247000000001 1.0000000180025095e-35 122.50000000000001 2466.0780000000004 23.673807500000006 12.500000000000002 174.50000000000003
decision_type=2 2 2 2 2 2 2 2 2 2 2 2 2 2
left_child=1 7 4 9 10 6 -5 -1 11 -3 -2 -6 -13 -12
right_child=2 3 -4 5 8 -7 -8 -9 -10 -11 13 12 -14 -15
leaf_value=-12.327389713444006 -1.6139370046770591 4.9700522914888312 14.024039277902011 0.65279832517136127 2.4888572168444671 -2.2287294466522551 -4.7010208848936959 -4.9498303957601726 0.89189017354933642 0.16699577337933874 0.19665897760934967 1.2176207553895437 4.7745739938087013 4.9280561475730931
leaf_weight=397 69 38 307 52 526 741 367 197 157 88 361 88 470 75
leaf_count=397 69 38 307 52 526 741 367 197 157 88 361 88 470 75
internal_value=-0.00130435 -0.013883 0.0102143 -0.00844479 0.00745704 -0.0100862 -0.0159666 -0.0256566 0.00993554 0.00666667 0.00136634 0.0110701 0.0137634 0.00302752
internal_weight=3933 1880 2053 1286 1746 1160 419 594 1241 126 505 1084 558 436
internal_count=3933 1880 2053 1286 1746 1160 419 594 1241 126 505 1084 558 436
is_linear=0
shrinkage=0.03


Tree=39
num_leaves=15
num_cat=4
split_feature=0 0 0 9 9 0 9 0 0 6 7 6 9 5
split_gain=646.306 133.717 87.3771 80.0745 39.2022 36.7629 32.7889 26.5635 24.6562 20.3083 16.1678 15.6661 15.3806 15.0595
threshold=16.801208500000005 10.364357000000002 31.136494500000001 0 1 6.6066410000000007 2 26.422835000000003 12.875887000000002 137.50000000000003 253.50000000000003 102.50000000000001 3 15.500000000000002
decision_type=2 2 2 9 9 2 9 2 2 2 2 2 9 2
left_child=1 5 4 9 -2 -1 11 -6 -5 -3 -11 -7 -10 -14
right_child=2 3 -4 8 7 6 -8 -9 12 10 -12 -13 13 -15
leaf_value=-12.214286212631029 0.67326982281235359 4.1250708019786 13.060639071007293 -5.1817894929435804 2.9219232268964879 2.2231036044986716 -5.1516180202237623 9.4561378793011546 -4.534945844500637 -2.4835157520994389 2.2312909048646099 -1.8479330671341017 -1.3585290128916176 2.0147872016898192
leaf_weight=369 734 98 318 243 745 31 452 142 163 54 106 91 266 86
leaf_count=369 734 98 318 243 745 31 452 142 163 54 106 91 266 86
internal_value=-0.00118522 -0.0133384 0.0110933 -0.0057874 0.00827267 -0.021474 -0.0167247 0.0124749 -0.010625 0.00850746 0.00225 -0.00181818 -0.00704854 -0.00314917
internal_weight=3898 1959 1939 1016 1621 943 574 887 758 258 160 122 515 352
internal_count=3898 1959 1939 1016 1621 943 574 887 758 258 160 122 515 352
cat_boundaries=0 1 2 3 4
cat_threshold=32884 46105 276 5377
is_linear=0
shrinkage=0.03


Tree=40
num_leaves=15
num_cat=4
split_feature=0 0 9 0 9 9 9 0 0 0 7 3 2 0
split_gain=598.453 173.05 58.1876 45.0661 43.2789 39.2875 27.4453 26.8211 21.0663 16.8146 16.0906 14.1826 12.2563 11.7491
threshold=11.849862500000002 23.673807500000006 0 8.0770035000000018 1 2 3 28.134571500000003 19.964788000000002 18.694475500000006 263.50000000000006 55164.203000000009 131.05000000000004 22.298487500000004
decision_type=2 2 9 2 9 9 9 2 2 2 2 2 2 2
left_child=3 2 8 -1 10 -5 -4 -6 -2 11 12 -8 -3 -11
right_child=1 4 6 5 7 -7 9 -9 -10 13 -12 -13 -14 -15
leaf_value=-9.4821398018726875 -2.0121902339699909 5.1323564185722441 4.1569498413231463 -5.8983192715756747 4.9528624036305038 -0.91307063540878053 -0.50395365429069439 12.807802189016456 0.57865364241056449 3.7565379597756712 -1.7118529656151735 3.3626882958006101 0.57497536890673695 -0.85305109040635207
leaf_weight=559 536 99 213 312 250 273 461 401 220 306 53 37 144 83
leaf_count=559 536 99 213 312 250 273 461 401 220 306 53 37 144 83
internal_value=-0.00133012 0.00613271 0.00080819 -0.0196154 0.0165681 -0.0137949 0.00518919 0.0208321 -0.00556136 0.00277592 0.00627451 -0.000843373 0.00975309 0.00748072
internal_weight=3947 2803 1856 1144 947 585 1100 651 756 887 296 498 243 389
internal_count=3947 2803 1856 1144 947 585 1100 651 756 887 296 498 243 389
cat_boundaries=0 1 2 3 4
cat_threshold=46337 46081 96393 164
is_linear=0
shrinkage=0.03


Tree=41
num_leaves=15
num_cat=4
split_feature=9 6 9 6 6 5 9 5 5 9 6 7 6 7
split_gain=184.346 38.5346 22.2327 16.1329 14.5269 13.9336 15.5775 14.3648 11.031 9.76925 10.5906 14.4894 9.6116 9.40774
threshold=0 140.50000000000003 1 202.50000000000003 94.500000000000014 14.500000000000002 2 12.500000000000002 11.500000000000002 3 167.50000000000003 278.50000000000006 73.500000000000014 176.50000000000003
decision_type=9 2 9 2 2 2 9 2 2 9 2 2 2 2
left_child=1 8 12 9 -4 6 -6 -8 -1 10 -3 -12 -2 -10
right_child=2 3 4 -5 5 -7 7 -9 13 -11 11 -13 -14 -15
leaf_value=11.702442046642345 2.0466200049725956 3.2618076469265929 0.99743619608904965 -4.5403158642342403 0.97578831349806139 -2.4045300194065531 1.7002989598762472 -2.7461888166713719 7.3039459020260091 0.014185527422431505 -0.4363155592690941 3.0021497666997403 -3.9058905225727605 2.3924135571297027
leaf_weight=37 30 383 109 30 190 432 54 150 52 846 279 53 801 474
leaf_count=37 30 383 109 30 190 432 54 150 52 846 279 53 801 474
internal_value=-0.00172959 0.00415896 -0.00888514 0.00179133 -0.00555556 -0.00697337 -0.0028934 -0.00841121 0.0109236 0.00221012 0.00475862 0.000903614 -0.0125208 0.00980989
internal_weight=3920 2154 1766 1591 935 826 394 204 563 1561 715 332 831 526
internal_count=3920 2154 1766 1591 935 826 394 204 563 1561 715 332 831 526
cat_boundaries=0 1 2 3 4
cat_threshold=100492 24833 1600 65672
is_linear=0
shrinkage=0.03


Tree=42
num_leaves=15
num_cat=5
split_feature=0 0 0 0 9 9 9 9 5 9 6 0 2 0
split_gain=572.058 149.107 62.8996 61.1811 78.0386 42.4191 38.1614 21.5371 20.4354 16.2617 14.7449 12.4559 11.5775 9.53333
threshold=12.630421500000002 20.077881000000001 30.890120000000003 7.0913760000000012 0 1 2 3 14.500000000000002 4 83.500000000000014 18.328822000000002 127.60000000000001 14.817153000000003
decision_type=2 2 2 2 9 9 9 9 2 9 2 2 2 2
left_child=3 5 6 -1 10 -2 -3 13 9 -9 -5 -10 -11 -7
right_child=1 2 -4 4 -6 7 -8 8 11 12 -12 -13 -14 -15
leaf_value=-10.559641353349598 3.5921337614124784 1.5564329660431031 11.291459203309369 2.8317706206034265 -5.0117058399237733 -6.5545375139948874 7.4268655043592684 -1.9923554902791669 0.12606093130517138 1.6757019157255149 -0.37413578834720962 3.5720689846900573 -1.0728257783238815 -2.4538012326488183
leaf_weight=410 145 821 340 35 574 82 284 123 351 147 245 100 99 172
leaf_count=410 145 821 340 35 574 82 284 123 351 147 245 100 99 172
internal_value=-0.00151222 0.00637387 0.0128927 -0.0181329 -0.0135597 -0.00135357 0.00942081 -0.00343173 -0.00101205 -0.00626016 -0.000206897 0.00325942 -0.00140625 -0.0109091
internal_weight=3928 2664 1445 1264 854 1219 1105 1074 820 369 280 451 246 254
internal_count=3928 2664 1445 1264 854 1219 1105 1074 820 369 280 451 246 254
cat_boundaries=0 1 2 3 4 5
cat_threshold=33076 164 48137 4353 10240
is_linear=0
shrinkage=0.03


Tree=43
num_leaves=15
num_cat=3
split_feature=0 0 0 9 0 9 6 9 0 0 6 0 0 5
split_gain=559.538 161.146 68.9744 53.7848 51.7958 39.481 19.0774 17.7443 17.4362 16.516 15.1553 15.1012 11.5306 11.1976
threshold=18.694475500000006 8.2848845000000022 31.136494500000001 0 13.285151500000001 1 114.50000000000001 2 11.4810505 19.369722000000007 158.50000000000003 6.6066410000000007 25.564024500000006 15.500000000000002
decision_type=2 2 2 9 2 9 2 9 2 2 2 2 2 2
left_child=1 11 5 6 -5 9 8 13 -3 -2 12 -1 -7 -6
right_child=2 3 -4 4 7 10 -8 -9 -10 -11 -12 -13 -14 -15
leaf_value=-11.17927946372275 -2.6227525250257711 0.50576423570889117 11.215304285130021 -4.4197817162573276 -0.5184108877443987 1.8483674226326194 -0.1768109195712759 -1.7815761323034291 5.8141976234159776 1.1706630977241002 6.7692827897429106 -4.2222060821473901 7.9103040192069649 3.4455884476341065
leaf_weight=369 43 58 310 546 269 308 219 452 47 593 300 200 106 92
leaf_count=369 43 58 310 546 269 308 219 452 47 593 300 200 106 92
internal_value=-0.00139571 -0.0111368 0.0118193 -0.00647059 -0.0090504 0.00888889 0.00449102 -0.00431734 0.0151429 0.00325077 0.013674 -0.0249385 0.0101449 0.000727763
internal_weight=3912 2252 1660 1683 1359 1350 324 813 105 636 714 569 414 361
internal_count=3912 2252 1660 1683 1359 1350 324 813 105 636 714 569 414 361
cat_boundaries=0 1 2 3
cat_threshold=32820 46089 2248
is_linear=0
shrinkage=0.03


Tree=44
num_leaves=15
num_cat=4
split_feature=0 0 9 0 9 9 0 0 9 5 5 5 0 6
split_gain=569.547 128.141 65.0498 60.1509 67.1029 34.3746 29.157 25.2152 20.2534 15.9095 13.5182 10.8859 9.78253 9.76978
threshold=12.630421500000002 24.762381500000004 0 7.2407740000000009 1 2 16.165595000000003 28.134571500000003 3 14.500000000000002 12.500000000000002 13.500000000000002 11.347125000000002 100.50000000000001
decision_type=2 2 9 2 9 9 2 2 9 2 2 2 2 2
left_child=3 2 -2 -1 12 7 8 10 -4 -10 -3 -8 -5 -7
right_child=1 5 6 4 -6 13 11 -9 9 -11 -12 -13 -14 -15
leaf_value=-9.9354279776047001 5.4659664779768331 -0.84346388185048449 2.3650119156113236 -0.28877712173864439 -4.6770912476102273 -1.0008776245979789 -1.0071266690149787 11.615875259776171 -4.7260785039204452 -1.8922616296677142 5.4540083939093531 1.145560202065776 3.5947239395381549 2.7134014805669153
leaf_weight=444 217 36 101 187 598 33 197 375 106 291 127 915 44 248
leaf_count=444 217 36 101 187 598 33 197 375 106 291 127 915 44 248
internal_value=-0.00149273 0.00643991 0.0020197 -0.0179811 -0.0132087 0.0163004 -0.000111111 0.0206934 -0.00614458 -0.00906634 0.011227 0.00258993 0.000871369 0.00690722
internal_weight=3919 2646 1827 1273 829 819 1610 538 498 397 163 1112 231 281
internal_count=3919 2646 1827 1273 829 819 1610 538 498 397 163 1112 231 281
cat_boundaries=0 1 2 3 4
cat_threshold=164 32820 67720 33352
is_linear=0
shrinkage=0.03


Tree=45
num_leaves=15
num_cat=0
split_feature=0 0 0 0 6 5 6 0 5 2 0 7 7 0
split_gain=516.474 131.278 63.5628 61.6208 15.5889 14.4041 10.2476 10.3598 15.5545 20.561 10.3429 12.1221 10.1341 8.84325
threshold=12.449120000000002 30.890120000000003 7.2407740000000009 18.694475500000006 96.500000000000014 12.500000000000002 164.50000000000003 23.580761000000006 14.500000000000002 140.05000000000004 27.253774000000003 216.50000000000003 215.50000000000003 11.174585000000002
decision_type=2 2 2 2 2 2 2 2 2 2 2 2 2 2
left_child=2 3 -1 -2 12 -6 7 -5 -9 -10 -11 -12 -4 -7
right_child=1 -3 4 6 5 13 -8 8 9 10 11 -13 -14 -15
leaf_value=-9.7853931634644269 -0.47853289985018249 10.853151956119261 -4.9229053771499451 0.82015917008742234 -0.28011380808648706 -3.9810059455395352 4.4774795834875381 4.1106005610402594 4.8229293484432398 -1.0145647500156361 5.175703405419565 -0.91080551368563645 0.82860183475636739 -3.0100124233985386
leaf_weight=442 1022 330 42 493 65 486 377 232 87 68 42 44 48 158
leaf_count=442 1022 330 42 493 65 486 377 232 87 68 42 44 48 158
internal_value=-0.00146341 0.00591095 -0.0174778 0.00343763 -0.012428 -0.013921 0.00766195 0.00602484 0.00919662 0.00385892 -0.00272727 0.00418605 -0.000666667 -0.0152795
internal_weight=3936 2695 1241 2365 799 709 1343 966 473 241 154 86 90 644
internal_count=3936 2695 1241 2365 799 709 1343 966 473 241 154 86 90 644
is_linear=0
shrinkage=0.03


Tree=46
num_leaves=15
num_cat=4
split_feature=0 0 0 9 9 5 0 0 0 2 0 9 9 2
split_gain=490.637 109.813 92.8709 55.2549 40.7143 20.7842 21.3983 19.9729 17.4479 14.0765 13.7556 12.5143 11.2457 11.0601
threshold=16.165595000000003 8.2848845000000022 31.136494500000001 0 1 14.500000000000002 12.875887000000002 19.369722000000007 11.753878000000002 218.50000000000003 6.6066410000000007 2 3 131.05000000000004
decision_type=2 2 2 9 9 2 2 2 2 2 2 9 9 2
left_child=1 10 4 8 -2 -5 -7 -6 -3 -10 -1 -8 -9 -14
right_child=2 3 -4 5 7 6 11 12 9 -11 -12 -13 13 -15
leaf_value=-10.237680288652257 7.197618884049775 -0.79793895651652513 10.971853871059031 -4.5741699952813271 -0.31067645986359821 -5.1921944539171774 -2.9250160287514633 0.1162921762119663 0.92622848773620037 4.6525297069801965 -3.7500646665202657 0.27384511429800223 2.9930574254183782 1.4305919428053948
leaf_weight=375 237 231 310 258 449 279 107 268 155 55 215 178 302 489
leaf_count=375 237 231 310 258 449 279 107 268 155 55 215 178 302 489
internal_value=-0.00161208 -0.0128063 0.00848175 -0.00781473 0.0057937 -0.0123317 -0.00925532 0.00387352 0.000864745 0.00714286 -0.0234915 -0.00347368 0.00614731 0.00790262
internal_weight=3908 1853 2055 1263 1745 822 564 1508 441 210 590 285 1059 791
internal_count=3908 1853 2055 1263 1745 822 564 1508 441 210 590 285 1059 791
cat_boundaries=0 1 2 3 4
cat_threshold=33404 196 4352 4105
is_linear=0
shrinkage=0.03


Tree=47
num_leaves=15
num_cat=4
split_feature=9 6 9 9 5 6 6 7 5 7 7 2 5 9
split_gain=140.378 38.104 23.6691 17.7777 19.4332 16.4572 13.8966 11.9449 10.4489 8.72768 8.457 7.97192 13.8783 7.91728
threshold=0 169.50000000000003 1 2 12.500000000000002 202.50000000000003 92.500000000000014 257.50000000000006 11.500000000000002 278.50000000000006 176.50000000000003 78.500000000000014 14.500000000000002 3
decision_type=9 2 9 9 2 2 2 2 2 2 2 2 2 9
left_child=1 2 8 4 -2 -3 -4 -5 -1 -6 -10 12 -8 -13
right_child=3 5 6 7 9 -7 11 -9 10 -11 -12 13 -14 -15
leaf_value=9.8734497874978686 4.4373864426334535 -0.85074971440533997 2.8168642163664614 -2.7127294768716252 -1.0595950214343337 -4.266108046073696 2.7477523844129497 -3.4184242729316177 11.596539328607331 -9.0148618795779374 3.1716495292360878 0.58314707861756454 0.046252941541779363 -0.49026374956933977
leaf_weight=74 46 593 80 757 293 35 88 398 31 31 475 758 107 133
leaf_count=74 46 593 80 757 293 35 88 398 31 31 475 758 107 133
internal_value=-0.00139266 0.00317114 0.00546392 -0.00846254 -0.00252632 -0.00315287 0.00290816 -0.0103262 0.0103729 -0.00518519 0.00901186 0.0020442 0.00753846 0.000841751
internal_weight=3899 2374 1746 1525 370 628 1166 1155 580 324 506 1086 195 891
internal_count=3899 2374 1746 1525 370 628 1166 1155 580 324 506 1086 195 891
cat_boundaries=0 1 2 3 4
cat_threshold=101020 65672 1120 34820
is_linear=0
shrinkage=0.03


Tree=48
num_leaves=15
num_cat=4
split_feature=0 0 0 9 9 6 0 9 0 0 4 9 0 6
split_gain=458.741 98.9762 92.7601 63.8321 50.2758 21.8479 20.7247 17.4451 15.3775 14.2297 10.0198 8.8313 8.41912 10.0015
threshold=14.957541000000001 7.0913760000000012 31.136494500000001 0 1 136.50000000000003 19.268703000000002 2 12.875887000000002 11.4810505 1.5000000000000002 3 21.851732500000004 132.50000000000003
decision_type=2 2 2 9 9 2 2 9 2 2 2 9 2 2
left_child=1 -1 4 5 12 9 7 -6 -5 -3 11 -8 -2 -14
right_child=2 3 -4 8 6 -7 10 -9 -10 -11 -12 -13 13 -15
leaf_value=-9.0100777363172266 3.4284145704277034 0.16519307964597602 10.322499341290449 -4.2261938794540423 1.5936814546673916 -0.98494555643911552 0.36831114701432399 -1.1462639659887872 -2.6491318785318163 4.4590209000091523 -0.39671259923526347 2.1262787311078046 1.5396942185841271 10.357895470424191
leaf_weight=410 147 99 315 548 345 249 192 264 267 61 68 778 34 129
leaf_count=410 147 99 315 548 345 249 192 264 267 61 68 778 34 129
internal_value=-0.000875576 -0.0129988 0.00784331 -0.00872549 0.00541134 0.00107399 0.0032408 -0.001133 -0.0134909 0.00975 0.00583815 0.00661856 0.0163125 0.0215337
internal_weight=3906 1634 2272 1224 1957 409 1647 609 815 160 1038 970 310 163
internal_count=3906 1634 2272 1224 1957 409 1647 609 815 160 1038 970 310 163
cat_boundaries=0 1 2 3 4
cat_threshold=33340 65700 6216 9
is_linear=0
shrinkage=0.03


Tree=49
num_leaves=15
num_cat=3
split_feature=9 6 9 9 6 6 4 3 2 6 2 7 4 6
split_gain=118.87 26.2122 20.6893 19.8343 21.2994 16.105 12.9828 11.8165 8.88729 7.42235 6.27818 5.90532 5.57593 5.38491
threshold=0 169.50000000000003 1 2 97.500000000000014 145.50000000000003 1.0000000180025095e-35 3883.8870000000006 254.50000000000003 137.50000000000003 62.050000000000004 218.50000000000003 1.0000000180025095e-35 165.50000000000003
decision_type=9 2 9 9 2 2 2 2 2 2 2 2 2 2
left_child=1 2 5 4 -2 -1 9 -7 -3 -4 -5 -9 -6 -11
right_child=3 8 6 10 12 7 -8 11 -10 13 -12 -13 -14 -15
leaf_value=6.9869279784389802 1.4397069119091168 -0.30450756215985508 1.5732789622302015 -5.2832442190364644 -1.8518532892925441 -1.9502042472959555 -1.7896521846127551 1.7191755084392684 -4.8255492054158662 0.061290074520194367 -3.1348760954226189 3.7042375166163675 -3.0719504475730934 2.8444636275490209
leaf_weight=231 106 532 325 100 490 93 160 94 86 568 761 145 114 86
leaf_count=231 106 532 325 100 490 93 160 94 86 568 761 145 114 86
internal_value=-0.00195066 0.0023691 0.00430082 -0.00829222 -0.00441667 0.00895288 0.00190601 0.00487952 -0.00291262 0.00321757 -0.0114007 0.00841004 -0.00665563 0.00137615
internal_weight=3891 2320 1702 1571 710 563 1139 332 618 979 861 239 604 654
internal_count=3891 2320 1702 1571 710 563 1139 332 618 979 861 239 604 654
cat_boundaries=0 1 2 3
cat_threshold=102028 65672 4208
is_linear=0
shrinkage=0.03


Tree=50
num_leaves=15
num_cat=3
split_feature=0 0 0 9 9 6 0 0 0 0 0 9 6 5
split_gain=442.91 114.251 93.0505 71.114 35.8946 27.9918 23.9122 18.353 17.3632 16.7706 15.8411 14.4881 13.904 12.8514
threshold=16.253675000000005 7.0913760000000012 31.587555500000004 0 1 115.50000000000001 12.772709500000001 20.326764000000004 11.4810505 10.256212000000001 21.752200000000006 2 173.50000000000003 14.500000000000002
decision_type=2 2 2 9 9 2 2 2 2 2 2 9 2 2
left_child=1 -1 4 5 10 8 -5 12 -3 -7 -2 -8 13 -6
right_child=2 3 -4 6 7 9 11 -9 -10 -11 -12 -13 -14 -15
leaf_value=-8.7892043524107617 2.2087586599672977 0.54638289547370733 10.796450063797757 -4.0968583780810883 -1.0845845612130744 -3.0302060172123366 -5.5394041195090491 2.2005420525418287 5.5767890357716645 0.93945352795700265 8.8573514946391292 -0.68660094705220442 3.9468329642603135 0.46886214035819873
leaf_weight=398 127 76 283 576 174 112 147 960 47 180 158 300 90 280
leaf_count=398 127 76 283 576 174 112 147 960 47 180 158 300 90 280
internal_value=-0.00142784 -0.0121569 0.00807915 -0.00821975 0.00555059 0.00232941 -0.0124008 0.00360634 0.0143902 -0.00267123 0.0151525 -0.00731544 -0.000772059 -0.00290749
internal_weight=3908 1836 2072 1438 1789 415 1023 1504 123 292 285 447 544 454
internal_count=3908 1836 2072 1438 1789 415 1023 1504 123 292 285 447 544 454
cat_boundaries=0 1 2 3
cat_threshold=32884 65668 69889
is_linear=0
shrinkage=0.03


Tree=51
num_leaves=15
num_cat=0
split_feature=0 0 0 0 4 6 6 0 7 3 5 0 0 3
split_gain=424.137 119.008 56.2842 49.3681 16.5716 10.1326 9.48631 11.3356 16.2484 8.70673 10.207 9.5555 8.41331 8.39665
threshold=11.849862500000002 32.018938000000006 6.6066410000000007 18.694475500000006 1.5000000000000002 95.500000000000014 174.50000000000003 24.762381500000004 261.50000000000006 4058.4840000000004 12.500000000000002 16.253675000000005 20.905110500000003 9511.7760000000017
decision_type=2 2 2 2 2 2 2 2 2 2 2 2 2 2
left_child=2 3 -1 9 6 -4 7 13 -9 -2 -11 -12 -8 -5
right_child=1 -3 5 4 -6 -7 12 8 -10 10 11 -13 -14 -15
leaf_value=-9.3135135210386224 -1.2194952433328512 9.7932556341642059 -0.11807260838766297 -0.099266968775104936 -0.68870030181191844 -3.1957841655392984 8.3652334361586647 4.2286642473549794 -3.0344745083139322 3.9826915547677912 -1.3877243618494854 0.59854572537740403 4.012912203530453 1.6158125233004046
leaf_weight=370 285 263 73 304 83 700 73 438 30 79 478 270 148 332
leaf_count=370 285 263 73 304 83 700 73 438 30 79 478 270 148 332
internal_value=-0.00191034 0.00440891 -0.0172966 0.00240476 0.00613636 -0.0126908 0.00695094 0.00581522 0.00935897 -0.00232014 -0.00076179 -0.00184492 0.0126244 0.00320755
internal_weight=3926 2783 1143 2520 1408 773 1325 1104 468 1112 827 748 221 636
internal_count=3926 2783 1143 2520 1408 773 1325 1104 468 1112 827 748 221 636
is_linear=0
shrinkage=0.03


Tree=52
num_leaves=15
num_cat=4
split_feature=0 0 9 0 9 0 9 0 0 6 0 9 8 7
split_gain=411.151 118.833 79.333 59.3816 49.5264 41.8696 17.4966 21.0254 16.9485 11.7718 11.6171 11.536 10.6051 10.1937
threshold=11.849862500000002 32.018938000000006 0 7.3461790000000002 1 16.801208500000005 2 26.261371000000004 9.5176385000000021 106.50000000000001 20.395902500000002 3 2.5000000000000004 272.50000000000006
decision_type=2 2 9 2 9 2 9 2 2 2 2 9 2 2
left_child=3 2 10 -1 -5 11 -7 -8 9 -6 -2 -4 -13 -11
right_child=1 -3 5 4 8 6 7 -9 -10 13 -12 12 -14 -15
leaf_value=-8.2093939380285619 3.3280469149435863 10.111669158218369 1.3633155216758006 -4.5573077367097037 0.81976944732249424 0.068551274840606302 1.399759013509315 5.888627098239021 0.20403012367277595 -3.9964713155486673 13.554031206118893 -2.5881869226664977 -0.73379418152257125 -0.12967542527052273
leaf_weight=446 183 277 112 342 30 705 652 144 177 117 99 247 329 47
leaf_count=446 183 277 112 342 30 705 652 144 177 117 99 247 329 47
internal_value=-0.00145124 0.004869 0.00278025 -0.0164366 -0.0110659 0.000804911 0.00361759 0.00662531 -0.00307087 -0.00927835 0.0174658 -0.00531977 -0.00696246 -0.012439
internal_weight=3907 2748 2471 1159 713 2189 1501 796 371 194 282 688 576 164
internal_count=3907 2748 2471 1159 713 2189 1501 796 371 194 282 688 576 164
cat_boundaries=0 1 2 3 4
cat_threshold=164 31881 45081 32840
is_linear=0
shrinkage=0.03


Tree=53
num_leaves=15
num_cat=3
split_feature=9 7 5 9 7 8 4 3 9 2 7 2 5 2
split_gain=119.771 25.9291 18.7731 17.922 11.1816 10.0778 8.59967 7.68328 7.28365 8.39843 6.95732 7.7876 7.87885 5.60431
threshold=0 204.50000000000003 11.500000000000002 1 258.50000000000006 5.5000000000000009 2.5000000000000004 73709.108000000022 2 97.500000000000014 256.50000000000006 129.95000000000002 15.500000000000002 563.50000000000011
decision_type=9 2 2 9 2 2 2 2 9 2 2 2 2 2
left_child=1 -1 -3 4 -2 -5 7 8 9 -4 11 -10 13 -13
right_child=3 2 6 5 -6 -7 -8 -9 10 -11 -12 12 -14 -15
leaf_value=3.6698879787560506 -2.6420918430586631 6.4538987545575539 -0.040365658510672801 -1.9894296430141343 -3.9586421078295766 1.2329062451421169 -1.9888760960927401 2.8133713614520683 1.0274437877616218 3.0713469929439805 -0.59652128567565676 -0.69119034693407 3.2455440569260348 0.72097916776209103
leaf_weight=409 468 96 102 743 204 111 49 79 508 104 400 440 123 34
leaf_count=409 468 96 102 743 204 111 49 79 508 104 400 440 123 34
internal_value=-0.00137984 0.0028802 0.00144186 -0.00789062 -0.0116129 -0.00486111 0.000766721 0.00110615 0.000683811 0.00583333 -5.94059e-05 0.00116742 -0.00115578 -0.00291139
internal_weight=3870 2344 1935 1526 672 854 1839 1790 1711 206 1505 1105 597 474
internal_count=3870 2344 1935 1526 672 854 1839 1790 1711 206 1505 1105 597 474
cat_boundaries=0 1 2 3
cat_threshold=101020 24577 128
is_linear=0
shrinkage=0.03


Tree=54
num_leaves=15
num_cat=6
split_feature=0 0 0 9 9 0 9 9 9 5 0 0 9 5
split_gain=385.847 110.002 75.7611 62.0618 46.5637 39.1371 19.3888 17.2071 16.7091 16.4658 16.2633 12.774 8.97512 16.4399
threshold=12.449120000000002 32.018938000000006 6.6066410000000007 0 1 19.268703000000002 2 3 4 15.500000000000002 19.719260500000001 27.113121000000003 5 14.500000000000002
decision_type=2 2 2 9 9 2 9 9 9 2 2 2 9 2
left_child=2 4 -1 -4 10 6 -6 -7 -5 12 -2 -9 -8 -14
right_child=1 -3 3 8 5 7 9 11 -10 -11 -12 -13 13 -15
leaf_value=-8.90644532668518 1.6806989502849956 9.9559062381529273 -4.3748705662624481 -2.5061886217311211 -3.4774788658092572 0.23197100520801994 0.12961443937018657 1.656734964281801 0.21162457426837364 2.2506775747813186 12.165225612317206 5.2424140710756317 -2.6411634995935875 -0.54892844405199182
leaf_weight=361 143 266 469 116 127 459 258 540 305 215 108 151 139 209
leaf_count=361 143 266 469 116 127 459 258 540 305 215 108 151 139 209
internal_value=-0.00138127 0.005174 -0.0150839 -0.010382 0.00310345 0.00159393 -0.00291139 0.00532174 -0.00174014 -0.00111913 0.0150575 0.00825963 -0.00366337 -0.00670391
internal_weight=3866 2615 1251 890 2349 2098 948 1150 421 821 251 691 606 348
internal_count=3866 2615 1251 890 2349 2098 948 1150 421 821 251 691 606 348
cat_boundaries=0 1 2 3 4 5 6
cat_threshold=96385 164 1281 36873 1608 98888
is_linear=0
shrinkage=0.03


Tree=55
num_leaves=15
num_cat=4
split_feature=0 0 0 9 9 0 5 0 9 4 5 7 9 0
split_gain=363.761 106.838 78.5452 50.7576 36.4255 16.1108 14.5265 14.4949 14.1633 14.0789 13.4873 12.2661 12.4036 11.9996
threshold=16.080482000000003 7.3461790000000002 31.136494500000001 0 1 11.4810505 14.500000000000002 24.762381500000004 2 1.0000000180025095e-35 14.500000000000002 253.50000000000003 3 14.028341500000002
decision_type=2 2 2 9 9 2 2 2 9 2 2 2 9 2
left_child=1 -1 4 5 -2 -3 -5 11 -9 -8 -10 -6 -13 -7
right_child=2 3 -4 6 7 13 9 8 10 -11 -12 12 -14 -15
leaf_value=-7.4459451037294322 7.5025288893394642 -0.57200003450030856 8.8816132665429581 -3.2511987494803938 -0.074255255683603985 3.2530557650731158 -1.9285665568528418 0.74868255876605416 4.3587671603790206 -5.403868731863299 1.7065739650555269 -0.22956422469841298 4.3714823421937705 0.010032273901651933
leaf_weight=437 168 203 316 386 811 89 504 238 129 127 87 134 176 62
leaf_count=437 168 203 316 386 811 89 504 238 129 127 87 134 176 62
internal_value=-0.00149728 -0.0113164 0.00712482 -0.00719912 0.00462995 0.00263736 -0.0105453 0.00312303 0.0076652 -0.00784469 0.0130088 0.00131133 0.0063871 0.0101325
internal_weight=3867 1808 2059 1371 1743 354 1017 1575 454 631 216 1121 310 151
internal_count=3867 1808 2059 1371 1743 354 1017 1575 454 631 216 1121 310 151
cat_boundaries=0 1 2 3 4
cat_threshold=33332 132 33801 110848
is_linear=0
shrinkage=0.03


Tree=56
num_leaves=15
num_cat=4
split_feature=0 0 0 9 9 0 9 0 9 0 6 6 0 8
split_gain=348.678 115.047 63.4345 62.7066 47.1037 35.1602 19.8308 13.5689 12.5258 18.1072 9.80996 9.46957 15.5582 8.57632
threshold=11.849862500000002 32.018938000000006 6.6066410000000007 0 1 18.440879500000005 2 21.752200000000006 3 27.113121000000003 97.500000000000014 123.50000000000001 14.478176500000002 5.5000000000000009
decision_type=2 2 2 9 9 2 9 2 9 2 2 2 2 2
left_child=2 3 -1 7 -4 6 -5 11 -7 -10 -6 -2 -13 -12
right_child=1 -3 4 5 10 8 -8 -9 9 -11 13 12 -14 -15
leaf_value=-8.1613832367117123 5.8520461007509175 8.7726911480024903 -4.2139683488272111 -2.6948446868648706 0.92271116314679369 -0.11048210317565463 -0.64755631452593321 12.844364048526749 1.113322914557507 4.5268053610711716 -1.7646975125847517 -0.53364361852278308 3.2344215122427511 0.46461737732654002
leaf_weight=374 35 286 343 136 57 505 810 97 622 156 308 45 116 52
leaf_count=374 35 286 343 136 57 505 810 97 622 156 308 45 116 52
internal_value=-0.00167428 0.00399573 -0.0157143 0.00195083 -0.0107368 0.000200983 -0.00418605 0.0147525 0.00343726 0.0057868 -0.00358314 0.0107143 0.00763975 -0.0055
internal_weight=3942 2808 1134 2522 760 2229 946 293 1283 778 417 196 161 360
internal_count=3942 2808 1134 2522 760 2229 946 293 1283 778 417 196 161 360
cat_boundaries=0 1 2 3 4
cat_threshold=164 92289 769 36873
is_linear=0
shrinkage=0.03


Tree=57
num_leaves=15
num_cat=4
split_feature=0 0 0 9 9 9 0 9 0 7 6 6 6 0
split_gain=330.936 88.0965 65.9479 59.0478 43.631 40.3063 20.3027 14.3498 19.3362 14.2497 17.1869 11.8696 10.8889 9.92169
threshold=12.630421500000002 24.762381500000004 7.2407740000000009 0 1 2 30.170893000000003 3 15.891963000000002 231.50000000000003 107.50000000000001 141.50000000000003 91.500000000000014 28.683753500000005
decision_type=2 2 2 9 9 9 2 9 2 2 2 2 2 2
left_child=2 5 -1 11 9 -2 -6 8 -7 10 -3 -4 -10 -11
right_child=1 4 3 -5 6 7 -8 -9 12 13 -12 -13 -14 -15
leaf_value=-7.1496731630525643 3.8506651744886833 -1.2062760627517446 0.47447965613783932 -3.9548306457427245 3.9121547795878291 -8.6743338592499182 8.1564784626222799 -0.025468891995221836 2.296617764158317 -0.13143711686730966 7.3203241871119094 -1.2010758221558284 -3.0913762950744692 -4.0030249574341878
leaf_weight=429 213 39 160 489 304 43 318 1449 32 39 71 199 79 34
leaf_count=429 213 39 160 489 304 43 318 1449 32 39 71 199 79 34
internal_value=-0.00187789 0.00422358 -0.0144009 -0.00955189 0.0124845 0.000561674 0.0161392 -0.00109733 -0.0095122 -0.000777202 0.006 -8.13008e-05 -0.00351351 -0.0110959
internal_weight=3898 2621 1277 848 805 1816 622 1603 154 183 110 359 111 73
internal_count=3898 2621 1277 848 805 1816 622 1603 154 183 110 359 111 73
cat_boundaries=0 1 2 3 4
cat_threshold=33652 32769 164 257
is_linear=0
shrinkage=0.03


Tree=58
num_leaves=15
num_cat=5
split_feature=0 0 0 9 9 0 0 9 0 9 5 7 9 0
split_gain=320.853 104.073 63.8698 50.6469 44.8513 30.8307 16.5786 11.4246 11.3325 12.9183 11.1861 10.4016 9.37764 13.9993
threshold=11.849862500000002 32.018938000000006 6.6066410000000007 0 1 16.165595000000003 21.851732500000004 2 24.762381500000004 3 14.500000000000002 263.50000000000006 4 14.876493000000002
decision_type=2 2 2 9 9 2 2 9 2 9 2 2 9 2
left_child=2 4 -1 -4 6 7 -2 -6 -7 -10 -9 -11 -12 -14
right_child=1 -3 3 -5 5 8 -8 10 9 11 12 -13 13 -15
leaf_value=-7.7182333572433475 1.9181090545937398 8.4349934513197411 0.025967516170801445 -3.8652862895149998 1.3694031690335555 0.3512723235747876 12.039618909010345 -3.168400927129039 3.6356574892611841 1.6360038969026618 0.059366017752736297 -2.9123302673231319 -5.3548715431747036 1.8728123039439128
leaf_weight=369 201 274 281 481 119 1109 90 137 237 237 191 43 116 37
leaf_count=369 201 274 281 481 119 1109 90 137 237 237 191 43 116 37
internal_value=-0.00156043 0.00390183 -0.0150398 -0.0100787 0.00199046 0.000509839 0.0128571 -0.0053 0.00265683 0.00632495 -0.00727088 0.00165517 -0.00453488 -0.0097546
internal_weight=3922 2791 1131 762 2517 2226 291 600 1626 517 481 280 344 153
internal_count=3922 2791 1131 762 2517 2226 291 600 1626 517 481 280 344 153
cat_boundaries=0 1 2 3 4 5
cat_threshold=33588 164 33304 75840 75776
is_linear=0
shrinkage=0.03


Tree=59
num_leaves=15
num_cat=2
split_feature=9 6 6 5 5 9 4 7 7 2 2 2 2 7
split_gain=79.9309 33.7225 19.1551 18.779 13.0334 12.8445 9.85261 8.83701 8.20156 11.4193 7.93002 7.42826 8.10366 7.49606
threshold=0 137.50000000000003 197.50000000000003 13.500000000000002 11.500000000000002 1 1.5000000000000002 203.50000000000003 258.50000000000006 241.50000000000003 99.500000000000014 175.10000000000002 154.35000000000002 235.50000000000003
decision_type=9 2 2 2 2 9 2 2 2 2 2 2 2 2
left_child=1 3 4 -1 -3 6 8 -6 -2 -10 -5 12 -12 -13
right_child=5 2 -4 10 7 -7 -8 -9 9 -11 11 13 -14 -15
leaf_value=3.4075948622901433 -1.9751151463052679 4.7768556572822076 -2.6713805648166917 2.7221020521635091 3.9887058790374521 -1.3249285683898211 -5.8279400846825364 -0.17402495653060668 -3.8971952961477356 -0.6116149649324677 1.1476242603911078 2.2034761564079508 -2.0385972873617719 -0.46003236009569259
leaf_weight=169 563 93 54 82 93 693 57 1499 160 50 90 184 31 55
leaf_count=169 563 93 54 82 93 693 57 1499 160 50 90 184 31 55
internal_value=-0.00154144 0.0019322 -0.000189764 0.00800327 0.000373887 -0.00686888 -0.00942857 -0.000263819 -0.00865459 -0.0137143 0.00475113 0.00283333 -0.00322314 0.00589958
internal_weight=3873 2350 1739 611 1685 1523 830 1592 773 210 442 360 121 239
internal_count=3873 2350 1739 611 1685 1523 830 1592 773 210 442 360 121 239
cat_boundaries=0 1 2
cat_threshold=101020 24833
is_linear=0
shrinkage=0.03


Tree=60
num_leaves=15
num_cat=3
split_feature=9 5 6 6 9 4 3 9 5 4 6 6 3 3
split_gain=59.5627 19.4422 14.7069 9.75243 9.65079 9.10654 8.86777 8.4238 12.0215 8.06901 7.27467 6.84444 6.49598 7.36122
threshold=0 11.500000000000002 92.500000000000014 169.50000000000003 1 1.0000000180025095e-35 3883.8870000000006 2 12.500000000000002 1.0000000180025095e-35 105.50000000000001 151.50000000000003 14132.780000000001 9151.845000000003
decision_type=9 2 2 2 9 2 2 9 2 2 2 2 2 2
left_child=1 11 -3 4 6 7 -4 8 -2 -8 -10 -1 13 -5
right_child=5 2 3 12 -6 -7 9 -9 10 -11 -12 -13 -14 -15
leaf_value=8.4526329748217446 4.8427837369340585 2.2928452143180822 -0.29417964064157104 -0.6617440258574242 -0.405371214227149 -4.4577092065210167 2.3370617410868064 -1.603703042806178 0.65648985923868619 -0.5128241478193899 -1.0702475936334417 2.6001776324542649 -1.3908969609599364 2.6482335029115314
leaf_weight=66 34 76 286 354 426 239 683 813 68 112 317 60 252 124
leaf_count=66 34 76 286 354 426 239 683 813 68 112 317 60 252 124
internal_value=-0.00102813 0.00184973 0.00123217 0.000791238 0.00216987 -0.00577313 0.0036572 -0.00477273 -0.00118881 0.00532075 -0.00272727 0.0133333 -0.00205479 0
internal_weight=3910 2439 2313 2237 1507 1471 1081 1232 419 795 385 126 730 478
internal_count=3910 2439 2313 2237 1507 1471 1081 1232 419 795 385 126 730 478
cat_boundaries=0 1 2 3
cat_threshold=100572 67720 4640
is_linear=0
shrinkage=0.03


Tree=61
num_leaves=15
num_cat=3
split_feature=0 0 0 9 6 9 0 0 0 6 6 9 0 0
split_gain=290.712 105.238 74.8784 52.1764 26.2764 20.1176 14.0906 12.1338 11.508 12.4656 12.7096 13.8614 12.2481 11.2199
threshold=16.253675000000005 7.2407740000000009 32.018938000000006 0 115.50000000000001 1 12.449120000000002 5.2542115000000011 25.288895500000006 161.50000000000003 93.500000000000014 2 20.395902500000002 11.4810505
decision_type=2 2 2 9 2 9 2 2 2 2 2 9 2 2
left_child=1 7 5 4 13 -2 -5 -1 9 10 -7 -12 -13 -3
right_child=2 3 -4 6 -6 8 -8 -9 -10 -11 11 12 -14 -15
leaf_value=-10.084059395025404 6.6724781209536008 0.78940063741739774 8.093570906773131 -3.2335594564680443 -0.27001759213304694 3.4229728224796645 -1.462966804727339 -3.8360012176712326 3.2197540286387332 2.6668019386809463 0.36229125403213286 -2.4231429709038341 -0.33816682115290858 5.3907730801829183
leaf_weight=211 151 65 278 537 276 83 495 206 462 371 420 128 149 45
leaf_count=211 151 65 278 537 276 83 495 206 462 371 420 128 149 45
internal_value=-0.00132319 -0.0099891 0.00646425 -0.00609309 0.00333333 0.00418367 -0.00955854 -0.0232374 0.00312384 0.00153779 -0.000615385 -0.00193687 -0.00700348 0.0158182
internal_weight=3877 1835 2042 1418 386 1764 1032 417 1613 1151 780 697 277 110
internal_count=3877 1835 2042 1418 386 1764 1032 417 1613 1151 780 697 277 110
cat_boundaries=0 1 2 3
cat_threshold=32828 132 76288
is_linear=0
shrinkage=0.03


Tree=62
num_leaves=15
num_cat=5
split_feature=0 0 0 9 9 0 9 6 0 9 9 0 5 0
split_gain=294.225 79.4366 72.0989 59.4872 39.6473 25.3874 16.7059 14.3189 14.1404 13.9202 12.5882 13.067 12.0804 11.2076
threshold=12.449120000000002 31.587555500000004 5.5709605000000009 0 1 18.173508500000004 2 177.50000000000003 19.599459500000005 3 4 27.113121000000003 15.500000000000002 20.077881000000001
decision_type=2 2 2 9 9 2 9 2 2 9 9 2 2 2
left_child=2 4 -1 -4 8 6 -6 9 -2 -5 13 12 -12 -7
right_child=1 -3 3 7 5 10 -8 -9 -10 -11 11 -13 -14 -15
leaf_value=-9.1313855666532433 1.2851597392701546 7.0809804237776008 -3.8166402732101412 0.4182489576032799 -2.8791529660491073 -1.8841899025224598 -0.32468545689417738 1.4472160850598379 10.705519410944191 -2.107253843602773 0.66843761732048157 4.069617605433959 7.1434350488921812 0.56553297756127674
leaf_weight=259 142 289 470 161 101 70 724 59 116 276 534 148 125 436
leaf_count=259 142 289 470 161 101 70 724 59 116 276 534 148 125 436
internal_value=-0.00121228 0.00434637 -0.0133959 -0.00962733 0.00255426 0.00117318 -0.00294545 -0.00213439 0.0134328 -0.00405034 0.00376999 0.00605875 0.00432473 0
internal_weight=3910 2685 1225 966 2396 2138 825 496 258 437 1313 807 659 506
internal_count=3910 2685 1225 966 2396 2138 825 496 258 437 1313 807 659 506
cat_boundaries=0 1 2 3 4 5
cat_threshold=77001 164 273 20 36873
is_linear=0
shrinkage=0.03


Tree=63
num_leaves=15
num_cat=5
split_feature=0 0 0 9 9 0 9 6 9 5 6 9 0 0
split_gain=285.94 90.6733 68.9093 46.6268 39.6402 21.4178 17.0133 14.7162 13.3488 13.193 11.8525 11.9846 9.06725 10.7234
threshold=12.630421500000002 30.890120000000003 6.6066410000000007 0 1 18.328822000000002 2 119.50000000000001 3 15.500000000000002 108.50000000000001 4 27.113121000000003 28.515407500000006
decision_type=2 2 2 9 9 2 9 2 9 2 2 9 2 2
left_child=2 4 -1 -4 -2 8 -7 -3 -6 10 -10 -12 -8 -14
right_child=1 7 3 -5 5 6 12 -9 9 -11 11 -13 13 -15
leaf_value=-6.9466400702413615 4.743018605526399 0.18539528149712622 0.57100773882817402 -2.8696161421401096 -1.9276162284539622 -1.5410296553504348 0.72017055810507369 7.5861249473996235 2.8294541851622967 2.1257468049596286 -0.15463349184765773 -1.6940455824394063 4.4103322864780692 2.1628925478970951
leaf_weight=380 232 37 242 650 115 212 797 296 35 189 259 230 80 155
leaf_count=380 232 37 242 650 115 212 797 296 35 189 259 230 80 155
internal_value=-0.00161934 0.00401593 -0.0133019 -0.00874439 0.00190104 0.00054755 0.00303859 0.0186486 -0.00318841 -0.00153527 -0.00400763 -0.00521472 0.00460653 0.00982979
internal_weight=3909 2637 1272 892 2304 2072 1244 333 828 713 524 489 1032 235
internal_count=3909 2637 1272 892 2304 2072 1244 333 828 713 524 489 1032 235
cat_boundaries=0 1 2 3 4 5
cat_threshold=33044 164 9 769 41032
is_linear=0
shrinkage=0.03


Tree=64
num_leaves=15
num_cat=5
split_feature=0 0 0 9 0 9 9 9 0 0 6 9 2 0
split_gain=281.011 87.3455 55.6892 50.4457 28.8521 25.938 21.3259 20.2608 17.6842 12.6533 12.2352 11.5248 10.7907 12.0452
threshold=11.569689500000001 24.762381500000004 5.5709605000000009 0 34.454291000000005 1 2 3 16.518237000000003 18.694475500000006 93.500000000000014 4 114.45000000000002 27.113121000000003
decision_type=2 2 2 9 2 9 9 9 2 2 2 9 2 2
left_child=2 5 -1 -4 7 -2 8 12 -7 -8 -10 -5 -3 -14
right_child=1 4 3 11 -6 6 9 -9 10 -11 -12 -13 13 -15
leaf_value=-9.0752553313355726 3.7357557279590856 10.534669599009503 -3.6385197514775802 -1.6126589867603012 10.163147041810999 -6.5117959913055712 -0.39468644620094662 1.9045903725913784 2.5578785474275878 0.93966244202510552 -3.0463516520212965 0.41172198275544813 0.45208427854892758 9.1058354201137011
leaf_weight=259 113 81 384 264 168 63 979 463 31 724 77 189 49 80
leaf_count=259 113 81 384 264 168 63 979 463 31 724 77 189 49 80
internal_value=-0.00100917 0.00398868 -0.0139051 -0.0101434 0.0120927 0.000558631 -0.000318471 0.00931649 -0.0101105 0.000718039 -0.00333333 -0.00304536 0.0169091 0.0123256
internal_weight=3924 2828 1096 837 841 1987 1874 673 171 1703 108 453 210 129
internal_count=3924 2828 1096 837 841 1987 1874 673 171 1703 108 453 210 129
cat_boundaries=0 1 2 3 4 5
cat_threshold=75977 36 257 2176 21540
is_linear=0
shrinkage=0.03


Tree=65
num_leaves=15
num_cat=3
split_feature=9 7 4 6 9 4 7 8 7 8 3 3 9 7
split_gain=68.8982 22.64 14.7002 10.2783 10.4269 8.85149 8.51642 9.22978 8.41024 8.50078 13.0413 7.79039 7.53252 6.96884
threshold=0 194.50000000000003 1.0000000180025095e-35 169.50000000000003 1 1.0000000180025095e-35 260.50000000000006 5.5000000000000009 241.50000000000003 2.5000000000000004 23764.157000000003 12715.463000000002 2 271.50000000000006
decision_type=9 2 2 2 9 2 2 2 2 2 2 2 9 2
left_child=8 5 3 4 -3 11 7 -6 -1 -10 -11 -2 -5 -8
right_child=1 2 -4 12 6 -7 13 -9 9 10 -12 -13 -14 -15
leaf_value=-1.8646332856030108 2.9564375889524217 1.1776695480120587 -1.7307460888662785 -1.6860502812153868 -0.048160035040750698 -1.1141811186618793 -2.4426536628177633 1.5767572983864431 -3.8158326207769573 -2.7268175075773375 0.5665148565909226 5.5594822332274063 -0.19531608766809086 -0.47315446561714908
leaf_weight=443 139 1057 373 140 363 32 81 48 166 164 61 94 668 102
leaf_count=443 139 1057 373 140 363 32 81 48 166 164 61 94 668 102
internal_value=-0.00128975 0.000782105 0 0.000841806 0.00219867 0.00916981 -0.000993377 0.00138686 -0.00888626 -0.0121995 -0.0084 0.0112017 -0.00193069 -0.00639344
internal_weight=3931 3097 2832 2459 1651 265 594 411 834 391 225 233 808 183
internal_count=3931 3097 2832 2459 1651 265 594 411 834 391 225 233 808 183
cat_boundaries=0 1 2 3
cat_threshold=24833 68748 5652
is_linear=0
shrinkage=0.03


Tree=66
num_leaves=15
num_cat=3
split_feature=0 0 0 9 9 0 8 0 6 9 0 0 6 0
split_gain=239.015 71.915 69.3514 48.0272 31.8669 19.9136 13.7876 12.1141 11.2918 10.7116 10.93 10.141 9.8621 9.32083
threshold=12.449120000000002 6.6066410000000007 32.018938000000006 0 1 18.328822000000002 4.5000000000000009 24.762381500000004 95.500000000000014 2 27.113121000000003 9.3337420000000026 165.50000000000003 23.233165500000002
decision_type=2 2 2 9 9 2 2 2 2 9 2 2 2 2
left_child=1 -1 4 -3 7 -6 8 -2 -5 -7 12 -10 13 -11
right_child=2 3 -4 6 5 9 -8 -9 11 10 -12 -13 -14 -15
leaf_value=-6.1512985846171979 2.3561010183870938 -3.0520989423110185 7.4712630084602685 1.254733922827761 -0.50597417993365412 0.13868110320502749 1.1545014936636755 24.158678037248908 -2.0106608486570323 1.2681294851170264 4.5238008352664378 -0.1322657531195375 3.6109164270096832 -0.50589401907206133
leaf_weight=375 207 434 269 46 830 586 118 43 126 295 101 152 139 151
leaf_count=375 207 434 269 46 830 586 118 43 126 295 101 152 139 151
internal_value=-0.00117769 -0.0119664 0.00397177 -0.00726027 0.00232143 0.00107955 -0.000132743 0.0122308 -0.00333333 0.0034434 0.00594828 -0.00561151 0.00446154 0.002287
internal_weight=3872 1251 2621 876 2352 2102 442 250 324 1272 686 278 585 446
internal_count=3872 1251 2621 876 2352 2102 442 250 324 1272 686 278 585 446
cat_boundaries=0 1 2 3
cat_threshold=93321 164 102409
is_linear=0
shrinkage=0.03


Tree=67
num_leaves=15
num_cat=6
split_feature=0 0 0 9 9 0 9 0 9 0 5 9 0 9
split_gain=272.404 77.0925 62.9776 44.9042 27.3123 24.3123 17.7636 13.3716 12.3788 10.7312 10.5001 8.94422 12.1411 8.87375
threshold=12.630421500000002 31.587555500000004 5.5709605000000009 0 1 20.077881000000001 2 10.930705000000001 3 21.752200000000006 15.500000000000002 4 18.173508500000004 5
decision_type=2 2 2 9 9 2 9 2 9 2 2 9 2 9
left_child=2 4 -1 7 9 6 10 -4 -5 -2 11 12 -6 -7
right_child=1 -3 3 8 5 13 -8 -9 -10 -11 -12 -13 -14 -15
leaf_value=-8.2872745474225233 1.8726321887204767 7.387201006836392 -4.1060349097820668 -1.8221463467467049 -1.2056881402486612 0.17497306962011408 -1.2758417565926583 -1.8104199351494048 0.025593191963612299 11.899775717283045 2.7326981513894655 1.1980398550469147 1.6482374801528248 1.9026559797464733
leaf_weight=265 163 286 322 244 228 347 401 110 347 82 154 216 51 723
leaf_count=265 163 286 322 244 228 347 401 110 347 82 154 216 51 723
internal_value=-0.00111957 0.00437948 -0.0124379 -0.00906158 0.00260042 0.00146479 -0.00177143 -0.0162896 -0.00344426 0.0118824 0.00132018 -0.000787879 -0.00425606 0.00465421
internal_weight=3939 2651 1288 1023 2365 2120 1050 432 591 245 649 495 279 1070
internal_count=3939 2651 1288 1023 2365 2120 1050 432 591 245 649 495 279 1070
cat_boundaries=0 1 2 3 4 5 6
cat_threshold=11465 164 44104 86528 10240 32777
is_linear=0
shrinkage=0.03


Tree=68
num_leaves=15
num_cat=4
split_feature=0 0 0 9 9 0 7 9 9 0 7 1 4 2
split_gain=229.321 75.0226 58.4709 44.2733 33.8856 42.133 29.7275 18.0634 13.4461 20.2989 14.759 11.8132 11.7446 10.0069
threshold=11.849862500000002 32.964025500000012 5.061961000000001 0 1 26.261371000000004 262.50000000000006 2 3 15.891963000000002 227.50000000000003 4.5000000000000009 1.0000000180025095e-35 54.45000000000001
decision_type=2 2 2 9 9 2 2 9 9 2 2 2 2 2
left_child=2 4 -1 -4 5 6 11 12 9 -6 -11 -2 -5 -8
right_child=1 -3 3 7 8 -7 13 -9 -10 10 -12 -13 -14 -15
leaf_value=-8.9435959879718325 -0.1011309722694068 6.9867346172309954 -3.4156549165388719 -1.3239181282900199 -7.2064866937007901 8.4065722141226846 -0.67964705420861493 0.22725800751460154 -0.030367955270519359 1.9534762121804361 -6.1387415665711318 4.2210763065080172 -5.3163038349733114 4.4284168263583048
leaf_weight=209 720 218 430 193 50 154 32 271 1217 92 70 40 37 172
leaf_count=209 720 218 430 193 50 154 32 271 1217 92 70 40 37 172
internal_value=-0.00146735 0.00320072 -0.0127895 -0.00957035 0.00175501 0.0056383 0.003361 -0.00322896 -0.00131341 -0.00810811 -0.00333333 0.000631579 -0.00925 0.0135294
internal_weight=3905 2765 1140 931 2547 1118 964 501 1429 212 162 760 230 204
internal_count=3905 2765 1140 931 2547 1118 964 501 1429 212 162 760 230 204
cat_boundaries=0 1 2 3 4
cat_threshold=75977 3316 22048 257
is_linear=0
shrinkage=0.03


Tree=69
num_leaves=15
num_cat=5
split_feature=0 0 0 9 9 0 9 0 9 0 5 5 6 9
split_gain=237.313 77.8969 48.7991 33.6164 28.0125 24.8821 16.6617 11.9518 11.4992 18.6774 15.0589 10.5101 10.0866 9.82148
threshold=11.569689500000001 31.587555500000004 5.5709605000000009 0 1 16.165595000000003 2 26.261371000000004 3 14.028341500000002 13.500000000000002 14.500000000000002 156.50000000000003 4
decision_type=2 2 2 9 9 2 9 2 9 2 2 2 2 9
left_child=2 4 -1 -4 7 6 11 8 -2 -10 -11 -6 -12 -7
right_child=1 -3 3 -5 5 13 -8 -9 9 10 12 -13 -14 -15
leaf_value=-7.9717828846227574 4.6058027741246041 6.8728920243386824 -0.6187042891900012 -3.1057006260811066 -3.8263564257360301 1.0997560635993386 0.4703974879403881 25.883267093775284 -2.6266988183395621 -0.90097809240256987 -0.97958525559065257 -1.9659394688435474 5.1477071816877373 -0.076372101447349225
leaf_weight=254 111 278 414 407 81 811 194 33 45 71 30 326 103 710
leaf_count=254 111 278 414 407 81 811 194 33 45 71 30 326 103 710
internal_value=-0.00133402 0.00327605 -0.0133116 -0.00975639 0.00161034 0.000225141 -0.00494176 0.00885856 0.0075 0.00335907 0.00735294 -0.00827338 0.0133083 0.00226824
internal_weight=3868 2793 1075 821 2515 2122 601 393 360 249 204 407 133 1521
internal_count=3868 2793 1075 821 2515 2122 601 393 360 249 204 407 133 1521
cat_boundaries=0 1 2 3 4 5
cat_threshold=54068 228 14593 36 76032
is_linear=0
shrinkage=0.03


Tree=70
num_leaves=15
num_cat=4
split_feature=0 0 0 9 9 9 0 0 0 7 9 6 7 0
split_gain=213.926 90.7068 48.0695 40.4471 37.4003 15.9514 14.7973 14.5488 12.0266 11.1913 10.8002 10.7059 10.479 12.1684
threshold=14.957541000000001 6.6066410000000007 25.124023500000003 0 1 2 5.061961000000001 35.193950500000007 19.719260500000001 263.50000000000006 3 114.50000000000001 219.50000000000003 28.515407500000006
decision_type=2 2 2 9 9 9 2 2 2 2 9 2 2 2
left_child=1 6 5 11 7 8 -1 -4 9 -2 -7 -3 -6 -14
right_child=2 3 4 -5 12 10 -8 -9 -10 -11 -12 -13 13 -15
leaf_value=-8.6141749296012975 -0.41334373001815944 1.0135055839941685 4.3023536801086584 -2.1094742519505778 3.69210586651664 -2.1285704668346557 -3.0818115894244555 11.657654651309249 5.386239152268276 3.4199138287470894 0.34796493437172782 -0.2214746667574036 1.5753949167913663 -3.1144265896042294
leaf_weight=209 103 134 410 893 103 135 163 117 144 64 1052 259 72 80
leaf_count=209 103 134 410 893 103 135 163 117 144 64 1052 259 72 80
internal_value=-0.00117318 -0.00937274 0.00478947 -0.00559876 0.0108184 0.00164219 -0.0224194 0.0152514 0.00757009 0.00233533 2.50627e-05 0.00245658 0.00101887 -0.00394737
internal_weight=3938 1658 2280 1286 782 1498 372 527 311 167 1187 393 255 152
internal_count=3938 1658 2280 1286 782 1498 372 527 311 167 1187 393 255 152
cat_boundaries=0 1 2 3 4
cat_threshold=33076 67720 740 32785
is_linear=0
shrinkage=0.03


Tree=71
num_leaves=15
num_cat=0
split_feature=0 0 0 0 7 0 4 6 7 0 6 7 7 8
split_gain=226.733 61.5504 55.9557 19.8841 19.5139 15.6857 11.8004 11.6601 11.7599 10.9236 11.5847 13.2137 10.6692 12.4164
threshold=12.630421500000002 27.113121000000003 5.5709605000000009 34.454291000000005 270.50000000000006 19.369722000000007 1.0000000180025095e-35 104.50000000000001 216.50000000000003 28.515407500000006 124.50000000000001 214.50000000000003 272.50000000000006 5.5000000000000009
decision_type=2 2 2 2 2 2 2 2 2 2 2 2 2 2
left_child=2 5 -1 4 9 -2 -7 8 -4 -3 11 -11 13 -9
right_child=1 3 7 -5 -6 6 -8 12 -10 10 -12 -13 -14 -15
leaf_value=-7.4321570488990183 -0.29338631640025598 5.0206322593462733 -2.6696068788384468 8.9639650904314969 -4.2364383824647343 1.6046552403345298 -1.1867487589427241 -2.8511730060576839 0.71481750627203611 2.7990089694316018 3.5842717522632572 -3.2666712830214966 -0.47425960347493401 0.16080826943360763
leaf_weight=253 1088 112 77 161 31 804 118 598 82 63 247 30 199 65
leaf_count=253 1088 112 77 161 31 804 118 598 82 63 247 30 199 65
internal_value=-0.00151222 0.00348154 -0.0119152 0.0115528 0.00850932 0.000895522 0.0037744 -0.0087855 -0.00132075 0.0100885 0.00741176 -0.0016129 -0.0101624 -0.011991
internal_weight=3928 2654 1274 644 483 2010 922 1021 159 452 340 93 862 663
internal_count=3928 2654 1274 644 483 2010 922 1021 159 452 340 93 862 663
is_linear=0
shrinkage=0.03


Tree=72
num_leaves=15
num_cat=5
split_feature=9 6 9 9 5 9 6 2 6 2 9 7 3 3
split_gain=48.1411 15.5384 12.8244 10.8688 12.2215 10.6246 10.5733 8.45488 7.89054 9.41977 7.67454 14.9521 8.92618 14.6609
threshold=0 137.50000000000003 1 2 12.500000000000002 3 196.50000000000003 191.05000000000004 92.500000000000014 87.450000000000017 4 215.50000000000003 9529.4350000000013 13257.596500000001
decision_type=9 2 9 9 2 9 2 2 2 2 9 2 2 2
left_child=10 2 8 4 -3 7 -5 -6 -2 -10 11 -1 -12 -14
right_child=1 3 -4 6 5 -7 -8 -9 9 -11 12 -13 13 -15
leaf_value=1.9409134981495639 2.1762817292507655 2.7738596658210644 0.12521937818581136 0.58055949324533451 -0.01102564048158456 -4.3491868296762135 -2.1692069202396951 -1.8464725617363114 4.1907020368315786 1.4441198609094827 -1.9172167023137558 -9.2891247027310921 1.1958775969102498 -0.76738480353503291
leaf_weight=43 65 76 366 1367 248 119 56 98 42 194 527 91 89 557
leaf_count=43 65 76 366 1367 248 119 56 98 42 194 527 91 89 557
internal_value=-0.00140173 0.000942825 0.00490255 -0.000397149 -0.00397459 -0.00587097 0.00098395 -0.00286517 0.00935691 0.00711864 -0.006082 -0.0129167 -0.00519865 -0.00287926
internal_weight=3938 2631 667 1964 541 465 1423 346 301 236 1307 134 1173 646
internal_count=3938 2631 667 1964 541 465 1423 346 301 236 1307 134 1173 646
cat_boundaries=0 1 2 3 4 5
cat_threshold=28993 65564 66100 66064 1
is_linear=0
shrinkage=0.03


Tree=73
num_leaves=15
num_cat=5
split_feature=0 0 0 9 0 9 9 4 0 9 6 6 0 9
split_gain=227.68 64.3979 56.3942 53.9847 28.8347 16.9278 16.8066 15.5525 10.4851 9.63667 8.7957 8.8665 9.99164 8.02136
threshold=12.449120000000002 35.193950500000007 5.061961000000001 0 19.369722000000007 1 2 1.0000000180025095e-35 25.288895500000006 3 80.500000000000014 177.50000000000003 8.2848845000000022 4
decision_type=2 2 2 9 2 9 9 2 2 9 2 2 2 9
left_child=2 4 -1 -4 6 8 -2 -7 -6 -5 -11 12 -12 -8
right_child=1 -3 3 9 5 7 13 -9 -10 10 11 -13 -14 -15
leaf_value=-7.7989954395859238 -2.0406146263491585 10.159327476786761 -3.1336002067274467 -1.8597002012443453 4.4607106660096454 1.8268410578919849 2.0320849795361347 -0.73621202398811869 26.586055824842809 2.0759600771624243 -1.6037796634384607 1.0999455503658249 0.10769327677392994 -0.095183839920200616
leaf_weight=204 127 144 511 119 63 1146 127 135 47 30 119 66 188 863
leaf_count=204 127 144 511 119 63 1146 127 135 47 30 119 66 188 863
internal_value=-0.00113397 0.00382353 -0.0117623 -0.00891578 0.00270335 0.00558591 -0.000886303 0.0044849 0.0165 -0.00191729 0.000363196 -0.000884718 -0.00302932 0.00048
internal_weight=3889 2652 1237 1033 2508 1391 1117 1281 110 522 403 373 307 990
internal_count=3889 2652 1237 1033 2508 1391 1117 1281 110 522 403 373 307 990
cat_boundaries=0 1 2 3 4 5
cat_threshold=81033 128 1281 16448 32804
is_linear=0
shrinkage=0.03


Tree=74
num_leaves=15
num_cat=4
split_feature=0 0 0 9 9 0 6 0 5 9 6 9 0 6
split_gain=195.879 63.1323 61.1926 39.1782 32.1112 18.1695 17.2703 12.8253 13.9742 20.2888 12.426 10.5225 8.86977 7.95269
threshold=13.285151500000001 5.5709605000000009 30.170893000000003 0 1 9.5176385000000021 99.500000000000014 19.369722000000007 14.500000000000002 2 114.50000000000001 3 25.288895500000006 172.50000000000003
decision_type=2 2 2 9 9 2 2 2 2 9 2 9 2 2
left_child=1 -1 4 -3 12 6 -5 8 9 13 -4 -10 -2 -6
right_child=2 3 10 5 7 -7 -8 -9 11 -11 -12 -13 -14 -15
leaf_value=-6.8996808138674153 2.7844387150597822 -2.8842789667140911 -0.76206371514550031 0.91670069398471921 -0.67564372893267999 0.70066941340269184 -1.8015495069849157 0.8175090271965314 1.3190260425322617 -2.6307901316780136 6.032822345611935 -0.90481187941782304 22.060497602671632 2.9336402659354963
leaf_weight=250 187 526 33 33 93 260 273 1056 271 185 335 295 30 62
leaf_count=250 187 526 33 33 93 260 273 1056 271 185 335 295 30 62
internal_value=-0.00136539 -0.0106408 0.00352179 -0.00752747 0.00161083 -0.001875 -0.00686275 0.000365112 -0.00225166 -0.00705882 0.014837 0.000636042 0.0122907 0.00127273
internal_weight=3889 1342 2547 1092 2179 566 306 1962 906 340 368 566 217 155
internal_count=3889 1342 2547 1092 2179 566 306 1962 906 340 368 566 217 155
cat_boundaries=0 1 2 3 4
cat_threshold=30857 164 33352 10240
is_linear=0
shrinkage=0.03


Tree=75
num_leaves=15
num_cat=0
split_feature=0 0 0 0 7 0 6 3 6 7 0 6 0 3
split_gain=182.519 58.0957 53.4958 23.0754 18.7081 13.7941 14.9322 12.9095 12.5189 13.9683 12.0135 10.0586 8.96354 7.40935
threshold=11.849862500000002 27.113121000000003 4.8585930000000008 35.193950500000007 271.50000000000006 18.694475500000006 164.50000000000003 59701.482500000006 104.50000000000001 221.50000000000003 28.515407500000006 178.50000000000003 9.3337420000000026 9731.4915000000019
decision_type=2 2 2 2 2 2 2 2 2 2 2 2 2 2
left_child=2 5 -1 4 10 -2 7 13 9 -4 -3 -10 -13 -7
right_child=1 3 8 -5 -6 6 -8 -9 11 -11 -12 12 -14 -15
leaf_value=-8.1057291986254807 -0.29179937723999727 5.5466902531839333 -2.4150815175857474 8.9480328698692659 -4.5988935842644789 -0.15895787823801583 3.0707152652413425 -1.6445570585185123 -2.4078775985874894 0.67964933100061098 2.9603218589691869 -2.2179018727246103 0.47416003817400676 1.4691641607248174
leaf_weight=183 1114 115 60 135 31 313 313 73 617 66 377 121 60 320
leaf_count=183 1114 115 60 135 31 313 313 73 617 66 377 121 60 320
internal_value=-0.000938943 0.00314941 -0.0112466 0.0109422 0.00808795 0.000745429 0.00326791 0.000849858 -0.00831169 0.00047619 0.0095122 -0.00969925 -0.00348066 0.00222749
internal_weight=3898 2791 1107 658 523 2133 1019 706 924 126 492 798 181 633
internal_count=3898 2791 1107 658 523 2133 1019 706 924 126 492 798 181 633
is_linear=0
shrinkage=0.03


Tree=76
num_leaves=15
num_cat=3
split_feature=0 0 0 9 0 9 0 0 6 0 7 9 5 5
split_gain=176.344 77.2413 33.7916 28.8336 22.122 19.385 20.8818 18.5519 17.3241 15.9598 18.8118 15.1069 20.8147 11.9607
threshold=7.6676055000000014 20.395902500000002 34.454291000000005 0 4.1092625000000007 1 14.876493000000002 27.113121000000003 115.50000000000001 10.256212000000001 254.50000000000003 2 15.500000000000002 14.500000000000002
decision_type=2 2 2 9 2 9 2 2 2 2 2 9 2 2
left_child=4 5 3 -3 -1 8 -7 11 -2 -10 -11 12 -5 -8
right_child=1 2 -4 7 -6 6 13 -9 9 10 -12 -13 -14 -15
leaf_value=-9.7739114296102745 2.0671649236882921 0.15990109743712308 7.9234238721531574 -0.78134999779362035 -2.6584395612778509 -1.8308213781412643 -0.65383261885538557 8.2900779065354619 -2.2590860147699594 -1.0750740994971284 2.9424945127112139 5.325054149177495 8.6524475241101868 0.6941827012872227
leaf_weight=128 108 707 167 162 379 806 285 132 99 103 143 176 56 441
leaf_count=128 108 707 167 162 379 806 285 132 99 103 143 176 56 441
internal_value=-0.00131038 0.001161 0.00655714 0.00484185 -0.0178107 -0.00264484 -0.00424125 0.0100746 0.00278618 -0.000434783 0.00365854 0.00700508 0.00131579 -0.000578512
internal_weight=3892 3385 1400 1233 507 1985 1532 526 453 345 246 394 218 726
internal_count=3892 3385 1400 1233 507 1985 1532 526 453 345 246 394 218 726
cat_boundaries=0 1 2 3
cat_threshold=111625 32884 2048
is_linear=0
shrinkage=0.03


Tree=77
num_leaves=15
num_cat=5
split_feature=0 0 9 0 0 9 0 9 7 0 6 9 9 7
split_gain=152.518 71.6698 31.4968 22.2234 20.7725 20.7957 16.9281 16.6083 16.193 16.1276 16.0838 15.4461 13.5168 12.7138
threshold=7.6676055000000014 27.113121000000003 0 5.061961000000001 19.369722000000007 1 35.960008000000009 2 252.50000000000003 14.111803500000002 113.50000000000001 3 4 254.50000000000003
decision_type=2 2 9 2 2 9 2 9 2 2 2 9 9 2
left_child=3 4 13 -1 5 10 11 8 -6 -7 -2 -4 -5 -3
right_child=1 2 6 12 7 9 -8 -9 -10 -11 -12 -13 -14 -15
leaf_value=-6.8211907754793204 1.5061194198132966 2.1741535077835761 1.3522813385563903 -0.32917598031237727 -0.58245157306686224 -1.8818508966530929 10.406695071235681 3.8056363497142023 1.8645596742371877 -0.22439572732219518 -0.11485240713543135 7.8398079627507462 -2.992315080022288 -4.9300330553399769
leaf_weight=199 130 161 220 101 495 696 113 259 174 716 331 141 183 33
leaf_count=199 130 161 220 101 495 696 113 259 174 716 331 141 183 33
internal_value=-0.000789474 0.00140963 0.0102395 -0.0165839 -0.00069618 -0.00251468 0.0142562 0.00297414 0.000397644 -0.0043038 0.00299363 0.011385 -0.0111972 -0.000294118
internal_weight=3952 3469 668 483 2801 1873 474 928 669 1412 461 361 284 194
internal_count=3952 3469 668 483 2801 1873 474 928 669 1412 461 361 284 194
cat_boundaries=0 1 2 3 4 5
cat_threshold=41985 33332 112649 65544 49236
is_linear=0
shrinkage=0.03


Tree=78
num_leaves=15
num_cat=4
split_feature=0 0 0 9 9 9 9 5 0 6 6 6 0 0
split_gain=163.34 49.3003 48.2447 26.5522 24.4012 22.9913 13.9839 23.1391 15.9054 15.4851 12.9639 11.1305 10.9212 10.4379
threshold=11.569689500000001 4.8585930000000008 27.113121000000003 0 1 2 3 15.500000000000002 14.876493000000002 84.500000000000014 177.50000000000003 119.50000000000001 35.193950500000007 36.470135500000005
decision_type=2 2 2 9 9 9 9 2 2 2 2 2 2 2
left_child=1 -1 4 12 -2 -3 8 -8 11 -10 -7 -6 -4 -5
right_child=2 5 3 13 6 10 7 -9 9 -11 -12 -13 -14 -15
leaf_value=-7.2524011698908097 1.7388445808579627 -2.815678991961605 4.2478953129130037 1.0334476773584083 -7.1577944781646687 -0.75739994124940035 -0.1493792853281036 3.8338334521751198 5.7488099971261954 -1.1888322880032409 1.0822220952656061 -2.4865380254577896 10.863047245395121 6.1514170958456402
leaf_weight=182 445 464 226 299 37 397 1050 241 41 272 65 81 60 57
leaf_count=182 445 464 226 299 37 397 1050 241 41 272 65 81 60 57
internal_value=-0.000696962 -0.0104513 0.00315059 0.0103738 0.00101061 -0.00764579 -0.000623557 0.000945427 -0.0052381 -0.00182109 -0.00266949 -0.0147458 0.017027 0.00442623
internal_weight=3917 1108 2809 642 2167 926 1722 1291 431 313 462 118 286 356
internal_count=3917 1108 2809 642 2167 926 1722 1291 431 313 462 118 286 356
cat_boundaries=0 1 2 3 4
cat_threshold=67712 740 77001 4353
is_linear=0
shrinkage=0.03


Tree=79
num_leaves=15
num_cat=0
split_feature=0 0 0 0 0 7 6 3 7 6 6 4 2 3
split_gain=149.667 79.8447 25.1837 25.0543 15.835 15.598 12.9499 13.2442 10.9717 10.7653 10.2564 9.2461 8.78025 9.70283
threshold=7.3461790000000002 27.253774000000003 4.1092625000000007 14.957541000000001 36.470135500000005 254.50000000000003 161.50000000000003 3020.9970000000003 271.50000000000006 101.50000000000001 128.50000000000003 1.0000000180025095e-35 111.10000000000001 5395.344000000001
decision_type=2 2 2 2 2 2 2 2 2 2 2 2 2 2
left_child=2 3 -1 8 5 9 7 -5 10 -3 -2 12 13 -9
right_child=1 4 -4 6 -6 -7 -8 11 -10 -11 -12 -13 -14 -15
leaf_value=-9.1638836020390659 -0.24321215403836505 -1.3077566761541515 -2.3303595684593494 -1.3993407883926556 9.9099517062232323 -2.1672188356904551 1.9113980246573645 -0.83033853320683193 0.26525009614257894 4.0590803774195088 -1.9137903358624202 -1.2206091555771126 0.079576511091943303 2.6120019182358032
leaf_weight=132 321 38 317 159 113 67 589 51 227 425 653 143 533 166
leaf_count=132 321 38 317 159 113 67 589 51 227 425 653 143 533 166
internal_value=-0.000869344 0.00123099 -0.0171715 -0.000928923 0.0107776 0.00860377 0.0014808 -0.000513308 -0.00422148 0.0105616 -0.00560575 0.000907055 0.00224 0.00732719
internal_weight=3934 3485 449 2842 643 530 1641 1052 1201 463 974 893 750 217
internal_count=3934 3485 449 2842 643 530 1641 1052 1201 463 974 893 750 217
is_linear=0
shrinkage=0.03


Tree=80
num_leaves=15
num_cat=3
split_feature=0 0 0 9 9 5 0 0 3 4 3 9 5 0
split_gain=160.639 84.159 33.6694 24.234 19.4137 20.235 18.6621 15.9234 15.0561 12.4474 11.5428 11.1545 13.4377 10.9929
threshold=6.814753500000001 19.369722000000007 35.193950500000007 0 1 14.500000000000002 14.957541000000001 4.8585930000000008 17617.917000000005 1.5000000000000002 2214.2880000000005 2 16.500000000000004 11.569689500000001
decision_type=2 2 2 9 9 2 2 2 2 2 2 9 2 2
left_child=7 4 3 -3 5 -2 11 -1 -6 -5 -8 -7 -13 -10
right_child=1 2 -4 9 8 6 10 -9 13 -11 -12 12 -14 -15
leaf_value=-7.4535483794134461 -1.9488996630781821 8.3991116951603502 7.8349341695768135 0.97626590395077983 -0.31252356434856321 0.13821697181507148 -1.2031329403226254 -2.8221440402030873 -0.056566553899190235 -1.2150633515165463 1.4336394332928899 -3.1217121543393862 1.4924433152494294 2.9362793899552773
leaf_weight=192 333 129 143 1223 566 134 46 196 125 71 291 336 41 140
leaf_count=192 333 129 143 1223 566 134 46 196 125 71 291 336 41 140
internal_value=-0.00114977 0.000838457 0.00605364 0.00465917 -0.00322068 -0.00566751 -0.00325472 -0.0194845 0.000321046 0.00331288 0.00222552 -0.00686888 -0.00937984 0.00622642
internal_weight=3966 3578 1566 1423 2012 1181 848 388 831 1294 337 511 377 265
internal_count=3966 3578 1566 1423 2012 1181 848 388 831 1294 337 511 377 265
cat_boundaries=0 1 2 3
cat_threshold=132 32129 8192
is_linear=0
shrinkage=0.03


Tree=81
num_leaves=15
num_cat=0
split_feature=0 0 0 3 7 6 6 0 5 0 2 3 6 3
split_gain=131.945 69.4519 37.492 13.9335 10.0362 11.1729 10.071 9.4782 8.5421 8.08934 12.5598 10.9656 9.11091 9.05726
threshold=16.165595000000003 5.7379890000000007 36.470135500000005 109861.22300000001 263.50000000000006 173.50000000000003 197.50000000000003 4.1092625000000007 16.500000000000004 24.891315000000002 114.45000000000002 9731.4915000000019 84.500000000000014 10443.479000000001
decision_type=2 2 2 2 2 2 2 2 2 2 2 2 2 2
left_child=1 7 3 9 8 -6 -7 -1 -3 11 -11 -2 -13 -14
right_child=2 4 -4 -5 5 6 -8 -9 -10 10 -12 12 13 -15
leaf_value=-8.6346459654473762 -0.18604499808228864 -1.5310408321129194 9.4878346387966292 -1.4837711414489365 -0.99556580165856301 0.85717690555265447 -1.6103670720015373 -2.6061398787751409 1.473261870513686 3.0331190826790544 1.0432630484727587 7.591188011048879 4.8329631773838351 0.77052752645847244
leaf_weight=128 611 1060 110 46 231 212 44 145 34 275 408 32 46 535
leaf_count=128 611 1060 110 46 231 212 44 145 34 275 408 32 46 535
internal_value=-0.000988001 -0.00679612 0.0042317 0.00327189 -0.0043833 -0.000800821 0.00351562 -0.0207692 -0.00597806 0.00366544 0.00628111 0.00220588 0.00504078 0.00418244
internal_weight=3917 1854 2063 1953 1581 487 256 273 1094 1907 683 1224 613 581
internal_count=3917 1854 2063 1953 1581 487 256 273 1094 1907 683 1224 613 581
is_linear=0
shrinkage=0.03


Tree=82
num_leaves=15
num_cat=4
split_feature=0 0 9 0 9 9 9 0 6 6 7 0 0 6
split_gain=158.548 74.6268 30.5217 31.6389 20.9686 19.4758 13.5034 18.1069 15.7236 12.0106 11.376 11.1468 9.7661 9.29342
threshold=5.8645015000000003 19.369722000000007 0 30.170893000000003 1 2 3 14.111803500000002 140.50000000000003 159.50000000000003 214.50000000000003 28.515407500000006 10.256212000000001 174.50000000000003
decision_type=2 2 9 2 9 9 9 2 2 2 2 2 2 2
left_child=-1 4 10 5 12 -4 8 13 -6 -10 -3 -12 -2 -8
right_child=1 2 3 -5 6 -7 7 -9 9 -11 11 -13 -14 -15
leaf_value=-5.3797076742411321 -1.2942789907816541 3.0584867153731534 6.8002781030043158 6.0741280667877566 0.71434854006989545 1.5495611213540086 -2.1442772878081473 -0.032906406830256855 -1.1341648276365923 0.6560240258775889 -0.01510550999700854 -2.9624616015098897 -8.1206858791574135 -0.28768192589573799
leaf_weight=300 52 122 105 305 227 692 518 724 112 182 240 75 58 218
leaf_count=300 52 122 105 305 227 692 518 724 112 182 240 75 58 218
internal_value=-0.000839695 0.000892562 0.00590643 0.00852518 -0.0027977 0.00545797 -0.00203415 -0.0035102 0.0020904 -0.00244898 -0.000872483 -0.00390476 -0.015 -0.00684783
internal_weight=3930 3630 1539 1102 2091 797 1981 1460 521 294 437 315 110 736
internal_count=3930 3630 1539 1102 2091 797 1981 1460 521 294 437 315 110 736
cat_boundaries=0 1 2 3 4
cat_threshold=45057 16385 132 33332
is_linear=0
shrinkage=0.03


Tree=83
num_leaves=15
num_cat=4
split_feature=0 0 0 9 9 5 0 0 9 6 3 6 2 9
split_gain=134.467 50.6845 27.2573 22.0059 21.6859 20.5724 20.2295 14.7493 14.8868 13.7845 12.5397 12.3049 10.6196 10.5228
threshold=7.3461790000000002 19.369722000000007 35.960008000000009 0 1 14.500000000000002 4.1092625000000007 14.689959000000002 2 137.50000000000003 2214.2880000000005 177.50000000000003 261.45000000000005 3
decision_type=2 2 2 9 9 2 2 2 9 2 2 2 2 9
left_child=6 3 4 9 -3 13 -1 8 -7 -2 -9 12 -11 -5
right_child=1 2 -4 5 -6 7 -8 10 -10 11 -12 -13 -14 -15
leaf_value=-8.1381274302173559 0.73805568794828902 0.56675842005880439 7.8892467095144685 -4.6952157367955873 4.8919985384951472 0.32813556069461125 -2.2339415335113837 -1.1566443438723764 -2.3705875553749536 -1.8668553227540643 1.6083154740743726 1.8637299721043017 1.2223200526225377 -1.1114731770445314
leaf_weight=129 208 1152 122 125 307 147 328 51 328 182 347 137 44 353
leaf_count=129 208 1152 122 125 307 147 328 51 328 182 347 137 44 353
internal_value=-0.000909091 0.00108764 0.00506641 -0.00218522 0.00392735 -0.00425422 -0.0162144 -0.00154639 -0.00511579 0.00273666 0.00271357 -0.000743802 -0.00504425 -0.0092887
internal_weight=3960 3503 1581 1922 1459 1351 457 873 475 571 398 363 226 478
internal_count=3960 3503 1581 1922 1459 1351 457 873 475 571 398 363 226 478
cat_boundaries=0 1 2 3 4
cat_threshold=33396 112649 73728 67585
is_linear=0
shrinkage=0.03


Tree=84
num_leaves=15
num_cat=0
split_feature=0 0 0 0 6 4 7 4 5 8 5 0 2 6
split_gain=127.075 64.728 32.7114 20.6634 12.077 12.0403 9.78598 8.95661 8.17255 8.10674 6.23065 6.4174 6.01588 5.51797
threshold=7.3461790000000002 18.694475500000006 35.960008000000009 4.1092625000000007 148.50000000000003 1.5000000000000002 191.50000000000003 3.5000000000000004 13.500000000000002 3.5000000000000004 15.500000000000002 20.804577500000004 91.500000000000014 180.50000000000003
decision_type=2 2 2 2 2 2 2 2 2 2 2 2 2 2
left_child=3 9 5 -1 -4 6 -3 -7 -5 -2 -8 -12 13 -11
right_child=1 2 4 8 -6 7 10 -9 -10 12 11 -13 -14 -15
leaf_value=-7.8953889368201144 -1.1052643583919119 4.6035389758027234 6.5630114528657755 -0.47822956628423297 9.2855722022516822 -1.8156416778685252 0.62262197114328499 5.2416800755291941 -2.6655761240520475 -1.8345485737040734 0.27992831417158753 3.4811955286032616 0.072945834439109375 0.56478157899039272
leaf_weight=124 1037 154 65 69 63 54 1127 30 251 171 56 103 526 62
leaf_count=124 1037 154 65 69 63 54 1127 30 251 171 56 103 526 62
internal_value=-0.00110997 0.000835267 0.00512107 -0.0162162 0.0196875 0.00389764 0.00454167 -0.00714286 -0.0121875 -0.0031069 0.00368585 0.00924528 -0.000750988 -0.00476395
internal_weight=3892 3448 1652 444 128 1524 1440 84 320 1796 1286 159 759 233
internal_count=3892 3448 1652 444 128 1524 1440 84 320 1796 1286 159 759 233
is_linear=0
shrinkage=0.03


Tree=85
num_leaves=15
num_cat=4
split_feature=0 0 9 0 9 9 0 0 0 4 0 0 0 9
split_gain=118.987 66.7216 33.0882 34.2877 24.5642 19.2505 13.65 13.6199 10.9971 10.3793 10.071 17.2578 9.40798 17.5512
threshold=5.5709605000000009 18.694475500000006 0 35.193950500000007 1 2 25.288895500000006 4.1092625000000007 32.018938000000006 1.0000000180025095e-35 26.422835000000003 22.125774500000002 13.952688500000002 3
decision_type=2 2 9 2 9 9 2 2 2 2 2 2 2 9
left_child=7 4 8 5 -2 10 -7 -1 9 -3 11 -4 13 -6
right_child=1 2 3 -5 12 6 -8 -9 -10 -11 -12 -13 -14 -15
leaf_value=-7.8453898846207091 0.10890257904258532 0.22481254219583205 2.5737449731798687 7.8989289375904219 -2.893627415679132 3.0123336418192435 23.652025518771463 -2.5134263506897958 -5.8316633047431354 -1.255332467725468 2.4319983200831872 -0.99218325170932986 -0.56928563602067239 -1.3083707108221119
leaf_weight=131 765 374 256 123 257 202 45 127 32 70 322 256 515 408
leaf_count=131 765 374 256 123 257 202 45 127 32 70 322 256 515 408
internal_value=-0.000780324 0.00062069 0.005 0.0076112 -0.00316195 0.0059667 0.0131907 -0.0204651 -0.0017284 -0.000540541 0.00362559 0.00105469 -0.00584874 -0.00825564
internal_weight=3883 3625 1680 1204 1945 1081 247 258 476 444 834 512 1180 665
internal_count=3883 3625 1680 1204 1945 1081 247 258 476 444 834 512 1180 665
cat_boundaries=0 1 2 3 4
cat_threshold=45057 37492 68680 3209
is_linear=0
shrinkage=0.03


Tree=86
num_leaves=15
num_cat=0
split_feature=0 0 0 0 5 2 6 0 6 6 0 6 0 2
split_gain=122.614 58.1303 20.3882 20.0442 10.5819 15.8641 9.89876 9.31537 9.13621 8.00952 7.8544 12.665 7.24279 6.11159
threshold=5.7379890000000007 27.113121000000003 35.193950500000007 12.875887000000002 15.500000000000002 490.15000000000003 174.50000000000003 4.1092625000000007 76.500000000000014 144.50000000000003 28.515407500000006 155.50000000000003 29.198172000000003 148.50000000000003
decision_type=2 2 2 2 2 2 2 2 2 2 2 2 2 2
left_child=7 3 10 -2 6 -6 8 -1 -5 -9 11 -3 13 -12
right_child=1 2 -4 4 5 -7 -8 9 -10 -11 12 -13 -14 -15
leaf_value=-7.7305712678971048 -1.2112557569291311 3.7377359372831278 6.8187475286737635 6.6901822749556983 2.5337185606391017 -2.7819460315182414 1.6994108929928051 -1.1546347565728001 -0.40827064236073507 -3.5803550203671839 1.8349868865953338 -1.8794641148777838 2.178407211042904 -2.0920794492665982
leaf_weight=127 1034 89 138 31 361 39 331 35 1231 105 31 30 319 36
leaf_count=127 1034 89 138 31 361 39 331 35 1231 105 31 30 319 36
internal_value=-0.000708661 0.000719346 0.00891135 -0.00102081 0.000737582 0.0051 -0.000357815 -0.0203371 -0.00156894 -0.015 0.00611881 0.0128571 0.00404145 -0.00492537
internal_weight=3937 3670 643 3027 1993 400 1593 267 1262 140 505 119 386 67
internal_count=3937 3670 643 3027 1993 400 1593 267 1262 140 505 119 386 67
is_linear=0
shrinkage=0.03


Tree=87
num_leaves=15
num_cat=3
split_feature=0 0 9 0 9 9 0 6 5 0 4 0 5 0
split_gain=138.994 52.7412 31.4521 31.0943 18.7439 17.6571 16.3957 15.3958 9.92438 9.77372 8.64193 8.38642 8.36378 8.61983
threshold=6.814753500000001 36.470135500000005 0 19.964788000000002 1 2 4.2788670000000009 105.50000000000001 12.500000000000002 19.369722000000007 1.0000000180025095e-35 25.780628000000004 16.500000000000004 15.891963000000002
decision_type=2 2 9 2 9 9 2 2 2 2 2 2 2 2
left_child=6 2 9 5 11 7 -1 -4 -9 -2 -6 -5 13 -7
right_child=1 -3 3 4 10 12 -8 8 -10 -11 -12 -13 -14 -15
leaf_value=-6.2760245623299333 -9.6212482833407176 8.2137699716513435 1.9342935270124735 2.5679715776947796 0.9193041019319298 -1.283225585801125 -2.3276888292311284 2.7981871753568472 -0.45471567296169835 -7.0003722479358155 -0.78543643052270107 22.625858147430581 3.0292604097755222 -0.10739627077588239
leaf_weight=148 47 110 89 83 1054 986 240 69 224 73 118 37 60 569
leaf_count=148 47 110 89 83 1054 986 240 69 224 73 118 37 60 569
internal_value=-0.00105196 0.000826939 0.000167204 0.000736587 0.00436533 -0.00160741 -0.0180928 0.00413265 0.000921502 -0.0143077 0.00309645 0.0152308 -0.00297231 -0.00341479
internal_weight=3907 3519 3409 3289 1292 1997 388 382 293 120 1172 120 1615 1555
internal_count=3907 3519 3409 3289 1292 1997 388 382 293 120 1172 120 1615 1555
cat_boundaries=0 1 2 3
cat_threshold=1 640 32820
is_linear=0
shrinkage=0.03


Tree=88
num_leaves=15
num_cat=3
split_feature=9 6 4 6 9 7 7 3 3 3 6 5 9 7
split_gain=23.8982 16.8222 18.3557 14.0483 13.734 14.6036 9.39799 6.52768 6.83026 12.013 6.5029 6.10646 10.1751 11.0769
threshold=0 107.50000000000001 1.0000000180025095e-35 199.50000000000003 1 210.50000000000003 194.50000000000003 132997.51250000004 9529.4350000000013 13257.596500000001 126.50000000000001 15.500000000000002 2 234.50000000000003
decision_type=9 2 2 2 9 2 2 2 2 2 2 2 9 2
left_child=4 -2 3 6 5 -1 -3 8 10 -10 -6 12 13 -8
right_child=1 2 -4 -5 7 -7 11 -9 9 -11 -12 -13 -14 -15
leaf_value=2.3215321325694958 1.7971683104865745 2.6815005079951697 -2.2132277684242534 -2.0469326675073627 -2.0606628176340838 -8.2828107716907269 2.4140472999512155 -2.2083041583332443 1.4658647333781198 -0.4847514255671535 -0.587706107181591 2.3964298972594245 -0.19710265226435694 0.17593254833952982
leaf_weight=32 154 155 245 37 196 98 78 37 122 711 487 197 1217 156
leaf_count=32 154 155 245 37 196 98 78 37 122 711 487 197 1217 156
internal_value=-0.00108618 0.000947088 0.000244604 0.00127174 -0.00377437 -0.0128571 0.00164725 -0.00293666 -0.00265172 -0.000828331 -0.00487555 0.00098301 0.000310131 0.00590164
internal_weight=3922 2239 2085 1840 1683 130 1803 1553 1516 833 683 1648 1451 234
internal_count=3922 2239 2085 1840 1683 130 1803 1553 1516 833 683 1648 1451 234
cat_boundaries=0 1 2 3
cat_threshold=62785 1 640
is_linear=0
shrinkage=0.03


Tree=89
num_leaves=15
num_cat=3
split_feature=9 4 9 6 7 5 6 6 5 3 5 2 3 9
split_gain=30.6686 17.6725 12.7413 16.2545 10.2242 7.71814 7.46519 11.3052 7.55033 7.51504 6.80392 6.53077 7.30133 7.28747
threshold=0 1.0000000180025095e-35 1 134.50000000000003 207.50000000000003 15.500000000000002 177.50000000000003 171.50000000000003 12.500000000000002 3396.1720000000005 14.500000000000002 93.500000000000014 2347.3820000000005 2
decision_type=9 2 9 2 2 2 2 2 2 2 2 2 2 9
left_child=4 2 3 10 -1 11 7 9 -8 -4 -2 -5 -13 -14
right_child=1 -3 6 5 -6 -7 8 -9 -10 -11 -12 12 13 -15
leaf_value=-0.29354133724881193 2.4631107663217242 -1.3461695540154914 -1.2709910203899029 0.6480495494649221 -8.1223407303685189 2.3890359950254219 6.7596273748373026 -2.0156363942701954 0.36163812276130558 -0.16237932152531812 0.31342296510751566 -1.9746723409837545 1.5091109319394422 -0.51716381095075348
leaf_weight=33 183 526 196 488 103 199 32 90 215 1038 81 79 117 563
leaf_count=33 183 526 196 488 103 199 32 90 215 1038 81 79 117 563
internal_value=-0.000890185 -0.0003694 0.000448034 0.00223256 -0.0143836 0.000995851 -0.00149905 -0.00240181 0.00327935 -0.00165316 0.00909091 0.000120289 -0.00162055 -0.000617647
internal_weight=3943 3807 3281 1710 136 1446 1571 1324 247 1234 264 1247 759 680
internal_count=3943 3807 3281 1710 136 1446 1571 1324 247 1234 264 1247 759 680
cat_boundaries=0 1 2 3
cat_threshold=1 68748 1152
is_linear=0
shrinkage=0.03


Tree=90
num_leaves=15
num_cat=0
split_feature=0 0 0 0 7 6 0 2 2 8 7 3 6 0
split_gain=116.095 49.543 27.8913 10.9189 9.95098 12.0188 9.64371 9.01205 12.058 7.8729 8.37405 8.3196 7.47535 15.9387
threshold=5.5709605000000009 19.369722000000007 36.470135500000005 4.1092625000000007 219.50000000000003 92.500000000000014 10.743971500000002 113.05000000000001 51.500000000000007 5.5000000000000009 275.50000000000006 13397.793000000001 164.50000000000003 21.752200000000006
decision_type=2 2 2 2 2 2 2 2 2 2 2 2 2 2
left_child=3 4 7 -1 -2 -6 9 8 -3 10 -7 -12 -9 -14
right_child=1 2 -4 -5 5 6 -8 12 -10 -11 11 -13 13 -15
leaf_value=-6.5749989982409147 -1.6376840920068001 -0.43642161451369244 8.7132115839570723 -2.2985820757706512 1.6638019432673592 -1.5878686945000982 0.037200246818147202 0.12497014410757173 2.6533146969759582 0.87774198649279922 0.90311777016348393 -1.4732149513142256 6.6838463874798775 0.16329436730368344
leaf_weight=128 437 111 103 126 70 386 1043 690 438 63 77 30 54 127
leaf_count=128 437 111 103 126 70 386 1043 690 438 63 77 30 54 127
internal_value=-0.000471285 0.000901075 0.00502298 -0.0200787 -0.00207977 -0.00102457 -0.00155722 0.00392958 0.00693989 -0.0047482 -0.00602434 0.00140187 0.00203215 0.00745856
internal_weight=3883 3629 1523 254 2106 1669 1599 1420 549 556 493 107 871 181
internal_count=3883 3629 1523 254 2106 1669 1599 1420 549 556 493 107 871 181
is_linear=0
shrinkage=0.03


Tree=91
num_leaves=15
num_cat=0
split_feature=0 0 0 0 0 7 7 2 4 5 7 2 3 2
split_gain=119.161 38.6383 15.739 13.0203 12.2477 11.0518 10.6643 12.5888 9.97852 7.81896 8.13923 14.154 12.9804 12.0538
threshold=6.6066410000000007 25.288895500000006 4.1092625000000007 16.080482000000003 36.470135500000005 189.50000000000003 232.50000000000003 124.40000000000002 1.0000000180025095e-35 15.500000000000002 243.50000000000003 339.95000000000005 4306.3290000000006 107.05000000000001
decision_type=2 2 2 2 2 2 2 2 2 2 2 2 2 2
left_child=2 3 -1 5 6 -2 -3 -8 -7 10 11 12 -5 -14
right_child=1 4 -4 9 -6 8 7 -9 -10 -11 -12 -13 13 -15
leaf_value=-6.9038292765150375 -2.1870679536638815 2.8091428549124657 -2.3173649575497803 -2.0572146208656474 8.5565931774652562 -0.33589531566026037 1.6788739304118598 -1.0299989880749012 -2.2975589846822615 2.5556447252551062 0.50725594250023054 1.4844864984719879 1.4017111455101496 -1.2144537157436888
leaf_weight=134 65 441 243 121 100 1184 118 114 203 261 437 113 134 241
leaf_count=134 65 441 243 121 100 1184 118 114 203 261 437 113 134 241
internal_value=-0.00123561 0.000475651 -0.0172679 -0.00118521 0.00640362 -0.0031405 0.00494799 -0.000258621 -0.0025739 0.000986993 -0.000172084 -0.00241379 -0.00459677 -0.00184
internal_weight=3909 3532 377 2759 773 1452 673 232 1387 1307 1046 609 496 375
internal_count=3909 3532 377 2759 773 1452 673 232 1387 1307 1046 609 496 375
is_linear=0
shrinkage=0.03


Tree=92
num_leaves=15
num_cat=0
split_feature=0 0 0 0 7 6 4 3 2 2 3 3 3 6
split_gain=119.012 41.1784 18.6496 13.8092 8.37545 24.8104 10.3581 10.3183 10.1158 7.7772 7.49416 7.97862 7.13709 6.57556
threshold=6.6066410000000007 33.568191500000005 16.253675000000005 3.7082735000000002 219.50000000000003 97.500000000000014 1.0000000180025095e-35 32162.123000000003 154.35000000000002 223.50000000000003 98520.758500000011 9731.4915000000019 21388.761000000002 176.50000000000003
decision_type=2 2 2 2 2 2 2 2 2 2 2 2 2 2
left_child=3 2 4 -1 -2 -6 7 12 -9 -10 11 -4 -7 -8
right_child=1 -3 10 -5 5 6 13 8 9 -11 -12 -13 -14 -15
leaf_value=-7.4278519473979632 -1.6652229110042527 5.3392404722977149 0.045824408140994137 -2.4461598802462641 1.8936703768725498 -0.2270087243236685 -2.6331332446306579 -3.1303111754363306 1.2271761410039095 -1.3183187544611008 -1.409424461763815 1.2833545489275298 0.55442523689391232 0.21049565585138452
leaf_weight=97 311 203 896 277 66 698 131 54 30 74 68 900 99 38
leaf_count=97 311 203 896 277 66 698 131 54 30 74 68 900 99 38
internal_value=-0.00106545 0.000622197 -0.000169391 -0.0171658 -0.00265823 -0.00151261 -0.00256228 -0.00135079 -0.00835443 -0.00288462 0.00183476 0.0022049 3.76412e-05 -0.00940828
internal_weight=3942 3568 3365 374 1501 1190 1124 955 158 104 1864 1796 797 169
internal_count=3942 3568 3365 374 1501 1190 1124 955 158 104 1864 1796 797 169
is_linear=0
shrinkage=0.03


Tree=93
num_leaves=15
num_cat=0
split_feature=4 7 6 2 6 6 2 6 6 5 2 6 7 3
split_gain=15.0948 11.7322 9.68479 7.64744 8.43606 4.73225 6.07299 6.30404 4.80159 4.41543 7.38931 8.16558 6.16826 4.72165
threshold=1.0000000180025095e-35 194.50000000000003 199.50000000000003 30.500000000000004 193.50000000000003 90.500000000000014 150.45000000000002 130.50000000000003 115.50000000000001 15.500000000000002 604.40000000000009 88.500000000000014 281.50000000000006 19041.810000000001
decision_type=2 2 2 2 2 2 2 2 2 2 2 2 2 2
left_child=1 5 3 -3 9 -1 7 8 -7 10 11 13 -11 -5
right_child=-2 2 -4 4 -6 6 -8 -9 -10 12 -12 -13 -14 -15
leaf_value=-0.6696948774313034 -1.5456939134780612 -1.7043040989736209 -1.5841938215516893 0.013363425528991684 2.5471036439593511 0.44332334589413447 3.0649398458881478 -0.86377637715126176 5.3601968635645836 1.1614636151226578 1.3290677480401893 -0.27476547095780801 -1.122035719908024 4.2645435660628159
leaf_weight=56 536 37 81 31 77 30 111 60 42 430 102 2252 53 33
leaf_count=56 536 37 81 31 77 30 111 60 42 430 102 2252 53 33
internal_value=-0.00069448 4.41826e-05 -0.000503876 -0.000228856 -6.04433e-05 0.00571906 0.00753086 0.00318182 0.00916667 -0.000320579 -0.000843672 -0.00119171 0.00229814 0.009375
internal_weight=3931 3395 3096 3015 2978 299 243 132 72 2901 2418 2316 483 64
internal_count=3931 3395 3096 3015 2978 299 243 132 72 2901 2418 2316 483 64
is_linear=0
shrinkage=0.03


Tree=94
num_leaves=15
num_cat=2
split_feature=9 7 9 6 6 7 8 4 3 3 6 3 8 5
split_gain=24.5326 20.6205 13.7158 12.6773 11.2207 7.31255 6.35916 5.86217 5.84876 5.37666 11.3168 7.30897 7.25123 6.92379
threshold=0 207.50000000000003 1 128.50000000000003 177.50000000000003 261.50000000000006 4.5000000000000009 1.0000000180025095e-35 9151.845000000003 5832.2425000000012 124.50000000000001 47765.489500000003 4.5000000000000009 14.500000000000002
decision_type=9 2 9 2 2 2 2 2 2 2 2 2 2 2
left_child=1 -1 3 -2 5 9 -7 -5 -3 10 -4 12 -11 -12
right_child=2 8 4 7 -6 6 -8 -9 -10 11 13 -13 -14 -15
leaf_value=2.3601939223660291 1.1002941312028314 -5.3702662661267695 -2.5699681066150024 0.14306965680980283 0.83104104513527999 -1.4723678109470131 -0.03209716447091978 -1.6875683838240569 -8.8600677578148357 -0.24051132459630026 -1.8283126478159852 -1.3674599650950312 0.88095871106040702 0.25459881252844524
leaf_weight=34 345 40 122 1535 295 269 94 202 51 382 76 156 137 142
leaf_count=34 345 40 122 1535 295 269 94 202 51 382 76 156 137 142
internal_value=-0.000989691 -0.0135556 -0.000533865 0.00108987 -0.00254902 -0.00370102 -0.00735537 5.18135e-05 -0.0220879 -0.00239409 -0.00547059 -0.000844444 0.000867052 -0.00137615
internal_weight=3880 125 3755 2082 1673 1378 363 1737 91 1015 340 675 519 218
internal_count=3880 125 3755 2082 1673 1378 363 1737 91 1015 340 675 519 218
cat_boundaries=0 1 2
cat_threshold=1 68252
is_linear=0
shrinkage=0.03


Tree=95
num_leaves=15
num_cat=3
split_feature=9 9 7 5 3 3 7 2 2 3 7 7 9 4
split_gain=24.1954 13.0137 14.4873 8.47095 8.64152 5.32399 7.29797 8.2786 10.3176 5.2584 9.56344 8.44734 7.99464 7.90059
threshold=0 1 215.50000000000003 12.500000000000002 93444.353500000012 9529.4350000000013 256.50000000000006 122.55000000000001 212.05000000000004 4401.2380000000012 195.50000000000003 219.50000000000003 2 1.5000000000000002
decision_type=9 9 2 2 2 2 2 2 2 2 2 2 9 2
left_child=1 2 -1 -3 5 -5 -7 -8 -9 10 -2 -12 13 -11
right_child=9 3 -4 4 -6 6 7 8 -10 12 11 -13 -14 -15
leaf_value=1.7116912410197915 2.6759588753997718 3.6336354633466659 -7.4346161171677156 -1.1148185207882557 -1.6675496267696304 0.53450321675810075 0.58326380610701334 -4.2342560786536287 -0.74528021621427565 1.2919183936244325 -1.6920049058955555 -0.0062712277291257119 0.055970350263851283 -2.4535568472449358
leaf_weight=39 80 43 96 525 66 325 92 42 103 751 163 505 1058 35
leaf_count=39 80 43 96 525 66 325 92 42 103 751 163 505 1058 35
internal_value=-0.000374713 -0.00364653 -0.0122069 -0.00258706 -0.00309627 -0.0024563 -0.000427046 -0.00443038 -0.00889655 0.00131437 -0.000802139 -0.00197605 0.00218004 0.00444724
internal_weight=3923 1331 135 1196 1153 1087 562 237 145 2592 748 668 1844 786
internal_count=3923 1331 135 1196 1153 1087 562 237 145 2592 748 668 1844 786
cat_boundaries=0 1 2 3
cat_threshold=12641 1 65676
is_linear=0
shrinkage=0.03


Tree=96
num_leaves=15
num_cat=3
split_feature=0 0 0 9 9 4 9 0 0 2 3 6 0 8
split_gain=109.196 37.6637 23.2469 16.9678 16.6129 12.0046 10.9913 18.6602 10.9053 10.041 9.84567 9.60137 6.49755 6.40203
threshold=5.8645015000000003 19.964788000000002 36.470135500000005 0 1 1.5000000000000002 2 12.875887000000002 3.4169730000000005 52.500000000000007 1371.0060000000001 140.50000000000003 25.780628000000004 3.5000000000000004
decision_type=2 2 2 9 9 2 9 2 2 2 2 2 2 2
left_child=8 4 3 5 -2 -3 7 -6 -1 -5 -9 -4 -11 -8
right_child=1 2 11 9 6 -7 13 10 -10 12 -12 -13 -14 -15
leaf_value=-7.5191604669520649 -3.5612600761884843 0.56312676451927013 1.9962518637778566 -0.85438936452274894 -1.601614439798688 -1.2667422570179747 -0.14998937225216194 -1.0338869046483921 -2.6995196572241276 3.5642471786808207 0.18315023773587655 9.0161641667461296 18.7084526378835 0.64265711207202225
leaf_weight=77 158 1043 41 32 484 59 425 74 207 186 733 63 51 301
leaf_count=77 158 1043 41 32 484 59 425 74 207 186 733 63 51 301
internal_value=-0.000884596 0.000509589 0.00421017 0.00317287 -0.002 0.00145683 -0.00122842 -0.0028824 -0.0188028 0.00978495 -0.000111524 0.0178846 0.0122785 0.00171196
internal_weight=3934 3650 1475 1371 2175 1102 2017 1291 284 269 807 104 237 726
internal_count=3934 3650 1475 1371 2175 1102 2017 1291 284 269 807 104 237 726
cat_boundaries=0 1 2 3
cat_threshold=112649 257 81032
is_linear=0
shrinkage=0.03


Tree=97
num_leaves=15
num_cat=3
split_feature=0 0 9 9 0 0 7 9 0 2 3 0 4 0
split_gain=111.062 40.2974 27.2598 17.9794 18.2204 15.3123 14.6417 10.8275 9.0667 8.62881 7.68798 7.50698 7.07233 6.908
threshold=5.8645015000000003 27.113121000000003 0 1 16.080482000000003 35.193950500000007 218.50000000000003 2 3.4169730000000005 218.50000000000003 48829.458500000008 28.683753500000005 1.0000000180025095e-35 26.683263500000006
decision_type=2 2 9 9 2 2 2 9 2 2 2 2 2 2
left_child=8 3 9 -2 7 6 -4 10 -1 -3 -5 -8 -9 -6
right_child=1 2 5 4 13 -7 11 12 -10 -11 -12 -13 -14 -15
leaf_value=-7.7644076014443515 0.50193423116955727 7.9798806444752604 2.8345811287700915 -1.7917657439506387 0.12054947518399103 5.3680466545414767 0.86854201053295577 -0.36085388061127216 -2.3924539263425184 3.6994612685711172 -3.2049712716448773 -1.6246767383425822 -3.874290908557275 -1.1165050422840772
leaf_weight=78 647 107 187 353 1201 117 59 624 210 40 38 128 95 30
leaf_count=78 647 107 187 353 1201 117 59 624 210 40 38 128 95 30
internal_value=-0.00102708 0.000397132 0.00724138 -0.00106426 -0.00228413 0.00353293 0.000641711 -0.00508108 -0.0189583 0.0181529 -0.00905237 -0.00529412 -0.0027572 0.000219334
internal_weight=3914 3626 638 2988 2341 491 374 1110 288 147 391 187 719 1231
internal_count=3914 3626 638 2988 2341 491 374 1110 288 147 391 187 719 1231
cat_boundaries=0 1 2 3
cat_threshold=2176 692 18689
is_linear=0
shrinkage=0.03


Tree=98
num_leaves=15
num_cat=3
split_feature=0 0 9 0 2 9 0 3 0 7 5 9 1 5
split_gain=106.636 36.9844 27.7703 20.7153 16.0157 15.8208 13.4895 12.6288 12.5779 12.2611 11.4579 13.9444 10.6981 10.1048
threshold=4.8585930000000008 19.964788000000002 0 15.458598500000003 339.95000000000005 1 30.170893000000003 1371.0060000000001 37.043250000000008 236.50000000000003 15.500000000000002 2 2.5000000000000004 14.500000000000002
decision_type=2 2 9 2 2 9 2 2 2 2 2 9 2 2
left_child=-1 2 3 4 -2 8 10 -5 9 -3 11 -7 -13 -9
right_child=1 5 -4 7 -6 6 -8 13 -10 -11 -12 12 -14 -15
leaf_value=-4.5086806993577193 -1.4282070436708068 0.55121801470545051 0.22890233405267962 -1.8328007918868821 -4.4471943647923409 -0.4736466527101697 5.0080796072895462 -1.2562554366581731 8.7410720659484493 -0.93347756160857664 6.5018562318406437 5.0107217813332046 -0.95681232232150248 1.8072646838694821
leaf_weight=190 529 365 1199 31 124 338 225 102 32 204 90 200 41 265
leaf_count=190 529 365 1199 31 124 338 225 102 32 204 90 200 41 265
internal_value=-0.000495553 0.000616822 -0.00181333 -0.00534402 -0.008683 0.00427425 0.00676991 0 0.000441899 -0.000579965 0.00470852 0.00316062 0.00848606 0.00155313
internal_weight=3935 3745 2250 1051 653 1495 894 398 601 569 669 579 241 367
internal_count=3935 3745 2250 1051 653 1495 894 398 601 569 669 579 241 367
cat_boundaries=0 1 2 3
cat_threshold=88449 110593 2056
is_linear=0
shrinkage=0.03


Tree=99
num_leaves=15
num_cat=3
split_feature=9 7 9 1 6 7 5 9 6 8 6 2 7 2
split_gain=26.205 14.8532 9.44783 6.5787 6.2275 6.08603 9.32261 11.2926 11.0054 7.02725 7.99068 7.98842 7.02995 6.35422
threshold=0 215.50000000000003 1 7.5000000000000009 84.500000000000014 202.50000000000003 15.500000000000002 2 114.50000000000001 4.5000000000000009 107.50000000000001 357.45000000000005 231.50000000000003 62.050000000000004
decision_type=9 2 9 2 2 2 2 9 2 2 2 2 2 2
left_child=1 -1 3 -2 -4 -6 7 9 -9 10 -7 12 -12 -10
right_child=2 -3 4 -5 5 6 -8 8 13 -11 11 -13 -14 -15
leaf_value=0.51819322201496787 -0.49236602815771674 -7.0299309307638165 1.7627568793785258 -1.2230815550820251 1.8069865352139662 0.71000509271424106 2.6759806182448265 -2.3316720013960182 -0.43196705734303009 0.21543479541145644 -1.5401581345906514 -2.382600370958603 -0.18516954837831234 0.96437017923582968
leaf_weight=42 1427 87 61 52 328 35 240 35 164 210 241 71 353 573
leaf_count=42 1427 87 61 52 328 35 240 35 164 210 241 71 353 573
internal_value=-0.000803776 -0.0135971 -0.000331579 -0.0021961 0.000866006 0.000613333 -3.12175e-05 -0.000820452 0.00184143 -0.00306522 -0.00454286 -0.0052782 -0.00414141 0.00264586
internal_weight=3919 129 3790 1479 2311 2250 1922 1682 772 910 700 665 594 737
internal_count=3919 129 3790 1479 2311 2250 1922 1682 772 910 700 665 594 737
cat_boundaries=0 1 2 3
cat_threshold=1 30560 67604
is_linear=0
shrinkage=0.03


Tree=100
num_leaves=15
num_cat=3
split_feature=9 7 8 7 9 1 4 2 2 7 2 5 9 2
split_gain=18.9309 17.0729 9.15046 7.76866 11.0489 6.75054 10.3127 8.10331 9.03098 7.87413 8.62789 7.14539 7.07561 8.03551
threshold=0 215.50000000000003 3.5000000000000004 191.50000000000003 1 1.5000000000000002 1.5000000000000002 280.50000000000006 379.60000000000008 252.50000000000003 107.05000000000001 15.500000000000002 2 81.500000000000014
decision_type=9 2 2 2 9 2 2 2 2 2 2 2 9 2
left_child=1 -1 3 -2 -5 9 7 -7 -9 10 -6 -8 -11 -14
right_child=2 -3 -4 4 5 6 11 8 -10 12 -12 -13 13 -15
leaf_value=1.6077478794964917 1.9501211164780363 -7.0988557247686179 0.28891385244751744 0.17494915497797592 -1.107743523271788 0.64787227671624803 -0.43270988144766648 -2.6591380471626143 0.13119849962362651 1.2109835147288424 -2.222124501657988 -3.1215176726322351 -3.0718816222985583 0.093952086860153938
leaf_weight=43 152 91 1577 830 272 251 52 43 90 123 216 43 61 75
leaf_count=43 152 91 1577 830 272 251 52 43 90 123 216 43 61 75
internal_value=-0.000574126 -0.01125 -0.000166008 -0.00141304 -0.00189689 -0.00368932 -0.000939457 0.00125 -0.00473684 -0.00550201 -0.0077459 -0.00978947 -0.00127413 -0.00575342
internal_weight=3919 134 3785 2208 2056 1226 479 384 133 747 488 95 259 136
internal_count=3919 134 3785 2208 2056 1226 479 384 133 747 488 95 259 136
cat_boundaries=0 1 2 3
cat_threshold=1 35472 69704
is_linear=0
shrinkage=0.03


Tree=101
num_leaves=15
num_cat=4
split_feature=0 0 9 9 0 0 9 2 7 0 0 9 6 0
split_gain=107.277 36.7473 24.6288 24.0398 18.6471 17.0701 13.5642 12.2831 11.6952 11.9225 13.2307 10.3732 10.2465 9.71974
threshold=5.5709605000000009 18.694475500000006 0 1 33.958348000000008 13.952688500000002 2 280.50000000000006 210.50000000000003 28.515407500000006 21.995953000000004 3 109.50000000000001 3.9449575000000006
decision_type=2 2 9 9 2 2 9 2 2 2 2 9 2 2
left_child=13 3 8 5 6 7 -4 11 12 10 -10 -2 -3 -1
right_child=1 2 4 -5 -6 -7 -8 -9 9 -11 -12 -13 -14 -15
leaf_value=-6.0965233054679606 0.10662189964405343 -1.3752385427866374 0.5100037752118658 0.13255646828785528 5.3397432623571781 -0.398733254987236 4.0213287304760428 -4.3234277122072022 -1.4910727695243895 -2.4737549597402131 0.71334636011517427 -2.3426355525250311 4.3463071339436103 -2.303232827136942
leaf_weight=113 123 43 734 1001 166 508 230 100 134 85 181 290 67 135
leaf_count=113 123 43 734 1001 166 508 230 100 134 85 181 290 67 135
internal_value=-0.00122762 6.5538e-05 0.00340244 -0.00264095 0.00584211 -0.00584869 0.00429461 -0.00976608 -0.00207692 -0.0045 -0.00180952 -0.00748184 0.00654545 -0.0203226
internal_weight=3910 3662 1640 2022 1130 1021 964 513 510 400 315 413 110 248
internal_count=3910 3662 1640 2022 1130 1021 964 513 510 400 315 413 110 248
cat_boundaries=0 1 2 3 4
cat_threshold=45121 73097 67848 69632
is_linear=0
shrinkage=0.03


Tree=102
num_leaves=15
num_cat=3
split_feature=9 9 6 4 6 2 4 6 6 1 3 3 9 6
split_gain=23.7574 11.8859 10.5485 8.66129 7.51591 7.27376 6.23104 5.57364 7.24274 5.36044 8.62859 5.89458 5.29747 8.41295
threshold=0 1 88.500000000000014 1.0000000180025095e-35 80.500000000000014 39.500000000000007 1.5000000000000002 199.50000000000003 189.50000000000003 1.5000000000000002 2124.8955000000005 11343.527000000002 2 126.50000000000001
decision_type=9 9 2 2 2 2 2 2 2 2 2 2 9 2
left_child=-1 2 -2 4 -3 -4 -7 8 12 10 -5 -11 13 -6
right_child=1 3 5 9 7 6 -8 -9 -10 11 -12 -13 -14 -15
leaf_value=-6.6113600395728982 2.126657329161842 -1.9609236591565797 -1.3472591536200229 0.30705518840884449 -1.3725514209691199 0.55738490505548044 -2.0021809183266726 -1.4559857363943638 1.2284399971149174 1.0694370919596259 -2.689668060507421 -1.1943584665485059 -0.025732385721205446 -0.073505778076876138
leaf_weight=140 56 56 43 31 114 769 36 52 121 32 148 175 1953 182
leaf_count=140 56 56 43 31 114 769 36 52 121 32 148 175 1953 182
internal_value=-0.00109007 -0.000619375 0.00236324 -0.00156576 -0.000920097 0.0015566 0.00219876 -0.000668869 -0.000455696 -0.0057513 -0.00955307 -0.00246377 -0.000840373 -0.0045098
internal_weight=3908 3768 904 2864 2478 848 805 2422 2370 386 179 207 2249 296
internal_count=3908 3768 904 2864 2478 848 805 2422 2370 386 179 207 2249 296
cat_boundaries=0 1 2 3
cat_threshold=1 156 832
is_linear=0
shrinkage=0.03


Tree=103
num_leaves=15
num_cat=3
split_feature=0 0 9 0 5 9 0 6 0 9 0 2 6 0
split_gain=97.9531 41.5125 27.7081 18.5301 18.1239 17.5725 19.8111 15.4332 15.9682 11.197 10.8481 12.3885 10.1864 8.72072
threshold=4.2788670000000009 20.395902500000002 0 14.957541000000001 14.500000000000002 1 36.470135500000005 110.50000000000001 11.4810505 2 6.814753500000001 267.50000000000006 177.50000000000003 26.422835000000003
decision_type=2 2 9 2 2 9 2 2 2 9 2 2 2 2
left_child=-1 2 3 10 -5 13 9 8 -4 -7 -2 -12 -9 -3
right_child=1 5 7 4 -6 6 -8 12 -10 -11 11 -13 -14 -15
leaf_value=-5.0532512589274825 -2.9778947024074243 3.7820995830726472 0.27704171439709624 -0.94616423330020771 0.61776259111209586 -0.64057455280052633 6.2264350666945933 -0.47015635609200213 3.156438040777823 1.0193253597946523 -0.90463337586352277 -3.0595195106806736 1.0641331227922888 21.429248408960007
leaf_weight=145 86 74 129 193 405 217 110 700 59 997 415 156 243 37
leaf_count=145 86 74 129 193 405 217 110 700 59 997 415 156 243 37
internal_value=-0.000832073 8.63648e-05 -0.00233864 -0.0053834 -0.00160535 0.00411847 0.00305847 0.001078 0.00893617 0.00197694 -0.00890411 -0.00740806 -0.0004772 0.015124
internal_weight=3966 3821 2386 1255 598 1435 1324 1131 188 1214 657 571 943 111
internal_count=3966 3821 2386 1255 598 1435 1324 1131 188 1214 657 571 943 111
cat_boundaries=0 1 2 3
cat_threshold=73601 132 65537
is_linear=0
shrinkage=0.03


Tree=104
num_leaves=15
num_cat=3
split_feature=0 0 0 9 0 6 9 0 8 0 5 6 3 9
split_gain=98.146 39.6755 18.2849 17.4653 20.6543 15.5028 15.4161 14.7733 13.8043 12.7504 15.3335 15.0255 14.821 12.2512
threshold=4.8585930000000008 19.964788000000002 36.470135500000005 0 26.683263500000006 165.50000000000003 1 9.3337420000000026 5.5000000000000009 15.458598500000003 14.500000000000002 91.500000000000014 2214.2880000000005 2
decision_type=2 2 2 9 2 2 9 2 2 2 2 2 2 9
left_child=-1 6 3 8 5 -5 9 13 -3 11 -11 -2 -12 -8
right_child=1 2 -4 4 -6 -7 7 -9 -10 10 12 -13 -14 -15
leaf_value=-4.4550053103870768 -4.3228711022541493 -0.18406595246847018 6.2659755135206519 0.12300331050292697 6.9105009266504975 3.9152539159178876 -2.4233623354474889 0.36830417025454609 3.353313407291505 -1.9568970285711724 -1.0332498560080898 -1.3535818085319238 1.7758174222106982 -0.053008585915031291
leaf_weight=190 43 721 113 323 149 136 116 780 75 116 36 653 260 222
leaf_count=190 43 721 113 323 149 136 116 780 75 116 36 653 260 222
internal_value=-0.000755149 0.000312583 0.00405405 0.00311966 0.0068932 0.00385621 -0.0022372 0.000265957 0.000148883 -0.00472272 -0.000582524 -0.00724138 0.00304054 -0.00497041
internal_weight=3933 3743 1517 1404 608 459 2226 1118 796 1108 412 696 296 338
internal_count=3933 3743 1517 1404 608 459 2226 1118 796 1108 412 696 296 338
cat_boundaries=0 1 2 3
cat_threshold=111625 89473 616
is_linear=0
shrinkage=0.03


Tree=105
num_leaves=15
num_cat=3
split_feature=9 7 9 3 3 3 3 6 5 1 6 6 9 7
split_gain=24.3073 8.95208 8.54103 8.97413 8.78235 7.22573 7.06616 11.4866 4.2763 5.3745 5.34714 7.58332 8.93629 4.62501
threshold=0 227.50000000000003 1 93444.353500000012 3396.1720000000005 73709.108000000022 27013.831000000002 166.50000000000003 15.500000000000002 5.5000000000000009 106.50000000000001 162.50000000000003 2 228.50000000000003
decision_type=9 2 9 2 2 2 2 2 2 2 2 2 9 2
left_child=1 -1 3 4 -2 6 -4 -8 9 10 -6 12 13 -12
right_child=2 -3 5 -5 8 -7 7 -9 -10 -11 11 -13 -14 -15
leaf_value=-3.6594104451617682 -1.1083256861353357 -6.5537720460497892 0.20346592156593146 -1.6022648145492007 0.64092979182303 1.9805906739390058 -0.077751597224296351 -1.5095172588133983 0.44637226725699519 1.676899883961223 -2.6988308646447923 0.12440385088660207 -2.2728901426669847 0.066278084746984406
leaf_weight=55 225 89 1970 67 81 138 295 103 309 33 59 254 110 157
leaf_count=55 225 89 1970 67 81 138 295 103 309 33 59 254 110 157
internal_value=-0.00078327 -0.0124675 -0.000307006 -0.00227586 -0.0017101 0.000715421 0.000329392 -0.00331658 -0.000508475 -0.00181556 -0.00240545 -0.00341379 -0.00644172 -0.00238938
internal_weight=3945 144 3801 1295 1228 2506 2368 398 1003 694 661 580 326 216
internal_count=3945 144 3801 1295 1228 2506 2368 398 1003 694 661 580 326 216
cat_boundaries=0 1 2 3
cat_threshold=1 13664 9216
is_linear=0
shrinkage=0.03


Tree=106
num_leaves=15
num_cat=4
split_feature=0 0 9 0 9 0 0 5 9 9 7 0 0 4
split_gain=85.684 40.5076 22.1148 16.296 19.8076 17.3064 13.631 13.1967 14.0852 10.2141 8.88597 9.66935 8.76669 8.1784
threshold=4.5129270000000004 17.479973500000003 0 37.043250000000008 1 27.253774000000003 10.075625000000002 15.500000000000002 2 3 209.50000000000003 19.369722000000007 28.683753500000005 1.0000000180025095e-35
decision_type=2 2 9 2 9 2 2 2 9 9 2 2 2 2
left_child=-1 2 6 4 10 7 -2 8 -6 -8 -3 -12 -13 -11
right_child=1 3 -4 -5 5 -7 9 -9 -10 13 11 12 -14 -15
leaf_value=-4.3878143023896197 -2.777851541825755 1.5881623528733917 -0.073124890576593771 6.6183981987071974 -0.8826728805341576 3.7344843409100505 -1.7279723066460746 5.4514865824087337 1.4301442679415937 0.15488834078870012 -1.6367409147546437 0.54094002670673713 -0.95702350221472898 -1.6668348812727685
leaf_weight=148 239 266 1143 92 224 156 157 136 345 283 101 353 155 53
leaf_count=148 239 266 1143 92 224 156 157 136 345 283 101 353 155 53
internal_value=-0.000724487 0.000170132 -0.002928 0.00334792 0.00269585 0.00588978 -0.00695418 0.00395745 0.00195079 -0.00419878 -0.000508475 -0.00251232 -0.000826772 -0.00104046
internal_weight=3851 3703 1875 1828 1736 861 732 705 569 493 875 609 508 336
internal_count=3851 3703 1875 1828 1736 861 732 705 569 493 875 609 508 336
cat_boundaries=0 1 2 3 4
cat_threshold=69057 103945 2048 385
is_linear=0
shrinkage=0.03


Tree=107
num_leaves=15
num_cat=4
split_feature=0 9 0 0 0 9 0 9 5 9 7 0 7 0
split_gain=82.5173 26.8516 24.3086 23.3756 16.0666 19.1184 22.9891 14.8251 14.3143 13.5757 12.5956 11.1021 12.0333 8.57969
threshold=6.6066410000000007 0 3.7082735000000002 37.043250000000008 10.364357000000002 1 25.564024500000006 2 12.500000000000002 3 272.50000000000006 20.326764000000004 227.50000000000003 20.395902500000002
decision_type=2 9 2 2 2 9 2 9 2 9 2 2 2 2
left_child=2 9 -1 4 7 6 -6 -3 -5 11 -9 -2 -13 -11
right_child=1 3 -4 8 5 -7 -8 10 -10 13 -12 12 -14 -15
leaf_value=-6.0716699150628166 -7.4125569078381233 -2.5529972874486635 -1.8046661555742991 3.0100107361369282 1.1461750103626764 0.24989028192831028 20.039516497441909 -0.61464913545737654 9.7714626169964909 -0.68265855799286101 1.7588232305137217 7.2162359739710054 -6.458600679638292 0.44791079033815323
leaf_weight=92 48 119 290 47 298 1656 41 158 41 784 48 32 48 226
leaf_count=92 48 119 290 47 298 1656 41 158 41 784 48 32 48 226
internal_value=-0.00135947 6.76819e-05 -0.0146073 0.00186104 0.0012931 0.00230075 0.00868195 -0.00489231 0.0170455 -0.0037108 0.000277778 -0.0126087 -0.00675 -0.00247059
internal_weight=3928 3546 382 2408 2320 1995 339 325 88 1138 206 128 80 1010
internal_count=3928 3546 382 2408 2320 1995 339 325 88 1138 206 128 80 1010
cat_boundaries=0 1 2 3 4
cat_threshold=29441 164 3272 1
is_linear=0
shrinkage=0.03


Tree=108
num_leaves=15
num_cat=3
split_feature=0 0 9 9 0 9 0 5 5 6 7 0 6 0
split_gain=73.956 30.585 22.3596 21.0291 17.9881 17.9667 15.5725 13.9321 13.5692 17.261 11.3059 16.5233 13.5978 10.0162
threshold=4.2788670000000009 17.479973500000003 0 1 34.952504500000011 2 8.0770035000000018 15.500000000000002 16.500000000000004 139.50000000000003 214.50000000000003 28.515407500000006 102.50000000000001 14.689959000000002
decision_type=2 2 9 9 2 9 2 2 2 2 2 2 2 2
left_child=-1 2 6 10 5 7 -2 -5 9 13 12 -12 -3 -8
right_child=1 3 -4 4 -6 -7 8 -9 -10 -11 11 -13 -14 -15
leaf_value=-4.4613283200562348 -2.9414764500494197 -1.6239969331307382 0.031887373168069645 -0.056435571349397834 4.8807830365550808 4.1264481832372031 -3.8387723906690812 5.2868169094244006 3.6482154049870541 -0.43501644903922848 -0.15730145836483642 -2.996744877109013 2.5608643944778189 -0.91524444122958126
leaf_weight=137 157 45 1019 665 132 287 118 121 41 525 392 83 110 100
leaf_count=137 157 45 1019 665 132 287 118 121 41 525 392 83 110 100
internal_value=-0.000900305 -0.000118577 -0.00272449 0.00266485 0.00496296 0.00371855 -0.00602524 0.00128141 -0.00436224 -0.00528937 -0.00178125 -0.00410526 0.00522581 -0.0123853
internal_weight=3932 3795 1960 1835 1205 1073 941 786 784 743 630 475 155 218
internal_count=3932 3795 1960 1835 1205 1073 941 786 784 743 630 475 155 218
cat_boundaries=0 1 2 3
cat_threshold=73153 46593 67592
is_linear=0
shrinkage=0.03


Tree=109
num_leaves=15
num_cat=3
split_feature=9 7 3 4 9 6 9 6 3 3 5 5 6 7
split_gain=26.8145 12.1146 6.94144 9.19617 8.48512 7.45468 6.47613 10.7779 5.93703 7.17495 6.69966 5.78179 8.04849 5.99872
threshold=0 207.50000000000003 3141.6000000000004 1.0000000180025095e-35 1 204.50000000000003 2 105.50000000000001 20327.968500000006 18161.825000000004 13.500000000000002 14.500000000000002 162.50000000000003 241.50000000000003
decision_type=9 2 2 2 9 2 9 2 2 2 2 2 2 2
left_child=1 -1 -2 5 -5 6 7 -4 9 10 -8 12 -6 -13
right_child=2 -3 3 4 11 -7 8 -9 -10 -11 -12 13 -14 -15
leaf_value=1.0907199082303953 -0.5752399684660906 -6.0612063973877115 2.0600231325516871 0.78004048788606262 -2.5315833143190924 -1.7345097539456378 -1.3995815258961055 0.4441222246194127 0.37253145245047337 -1.8668300754316101 0.034892594587588519 -1.267377905556293 1.7872724894623069 -2.3181254622178242
leaf_weight=32 682 101 98 103 40 32 121 1568 337 39 501 158 34 105
leaf_count=32 682 101 98 103 40 32 121 1568 337 39 501 158 34 105
internal_value=-0.000463174 -0.0132168 1.5674e-05 0.000612245 -0.00340909 0.00126855 0.00144144 0.00257757 -0.00047619 -0.00213313 -0.00135048 -0.0056196 0.00162162 -0.00787072
internal_weight=3951 133 3818 3136 440 2696 2664 1666 998 661 622 337 74 263
internal_count=3951 133 3818 3136 440 2696 2664 1666 998 661 622 337 74 263
cat_boundaries=0 1 2 3
cat_threshold=1 408 72876
is_linear=0
shrinkage=0.03


Tree=110
num_leaves=15
num_cat=3
split_feature=0 0 0 0 9 6 9 0 7 9 6 6 6 0
split_gain=68.6116 27.328 16.978 14.0798 13.4073 21.9069 11.8403 11.3481 11.119 10.1576 12.8379 9.75083 8.72694 13.2789
threshold=6.4608920000000003 20.077881000000001 3.4169730000000005 36.470135500000005 0 107.50000000000001 1 26.422835000000003 198.50000000000003 2 167.50000000000003 177.50000000000003 164.50000000000003 21.684185000000003
decision_type=2 2 2 2 9 2 9 2 2 9 2 2 2 2
left_child=2 4 -1 6 5 -2 8 12 -3 10 -4 -6 -8 -14
right_child=1 3 9 -5 11 -7 7 -9 -10 -11 -12 -13 13 -15
leaf_value=-5.8997078801025529 1.3849079290097608 2.3018369279189299 -1.2469832450069043 5.1915279353552295 -0.78252584898951683 -0.25259836354359094 0.12056211190093108 3.2536138841908016 -0.46431096878116246 -2.8296742607691203 0.58149413135879968 0.49886152595286831 5.4555995108244817 0.30631826862752404
leaf_weight=77 102 139 105 108 1470 225 409 196 430 133 34 341 57 95
leaf_count=77 102 139 105 108 1470 225 409 196 430 133 34 341 57 95
internal_value=-0.000971691 0.000268757 -0.0136676 0.0034728 -0.00188026 0.00364985 0.00262443 0.00504563 -0.000673575 -0.0101471 -0.00342282 -0.00288303 0.00294118 0.00907895
internal_weight=3921 3572 349 1434 2138 327 1326 757 569 272 139 1811 561 152
internal_count=3921 3572 349 1434 2138 327 1326 757 569 272 139 1811 561 152
cat_boundaries=0 1 2 3
cat_threshold=52 98313 123156
is_linear=0
shrinkage=0.03


Tree=111
num_leaves=15
num_cat=3
split_feature=9 9 6 3 3 6 8 2 9 7 7 2 7 3
split_gain=19.6992 12.3303 10.7159 12.951 9.11969 7.80386 8.15501 8.31973 7.4416 7.20337 7.11864 6.57997 5.57216 6.50528
threshold=0 1 67.500000000000014 132997.51250000004 78004.292000000016 203.50000000000003 3.5000000000000004 402.50000000000006 2 215.50000000000003 180.50000000000003 195.45000000000002 204.50000000000003 5187.4160000000011
decision_type=9 9 2 2 2 2 2 2 9 2 2 2 2 2
left_child=9 2 -2 10 5 6 7 12 11 -1 -4 -8 -3 -14
right_child=1 4 3 -5 -6 -7 8 -9 -10 -11 -12 -13 13 -15
leaf_value=-1.2811786084278036 4.1136829859230604 2.5670408115545067 -3.2576244278157911 -2.1712442434814512 2.5159537346233969 -2.7980067413957315 1.1296743820949564 -1.73195207910642 0.41329266271110437 -5.2913162859583878 -0.29550894157262858 3.5912847178007756 -0.87333091218712977 0.29960276604065256
leaf_weight=45 35 183 36 36 86 30 113 107 624 94 1590 46 291 605
leaf_count=45 35 183 36 36 86 30 113 107 624 94 1590 46 291 605
internal_value=-0.000374904 4.74684e-05 -0.00184534 -0.00220217 0.0015895 0.00118559 0.00141696 -0.000151771 0.0037931 -0.0110738 -0.00180812 0.00940828 0.000639481 -0.000334821
internal_weight=3921 3782 1697 1662 2085 1999 1969 1186 783 139 1626 159 1079 896
internal_count=3921 3782 1697 1662 2085 1999 1969 1186 783 139 1626 159 1079 896
cat_boundaries=0 1 2 3
cat_threshold=1 46448 16516
is_linear=0
shrinkage=0.03


Tree=112
num_leaves=15
num_cat=0
split_feature=0 0 0 7 6 6 7 4 7 6 4 0 5 5
split_gain=63.027 28.0797 17.179 11.7741 9.21736 9.06193 10.8065 10.422 8.32 15.6968 8.51788 8.31341 8.10425 8.08769
threshold=4.2788670000000009 27.113121000000003 10.743971500000002 276.50000000000006 101.50000000000001 81.500000000000014 271.50000000000006 1.5000000000000002 219.50000000000003 113.50000000000001 1.0000000180025095e-35 8.7631720000000026 15.500000000000002 12.500000000000002
decision_type=2 2 2 2 2 2 2 2 2 2 2 2 2 2
left_child=-1 2 8 4 -3 -4 7 12 -2 11 -11 -10 -7 -6
right_child=1 3 5 -5 13 6 -8 -9 9 10 -12 -13 -14 -15
leaf_value=-4.0899947817824422 -2.4143984348043501 -1.8650136011525751 2.6607727388142406 -3.4943706052613424 0.36682683491321311 -0.31637396766411713 1.0309905390382983 -1.4082450841332548 1.9487434187731685 -0.73283949682537242 -2.7460492939068986 -0.032447138126385652 1.3910261760531579 3.453297514084479
leaf_weight=142 150 36 80 31 151 1439 344 115 38 519 84 39 321 410
leaf_count=142 150 36 80 31 151 1439 344 115 38 519 84 39 321 410
internal_value=-0.00108489 -0.000343359 -0.00150527 0.00544586 0.00638191 -0.000169639 -0.000527265 -0.001424 -0.00520482 -0.00379412 -0.00542289 0.00896104 -0.000852273 0.0073262
internal_weight=3899 3757 3129 628 597 2299 2219 1875 830 680 603 77 1760 561
internal_count=3899 3757 3129 628 597 2299 2219 1875 830 680 603 77 1760 561
is_linear=0
shrinkage=0.03


Tree=113
num_leaves=15
num_cat=3
split_feature=9 3 5 4 8 3 3 9 7 1 3 5 9 6
split_gain=18.8815 11.7276 8.30466 7.13494 6.65539 6.98523 6.52108 6.24478 10.299 9.59609 8.10705 5.86743 5.84043 6.38013
threshold=0 93444.353500000012 12.500000000000002 1.5000000000000002 4.5000000000000009 75939.371000000014 61892.057000000008 1 198.50000000000003 1.5000000000000002 42394.913500000002 16.500000000000004 2 169.50000000000003
decision_type=9 2 2 2 2 2 2 9 2 2 2 2 9 2
left_child=1 2 -1 4 5 -2 12 9 -9 -4 11 -10 13 -6
right_child=3 -3 7 -5 6 -7 -8 8 10 -11 -12 -13 -14 -15
leaf_value=4.1210522350739138 -0.00039706199396277953 -2.0686498919137737 -0.96276173255474307 -1.464901935926489 2.102815051893872 1.7974598550183281 -1.3746959990048344 7.1672871995599099 -1.5826426041300838 0.38479879671256978 -3.3045478590872381 2.4834395981149053 0.39240598921232045 0.16784260768372405
leaf_weight=38 1775 87 514 119 113 73 38 33 320 340 62 35 355 50
leaf_count=38 1775 87 514 119 113 73 38 33 320 340 62 35 355 50
internal_value=-0.000698381 -0.00343989 -0.00277198 0.000864587 0.00122296 0.000357143 0.00410072 -0.00317485 -0.006 -0.00159722 -0.00741007 -0.00566197 0.00498069 0.00953757
internal_weight=3952 1429 1342 2523 2404 1848 556 1304 450 854 417 355 518 163
internal_count=3952 1429 1342 2523 2404 1848 556 1304 450 854 417 355 518 163
cat_boundaries=0 1 2 3
cat_threshold=13665 9536 16908
is_linear=0
shrinkage=0.03


Tree=114
num_leaves=15
num_cat=3
split_feature=9 7 2 9 6 6 6 6 8 2 6 9 5 7
split_gain=20.2408 10.5442 7.00048 7.3022 11.2428 6.48898 10.7648 10.3676 6.63099 6.97082 6.88237 6.46151 8.99269 6.09304
threshold=0 207.50000000000003 30.500000000000004 1 107.50000000000001 199.50000000000003 178.50000000000003 169.50000000000003 1.5000000000000002 87.450000000000017 174.50000000000003 2 13.500000000000002 289.50000000000006
decision_type=9 2 2 9 2 2 2 2 2 2 2 9 2 2
left_child=1 -1 -2 4 -4 6 7 13 -9 -10 -11 -8 -13 -5
right_child=2 -3 3 5 -6 -7 11 8 9 10 -12 12 -14 -15
leaf_value=0.92053047143430944 -1.9678776649044083 -5.580988147379494 1.3776737560724086 -0.20912365733140859 0.24359487124442694 -1.8785940917958486 -0.69939748084081088 -1.9534609899573041 -1.5167061686955252 -1.5307535001534063 1.4407079966285379 -4.2674290765651302 1.6120730665893745 1.7477268073722825
leaf_weight=36 39 107 48 2169 805 57 124 66 62 69 54 39 170 38
leaf_count=36 39 107 48 2169 805 57 124 66 62 69 54 39 170 38
internal_value=-0.000873036 -0.0115686 -0.000432 -0.000299919 0.00212051 -0.00102869 -0.00082766 -0.00151343 -0.00729084 -0.00437838 -0.000243902 0.00423423 0.00726027 -0.000856366
internal_weight=3883 143 3740 3701 853 2848 2791 2458 251 185 123 333 209 2207
internal_count=3883 143 3740 3701 853 2848 2791 2458 251 185 123 333 209 2207
cat_boundaries=0 1 2 3
cat_threshold=1 172 78864
is_linear=0
shrinkage=0.03


Tree=115
num_leaves=15
num_cat=4
split_feature=0 0 9 9 0 0 0 0 9 9 6 6 0 6
split_gain=63.4221 34.4265 22.3119 16.8236 15.6273 11.5883 11.0912 9.75637 31.7526 18.919 14.2003 13.8185 12.9924 13.4184
threshold=3.7082735000000002 20.395902500000002 0 1 36.470135500000005 29.029170000000004 23.353767000000001 10.743971500000002 2 3 136.50000000000003 120.50000000000001 15.060023500000002 93.500000000000014
decision_type=2 2 9 9 2 2 2 2 9 9 2 2 2 2
left_child=-1 2 -2 4 -3 6 -5 8 -4 10 -9 12 -11 -14
right_child=1 3 7 5 -6 -7 -8 9 -10 11 -12 -13 13 -15
leaf_value=-5.226043852076323 -3.0894280768969917 -0.19926010680035233 -1.7192090644430595 2.7476605924940509 4.9070304075569835 6.974353357232685 0.31081128516402029 2.0251665485802732 0.29354482295425438 -4.9463663298933671 0.40647402793729953 -0.13327897128522864 1.6012023837985452 -1.0415777842553189
leaf_weight=88 118 701 450 256 94 109 250 165 392 72 336 769 51 58
leaf_count=88 118 701 450 256 94 109 250 165 392 72 336 769 51 58
internal_value=-0.000729087 -0.000149176 -0.00232684 0.00357447 0.00063354 0.007248 0.00545455 -0.00162831 -0.00420428 -0.000144728 0.00452055 -0.002625 -0.0101105 -0.00357798
internal_weight=3909 3821 2411 1410 795 615 506 2293 842 1451 501 950 181 109
internal_count=3909 3821 2411 1410 795 615 506 2293 842 1451 501 950 181 109
cat_boundaries=0 1 2 3 4
cat_threshold=1025 106569 75880 73844
is_linear=0
shrinkage=0.03


Tree=116
num_leaves=15
num_cat=4
split_feature=0 0 9 0 9 7 9 6 6 8 9 0 6 1
split_gain=69.3724 33.0013 17.2752 16.1131 13.8187 11.4862 10.7527 14.7606 13.8331 10.7073 10.7247 14.6355 8.54713 7.19299
threshold=3.7082735000000002 19.369722000000007 0 37.043250000000008 1 255.50000000000003 2 147.50000000000003 114.50000000000001 1.5000000000000002 3 8.0770035000000018 140.50000000000003 2.5000000000000004
decision_type=2 2 9 2 9 2 9 2 2 2 9 2 2 2
left_child=-1 4 5 6 -2 -3 7 8 -4 -6 11 -11 -5 -12
right_child=1 2 3 12 9 -7 -8 -9 -10 10 13 -13 -14 -15
leaf_value=-5.2077409917972419 -3.1391984465936615 11.929570441649453 -1.1893719216726413 1.3037985117258768 -0.86016782275808279 0.10473464846837031 0.8614953977939922 -0.94948382358281602 1.6716830693616567 -2.2603439170129707 0.10794936215148197 -0.33526003422664413 8.6775131612698839 0.94160739215375089
leaf_weight=96 105 90 95 30 597 37 845 180 205 97 716 571 58 175
leaf_count=96 105 90 95 30 597 37 845 180 205 97 716 571 58 175
internal_value=-0.000438799 0.000197316 0.00358442 0.00255095 -0.00210969 0.0137956 0.0017434 -0.00183673 0.0022 -0.00155125 -0.00025016 -0.00309735 0.015 0.00189789
internal_weight=3897 3801 1540 1413 2261 127 1325 480 300 2156 1559 668 88 891
internal_count=3897 3801 1540 1413 2261 127 1325 480 300 2156 1559 668 88 891
cat_boundaries=0 1 2 3 4
cat_threshold=132 1025 102401 6592
is_linear=0
shrinkage=0.03


Tree=117
num_leaves=15
num_cat=3
split_feature=9 7 9 5 2 6 4 7 8 9 6 6 6 7
split_gain=21.1275 10.4851 8.11302 7.78518 7.26176 5.82196 4.79743 4.64396 4.29553 4.15042 6.66479 5.42717 5.72943 6.09513
threshold=0 207.50000000000003 1 12.500000000000002 37.500000000000007 75.500000000000014 1.5000000000000002 241.50000000000003 3.5000000000000004 2 199.50000000000003 189.50000000000003 138.50000000000003 235.50000000000003
decision_type=9 2 9 2 2 2 2 2 2 9 2 2 2 2
left_child=1 -1 3 -2 7 -6 9 -4 -3 -7 11 12 -11 -14
right_child=2 8 4 -5 5 6 -8 -9 -10 10 -12 -13 13 -15
leaf_value=1.5964646596798819 4.0065653665674104 -6.7695268773153385 -0.015913939418800281 -0.44360945006974245 2.3864608310966173 0.7056739325548369 -1.2789109159018062 -1.7509207252562975 -2.8124715007672467 0.83206441226736838 -1.575907184650041 1.4514506609882483 -0.72634813009346999 0.41304499603356021
leaf_weight=32 50 64 30 1424 33 201 111 38 35 494 34 50 624 656
leaf_count=32 50 64 30 1424 33 201 111 38 35 494 34 50 624 656
internal_value=-0.000727554 -0.0121277 -0.000295606 -0.00202156 0.000828584 0.00113028 0.000940092 -0.00882353 -0.0178788 0.00126761 0.000802998 0.00105263 0.000777903 -0.00028125
internal_weight=3876 131 3745 1474 2271 2203 2170 68 99 2059 1858 1824 1774 1280
internal_count=3876 131 3745 1474 2271 2203 2170 68 99 2059 1858 1824 1774 1280
cat_boundaries=0 1 2 3
cat_threshold=1 30560 128
is_linear=0
shrinkage=0.03


Tree=118
num_leaves=15
num_cat=3
split_feature=0 0 9 9 9 0 0 6 0 6 0 0 7 6
split_gain=70.4312 32.4195 31.1035 19.6939 14.3183 13.5835 13.525 14.9333 12.3735 11.0978 11.1068 9.18043 10.1816 8.29169
threshold=3.7082735000000002 14.957541000000001 0 1 2 37.043250000000008 11.651130000000002 177.50000000000003 25.780628000000004 139.50000000000003 8.0770035000000018 21.995953000000004 239.50000000000003 139.50000000000003
decision_type=2 2 9 9 9 2 2 2 2 2 2 2 2 2
left_child=-1 2 9 11 8 -6 7 13 -5 -2 -11 -3 -13 -4
right_child=1 3 6 4 5 -7 -8 -9 -10 10 -12 12 -14 -15
leaf_value=-5.09599932790388 -3.2187120890108449 -7.747369691003442 -0.063602571613755571 2.1128992502859933 0.29429240474999457 5.4789075389434947 1.5845810939546798 0.95655978078943116 18.561203475272244 -2.6382913235373513 -0.74698200735338105 6.9809073582319829 -4.5690388808462901 -1.2148058515300544
leaf_weight=106 160 52 288 158 1825 85 234 112 45 138 350 30 31 272
leaf_count=106 160 52 288 158 1825 85 234 112 45 138 350 30 31 272
internal_value=-0.000787442 -0.000111111 -0.00343629 0.00221024 0.00286858 0.00203125 0.000196507 -0.00196429 0.0102817 -0.00838906 -0.00627049 -0.0095122 -0.00245902 -0.00396429
internal_weight=3886 3780 1554 2226 2113 1910 906 672 203 648 488 113 61 560
internal_count=3886 3780 1554 2226 2113 1910 906 672 203 648 488 113 61 560
cat_boundaries=0 1 2 3
cat_threshold=7625 17 164
is_linear=0
shrinkage=0.03


Tree=119
num_leaves=15
num_cat=2
split_feature=0 0 0 9 9 0 0 0 6 0 7 6 4 0
split_gain=57.6326 36.8374 16.8962 16.2918 15.9986 11.3204 10.4113 12.4013 11.3311 9.5725 11.466 9.04811 9.77163 8.61401
threshold=3.7082735000000002 18.602377000000001 37.043250000000008 0 1 16.080482000000003 29.029170000000004 22.683956000000006 165.50000000000003 21.105180000000001 227.50000000000003 156.50000000000003 1.5000000000000002 20.194773500000004
decision_type=2 2 2 9 9 2 2 2 2 2 2 2 2 2
left_child=-1 4 3 11 5 -2 7 8 9 10 -5 12 -3 -13
right_child=1 2 -4 6 -6 -7 -8 -9 -10 -11 -12 13 -14 -15
leaf_value=-5.0719568869316571 -1.3275262215686416 0.33035723843667936 5.0098453870799542 -1.9552654214545351 0.015719832337342723 0.015758825931220598 4.8704089502690069 -0.1314922852140944 4.9925737990880723 4.3405338513380434 3.62997299601171 -3.2060152259933736 -1.2464048134952053 -0.68118270692007743
leaf_weight=94 971 470 85 79 862 282 195 360 140 82 62 30 30 140
leaf_count=94 971 470 85 79 862 282 195 360 140 82 62 30 30 140
internal_value=-0.001051 -0.000475185 0.00285117 0.00215365 -0.00310638 -0.00524941 0.00471983 0.00311203 0.00702479 0.00282511 -0.00191489 -0.00141176 0.0006 -0.00741176
internal_weight=3882 3788 1673 1588 2115 1253 918 723 363 223 141 670 500 170
internal_count=3882 3788 1673 1588 2115 1253 918 723 363 223 141 670 500 170
cat_boundaries=0 1 2
cat_threshold=111105 15809
is_linear=0
shrinkage=0.03


Tree=120
num_leaves=15
num_cat=0
split_feature=0 0 0 7 4 6 8 7 7 8 1 5 3 8
split_gain=55.5501 32.4667 18.461 10.1268 7.27712 7.32675 7.30484 9.0559 7.1643 6.22963 5.357 5.03227 5.97798 7.11492
threshold=3.4169730000000005 15.891963000000002 37.043250000000008 185.50000000000003 1.0000000180025095e-35 103.50000000000001 2.5000000000000004 246.50000000000003 166.50000000000003 3.5000000000000004 1.5000000000000002 13.500000000000002 4058.4840000000004 1.5000000000000002
decision_type=2 2 2 2 2 2 2 2 2 2 2 2 2 2
left_child=-1 3 8 -2 -5 -6 10 -8 -3 -4 -7 12 -10 -14
right_child=1 2 9 4 5 6 7 -9 11 -11 -12 -13 13 -15
leaf_value=-5.1109677424498647 -2.3069573776753192 3.5695283724733882 4.7560431728847945 -0.33817457639607029 0.45032327436172637 -3.8466014695933746 -2.1281071404990404 0.51133982109058596 -1.7235496670295696 6.1580108029753093 -1.5106853251439532 0.4490005821991917 -1.464827173758706 0.78010045848838105
leaf_weight=81 47 30 54 1431 32 71 36 56 121 36 59 1505 116 258
leaf_count=81 47 30 54 1431 32 71 36 56 121 36 59 1505 116 258
internal_value=-0.000968726 -0.000451713 0.00203774 -0.00349885 -0.00311573 -0.00779528 -0.00972973 -0.00326087 0.00144828 0.0153333 -0.0143077 0.00123 -0.00139394 0.000481283
internal_weight=3933 3852 2120 1732 1685 254 222 92 2030 90 130 2000 495 374
internal_count=3933 3852 2120 1732 1685 254 222 92 2030 90 130 2000 495 374
is_linear=0
shrinkage=0.03


Tree=121
num_leaves=15
num_cat=3
split_feature=0 0 9 0 9 9 5 0 6 7 1 2 7 2
split_gain=61.6489 26.9815 15.5025 25.9034 13.3008 9.79784 10.3939 11.831 11.1443 10.0806 9.09979 12.276 8.84396 8.74267
threshold=3.7082735000000002 17.325287500000005 0 37.043250000000008 1 2 14.500000000000002 24.516082500000003 154.50000000000003 211.50000000000003 4.5000000000000009 542.60000000000014 241.50000000000003 503.10000000000008
decision_type=2 2 9 2 9 9 2 2 2 2 2 2 2 2
left_child=-1 4 10 5 13 6 7 -4 9 -9 11 -3 -10 -2
right_child=1 2 3 -5 -6 -7 -8 8 12 -11 -12 -13 -14 -15
leaf_value=-4.6376316091853198 -1.1571331387454802 -0.06042636429607455 -1.1590268737197664 7.5278593866130494 -0.09346988572072859 3.8682004215713617 1.556102396101819 1.1910777510827029 -1.2048987805291063 5.7938812673699385 -1.0905803284722151 3.7969806861889444 1.587585698707112 -3.7259050400883162
leaf_weight=110 615 768 148 36 1281 290 347 63 38 47 57 40 30 30
leaf_count=110 615 768 148 36 1281 290 347 63 38 47 57 40 30 30
internal_value=-0.000769231 -0.000126649 0.00244635 0.00496531 -0.00261682 0.004081 0.00197657 -0.00184049 0.00337079 0.00927273 -0.000514286 0.00029703 -0.00617647 -0.0060916
internal_weight=3900 3790 1864 999 1926 963 673 326 178 110 865 808 68 645
internal_count=3900 3790 1864 999 1926 963 673 326 178 110 865 808 68 645
cat_boundaries=0 1 2 3
cat_threshold=45593 68993 68608
is_linear=0
shrinkage=0.03


Tree=122
num_leaves=15
num_cat=4
split_feature=0 0 9 9 6 0 5 6 7 5 9 7 6 9
split_gain=53.8251 28.7915 36.1022 26.6452 13.7447 13.2573 10.6375 10.1734 10.0606 9.81423 9.20917 8.41025 13.641 8.04938
threshold=3.7082735000000002 10.743971500000002 0 1 106.50000000000001 37.043250000000008 15.500000000000002 140.50000000000003 218.50000000000003 15.500000000000002 2 237.50000000000003 120.50000000000001 3
decision_type=2 2 9 9 2 2 2 2 2 2 9 2 2 9
left_child=-1 3 11 6 -4 9 -2 -7 -5 -6 -10 -3 -13 -14
right_child=1 2 4 8 5 7 -8 -9 10 -11 -12 12 13 -15
leaf_value=-4.2881520986751589 -1.5760051320150297 -0.10809645052185941 2.6542810818932683 -1.5371107495337468 0.26057162249912946 1.1859648361660355 -3.7898576021285595 6.429676282337768 0.81584313172070322 2.5517014664035318 -0.39863167753940271 -3.5563770974333884 -0.071863293539058751 -1.9636263629435051
leaf_weight=98 303 428 85 117 1704 35 42 61 146 252 289 68 227 107
leaf_count=98 303 428 85 117 1704 35 42 61 146 252 289 68 227 107
internal_value=-0.000696618 -0.000139752 0.00128413 -0.0048495 0.00333954 0.0028655 -0.0112394 0.01375 -0.000640569 0.00233129 0.00144828 -0.004 -0.00716418 -0.00467066
internal_weight=3962 3864 2967 897 2137 2052 345 96 552 1956 435 830 402 334
internal_count=3962 3864 2967 897 2137 2052 345 96 552 1956 435 830 402 334
cat_boundaries=0 1 2 3 4
cat_threshold=54017 3181 49424 36864
is_linear=0
shrinkage=0.03


Tree=123
num_leaves=15
num_cat=2
split_feature=9 6 6 9 3 3 6 4 2 5 5 8 3 2
split_gain=14.8512 6.97935 6.65037 6.83444 13.0085 7.20925 6.18369 5.63847 5.76385 9.04771 7.15428 5.57766 7.58086 6.95189
threshold=0 61.500000000000007 199.50000000000003 1 98520.758500000011 73709.108000000022 189.50000000000003 1.5000000000000002 357.45000000000005 14.500000000000002 14.500000000000002 5.5000000000000009 20327.968500000006 239.05000000000004
decision_type=9 2 2 9 2 2 2 2 2 2 2 2 2 2
left_child=-1 -2 3 4 6 7 11 8 10 -10 -5 12 -3 -13
right_child=1 2 -4 5 -6 -7 -8 -9 9 -11 -12 13 -14 -15
leaf_value=-4.7396439960406012 2.6683822008549161 -0.66783184164119802 -1.011754308493007 -0.097490724334315923 -1.6095967822598094 2.2374893595176353 2.0899856442116582 -1.4786503035303598 0.062096808018072804 -3.4708260537020621 0.96977960664014973 -0.22577377551646349 0.29430046943037153 1.3044389742040801
leaf_weight=128 30 863 85 1087 67 108 89 73 105 65 667 119 370 54
leaf_count=128 30 863 85 1087 67 108 89 73 105 65 667 119 370 54
internal_value=-0.000767263 -0.000411392 -0.000527719 -0.000335424 -0.00183206 0.000780142 -0.00126421 0.000375563 0.000686071 -0.00458824 0.00119726 -0.00174964 -0.00245742 0.0032948
internal_weight=3910 3782 3752 3667 1562 2105 1495 1997 1924 170 1754 1406 1233 173
internal_count=3910 3782 3752 3667 1562 2105 1495 1997 1924 170 1754 1406 1233 173
cat_boundaries=0 1 2
cat_threshold=1 45920
is_linear=0
shrinkage=0.03


Tree=124
num_leaves=15
num_cat=3
split_feature=0 9 0 0 0 9 0 0 7 9 7 8 0 7
split_gain=56.3502 22.3981 21.9248 17.8964 12.8542 12.1675 20.0818 12.7064 8.98784 7.90091 7.63691 6.40228 6.29225 12.2274
threshold=6.6066410000000007 0 3.0705205000000002 37.043250000000008 19.369722000000007 1 25.780628000000004 8.2848845000000022 294.50000000000006 2 229.50000000000003 4.5000000000000009 14.876493000000002 189.50000000000003
decision_type=2 9 2 2 2 9 2 2 2 9 2 2 2 2
left_child=2 4 -1 5 -2 6 7 -3 12 -4 -6 -11 13 -7
right_child=1 3 9 -5 10 8 -8 -9 -10 11 -12 -13 -14 -15
leaf_value=-4.552787741490496 -6.3109944199877193 -1.9689339824402736 -2.6406690335870415 4.556380198015292 3.2791673286450065 -2.2113585268811957 18.054765968906626 0.82748746319207611 -2.0064958272382283 -0.9219536487944856 -5.1780673785135329 0.27236897470613142 0.19162909672666956 -0.28423194026027887
leaf_weight=67 43 39 110 88 34 46 44 357 36 135 44 60 1871 941
leaf_count=67 43 39 110 88 34 46 44 357 36 135 44 60 1871 941
internal_value=-0.000666667 0.000499577 -0.0117742 0.000961538 -0.0116794 0.000611878 0.0052 0.00318182 -0.000103306 -0.00836066 -0.00538462 -0.00395122 8.39748e-05 -0.0018541
internal_weight=3915 3543 372 3422 121 3334 440 396 2894 305 78 195 2858 987
internal_count=3915 3543 372 3422 121 3334 440 396 2894 305 78 195 2858 987
cat_boundaries=0 1 2 3
cat_threshold=1 164 6368
is_linear=0
shrinkage=0.03


Tree=125
num_leaves=15
num_cat=2
split_feature=0 0 9 9 6 7 0 0 0 7 4 7 3 6
split_gain=59.1474 25.5027 16.9482 16.3537 15.2465 12.7927 11.6372 12.3319 11.2946 10.8368 10.6089 9.17163 7.64319 6.6945
threshold=3.7082735000000002 15.891963000000002 0 1 111.50000000000001 214.50000000000003 28.515407500000006 27.113121000000003 33.568191500000005 243.50000000000003 1.0000000180025095e-35 271.50000000000006 35812.794000000002 151.50000000000003
decision_type=2 2 9 9 2 2 2 2 2 2 2 2 2 2
left_child=-1 3 5 4 -2 -3 7 -7 9 -4 12 -5 -6 -11
right_child=1 2 8 11 10 6 -8 -9 -10 13 -12 -13 -14 -15
leaf_value=-4.0719728204242616 -5.4323032009070946 1.5512447092167281 0.55251239321743018 -0.35432553832219582 -0.4806191723222798 -0.24868612931055964 -1.800425493350067 2.5180042946615275 3.8773649345631203 -1.2119973839785074 -3.2942707399508162 0.63772558388142897 -1.6270879618288483 2.6683183955510459
leaf_weight=92 35 199 789 967 296 442 77 31 170 36 77 288 36 372
leaf_count=92 35 199 789 967 296 442 77 31 170 36 77 288 36 372
internal_value=-0.000360891 0.00021232 0.00241021 -0.00252501 -0.00740088 -0.0012253 -0.0036 -0.00183932 0.00437908 0.00338346 -0.00594132 -0.000735178 -0.00361446 0.00735294
internal_weight=3907 3815 2116 1699 444 749 550 473 1367 1197 409 1255 332 408
internal_count=3907 3815 2116 1699 444 749 550 473 1367 1197 409 1255 332 408
cat_boundaries=0 1 2
cat_threshold=45825 2369
is_linear=0
shrinkage=0.03


Tree=126
num_leaves=15
num_cat=2
split_feature=9 3 9 6 7 6 6 3 2 3 3 6 2 7
split_gain=18.6815 6.38022 6.20604 11.0747 8.05253 7.32235 6.75257 6.67181 6.26836 8.30652 5.70975 5.58125 6.91503 5.17479
threshold=0 9151.845000000003 1 177.50000000000003 257.50000000000006 148.50000000000003 183.50000000000003 9529.4350000000013 48.500000000000007 2959.0980000000004 32162.123000000003 110.50000000000001 171.45000000000002 189.50000000000003
decision_type=9 2 9 2 2 2 2 2 2 2 2 2 2 2
left_child=1 -1 3 4 7 10 -4 11 -5 -10 -6 12 -2 -9
right_child=2 -3 6 8 5 -7 -8 13 9 -11 -12 -13 -14 -15
leaf_value=-1.283509712349491 -0.99000330743415244 -5.1401334079631917 0.24757545112378465 4.7245910978291112 0.23774959930109843 -1.2435395964590998 -0.86376348387503632 -1.6427841911448535 -1.7480984257223031 0.9934502352379968 -0.89247733288085551 -0.73557531195198178 -2.9892631167259114 0.27516904462921615
leaf_weight=44 36 90 2250 31 87 187 237 38 33 177 31 273 32 360
leaf_count=44 36 90 2250 31 87 187 237 38 33 177 31 273 32 360
internal_value=-0.000645161 -0.01125 -0.000237969 -0.00192278 -0.00327586 -0.00737705 0.000636764 -0.00158322 0.00385892 0.002 -0.00152542 -0.00466276 -0.0123529 0.00105528
internal_weight=3906 134 3772 1285 1044 305 2487 739 241 210 118 341 68 398
internal_count=3906 134 3772 1285 1044 305 2487 739 241 210 118 341 68 398
cat_boundaries=0 1 2
cat_threshold=1 41824
is_linear=0
shrinkage=0.03


Tree=127
num_leaves=15
num_cat=3
split_feature=0 0 9 9 0 0 6 0 5 2 5 1 9 0
split_gain=58.4493 23.8242 21.3117 19.7505 9.72905 10.0127 9.68766 11.4738 12.7992 14.7616 8.60023 8.58589 8.40919 15.2859
threshold=3.0705205000000002 11.651130000000002 0 1 19.964788000000002 28.515407500000006 106.50000000000001 30.170893000000003 15.500000000000002 115.50000000000001 11.500000000000002 2.5000000000000004 2 37.043250000000008
decision_type=2 2 9 9 2 2 2 2 2 2 2 2 9 2
left_child=-1 3 4 -2 -3 -6 -4 8 9 10 -8 -11 -9 -14
right_child=1 2 6 -5 5 -7 7 12 -10 11 -12 -13 13 -15
leaf_value=-5.2793095400923473 -1.903828623872214 -1.2600199349978709 1.8205498075820299 -0.3501073607262174 0.69216010517865245 -1.3557445273177244 -1.8432237066453967 0.61940170093717828 2.6334824515096895 -0.72143192184112304 0.73144165896582303 0.29006107760285432 1.2931650212178829 7.9269422673512002
leaf_weight=70 220 370 98 835 269 115 35 149 227 594 583 175 142 34
leaf_count=70 220 370 98 835 269 115 35 149 227 594 583 175 142 34
internal_value=-0.00111849 -0.000624025 0.00082766 -0.00446445 -0.0034555 -0.00015625 0.00241817 0.00196493 0.000929368 -0.000151406 0.00330097 -0.00292588 0.00710769 0.0112903
internal_weight=3916 3846 2791 1055 754 384 2037 1939 1614 1387 618 769 325 176
internal_count=3916 3846 2791 1055 754 384 2037 1939 1614 1387 618 769 325 176
cat_boundaries=0 1 2 3
cat_threshold=38145 2241 8200
is_linear=0
shrinkage=0.03


Tree=128
num_leaves=15
num_cat=4
split_feature=0 0 0 9 9 7 7 4 9 0 9 0 7 0
split_gain=54.3813 27.937 17.5026 24.0243 17.1478 10.6369 9.78954 9.6335 8.61187 9.54681 8.34653 15.0717 8.23736 8.93101
threshold=3.0705205000000002 37.043250000000008 9.5176385000000021 0 1 203.50000000000003 224.50000000000003 1.0000000180025095e-35 2 28.859818500000003 3 25.780628000000004 241.50000000000003 21.995953000000004
decision_type=2 2 2 9 9 2 2 2 9 2 9 2 2 2
left_child=-1 2 3 7 5 -4 -5 -2 9 12 11 -6 13 -7
right_child=1 -3 4 6 10 8 -8 -9 -10 -11 -12 -13 -14 -15
leaf_value=-5.0126347400417544 -1.2578280710335354 5.0811175499111094 1.0627673093306749 -1.5267752072157292 0.68783816745089099 -0.13221057380660681 0.25053175878281536 -3.635428574564445 -4.0405848530797241 -1.2863427670897112 0.17794718720132777 17.430415361976106 -0.72061447520321276 3.4597597203431518
leaf_weight=59 206 95 159 119 322 162 349 50 115 50 1910 39 229 38
leaf_count=59 206 95 159 119 322 162 349 50 115 50 1910 39 229 38
internal_value=-0.000399795 3.9032e-05 -0.000368196 -0.00455801 0.000634921 -0.00326343 -0.000376569 -0.0117293 -0.00515152 -0.00312883 0.00193336 0.00606469 -0.00174825 0.0027
internal_weight=3902 3843 3748 724 3024 753 468 256 594 479 2271 361 429 200
internal_count=3902 3843 3748 724 3024 753 468 256 594 479 2271 361 429 200
cat_boundaries=0 1 2 3 4
cat_threshold=2277 86273 69888 164
is_linear=0
shrinkage=0.03


Tree=129
num_leaves=15
num_cat=4
split_feature=0 0 0 9 9 6 7 0 0 9 0 6 6 9
split_gain=51.6377 22.647 20.2755 10.9646 9.51882 9.37683 11.1183 9.46708 15.302 9.36652 9.58465 11.9188 10.8674 8.39172
threshold=6.6066410000000007 25.288895500000006 3.0705205000000002 0 1 98.500000000000014 209.50000000000003 38.074008000000006 28.515407500000006 2 10.132813500000003 172.50000000000003 105.50000000000001 3
decision_type=2 2 2 9 9 2 2 2 2 9 2 2 2 9
left_child=2 9 -1 -3 -4 -5 -7 8 -8 -2 12 13 -11 -12
right_child=1 3 4 5 -6 6 7 -9 -10 10 11 -13 -14 -15
leaf_value=-4.9060756603983169 -0.45847412640389845 3.7509643606910297 -2.8405841817790183 -2.0771516495227296 -0.65927279515138593 3.5344249296446968 1.8223001537102708 7.9264734296393042 -0.87134314229191201 0.37411654598734456 1.1935408628671813 2.1566140913346223 -1.1142096393875873 -0.25820749905378421
leaf_weight=65 1711 194 108 34 207 187 117 39 188 38 254 289 206 286
leaf_count=65 1711 194 108 34 207 187 117 39 188 38 254 289 206 286
internal_value=-0.000542952 0.000584251 -0.0110526 0.00517787 -0.00790476 0.00286957 0.00389831 0.000697674 -0.00108197 -0.000668103 0.00152355 0.003076 -0.00368852 0.000444444
internal_weight=3923 3543 380 759 315 565 531 344 305 2784 1073 829 244 540
internal_count=3923 3543 380 759 315 565 531 344 305 2784 1073 829 244 540
cat_boundaries=0 1 2 3 4
cat_threshold=2176 6368 97537 32820
is_linear=0
shrinkage=0.03


Tree=130
num_leaves=15
num_cat=2
split_feature=0 0 0 9 0 7 9 6 0 0 0 6 0 7
split_gain=50.6106 17.3262 16.7698 13.2669 12.8469 13.8286 9.2479 14.0269 13.6779 11.0049 12.8656 9.41851 11.7591 9.45838
threshold=6.4608920000000003 37.043250000000008 3.0705205000000002 0 20.326764000000004 229.50000000000003 1 98.500000000000014 11.347125000000002 15.458598500000003 29.029170000000004 118.50000000000001 17.325287500000005 255.50000000000003
decision_type=2 2 2 9 2 2 9 2 2 2 2 2 2 2
left_child=2 3 -1 4 -2 -6 8 9 -5 -8 -11 -10 -13 -14
right_child=1 -3 -4 6 5 -7 7 -9 11 10 -12 12 13 -15
leaf_value=-4.2011305086586059 -5.0220428299277637 3.7111131388500755 -1.2784250085938469 -0.28492094255222239 8.4164515371000217 -5.0484491303247179 -3.2328218193457361 0.05676500042078942 2.8735341848667475 0.83769601955348205 -2.6685939737728246 -0.22330252821572003 7.047094271884891 0.14060609690518958
leaf_weight=61 44 92 288 216 35 45 75 2577 54 100 30 120 120 61
leaf_count=61 44 92 288 216 35 45 75 2577 54 100 30 120 120 61
internal_value=-0.000872894 0.000193331 -0.0117765 -0.000146678 -0.00940299 -0.003 0.000223015 -0.000494269 0.00366609 -0.00804878 -0.00276923 0.00735211 0.00528239 0.0101105
internal_weight=3918 3569 349 3477 124 80 3353 2782 571 205 130 355 301 181
internal_count=3918 3569 349 3477 124 80 3353 2782 571 205 130 355 301 181
cat_boundaries=0 1 2
cat_threshold=1 180
is_linear=0
shrinkage=0.03


Tree=131
num_leaves=15
num_cat=5
split_feature=0 0 9 6 0 9 9 0 9 6 7 0 9 0
split_gain=50.1251 19.9811 18.6425 13.4537 12.7815 11.9663 11.2862 13.7529 11.0206 9.87727 10.825 17.8977 9.27645 8.7804
threshold=5.5709605000000009 27.113121000000003 0 177.50000000000003 2.7785910000000005 1 2 12.875887000000002 3 101.50000000000001 213.50000000000003 38.074008000000006 4 28.515407500000006
decision_type=2 2 9 2 2 9 9 2 9 2 2 2 9 2
left_child=4 3 -3 6 -1 -5 -2 12 -9 -4 -11 13 -8 -12
right_child=1 2 9 5 -6 -7 7 8 -10 10 11 -13 -14 -15
leaf_value=-4.3320680530838214 1.014601915925391 5.6450756647780684 -2.0938683548344716 -1.1661826897042147 -1.275570029564232 1.6374691514672803 -1.5428261132283569 -1.0980112208934008 0.0010701282493937468 2.6726259366334397 2.1095818277312413 7.8724472959487315 -0.50822565761389793 -0.8454570665754636
leaf_weight=48 251 137 33 102 204 421 354 162 1417 204 56 37 297 169
leaf_count=48 251 137 33 102 204 421 354 162 1417 204 56 37 297 169
internal_value=-0.000632066 0.000263736 0.00509434 -0.000758988 -0.0135714 0.00361377 -0.00168077 -0.00235714 -0.000854972 0.00218075 0.00334764 -0.000687023 -0.00603687 -0.00386667
internal_weight=3892 3640 636 3004 252 523 2481 2230 1579 499 466 262 651 225
internal_count=3892 3640 636 3004 252 523 2481 2230 1579 499 466 262 651 225
cat_boundaries=0 1 2 3 4 5
cat_threshold=2176 66580 20 577 108681
is_linear=0
shrinkage=0.03


Tree=132
num_leaves=15
num_cat=3
split_feature=0 0 9 0 9 2 0 9 5 6 0 6 2 5
split_gain=45.5103 21.2772 16.5153 30.4569 14.021 12.6643 11.5654 11.2596 17.524 9.9287 8.03576 7.85728 12.6977 9.37093
threshold=3.7082735000000002 17.009411500000002 0 36.470135500000005 1 503.10000000000008 5.8645015000000003 2 15.500000000000002 111.50000000000001 23.092631500000003 177.50000000000003 149.50000000000003 15.500000000000002
decision_type=2 2 9 2 9 2 2 9 2 2 2 2 2 2
left_child=-1 4 -3 7 5 6 -2 8 -4 -8 -10 12 13 -6
right_child=1 2 3 -5 11 -7 9 -9 10 -11 -12 -13 -14 -15
leaf_value=-3.3408840522058187 -3.1105143248355214 -0.099185731125234045 -0.090300837230790867 6.3460149177554692 -1.0287229737040047 -3.355834870967187 -1.7806758337117992 3.5811685977529133 6.990570748442364 -0.49297888788548333 -0.75516704868249684 0.82337629273695589 0.28217541179908723 0.65641982158637913
leaf_weight=98 67 888 616 41 375 35 46 238 125 631 31 162 461 84
leaf_count=98 67 888 616 41 375 35 46 238 125 631 31 162 461 84
internal_value=-0.000631093 -0.000110526 0.00208871 0.00460886 -0.00240193 -0.00543726 -0.00467742 0.00362376 0.00176471 -0.00350074 0.0107692 -0.000164835 -0.00123913 -0.00477124
internal_weight=3898 3800 1939 1051 1861 779 744 1010 772 677 156 1082 920 459
internal_count=3898 3800 1939 1051 1861 779 744 1010 772 677 156 1082 920 459
cat_boundaries=0 1 2 3
cat_threshold=45577 69569 67904
is_linear=0
shrinkage=0.03


Tree=133
num_leaves=15
num_cat=3
split_feature=0 0 9 0 9 0 6 9 5 6 6 0 7 6
split_gain=41.8147 19.5597 16.2233 16.0324 13.501 10.5116 10.3371 11.3729 10.9882 12.2185 12.1375 9.65139 11.3607 11.2973
threshold=6.4608920000000003 27.113121000000003 0 3.0705205000000002 1 22.416252500000002 174.50000000000003 2 14.500000000000002 120.50000000000001 104.50000000000001 18.846241000000003 262.50000000000006 197.50000000000003
decision_type=2 2 9 2 9 2 2 9 2 2 2 2 2 2
left_child=3 4 -3 -1 5 -2 7 -6 -9 10 -10 12 -8 -14
right_child=1 2 -4 -5 6 -7 11 8 9 -11 -12 -13 13 -15
leaf_value=-4.4910839525318123 -3.5040100728007313 5.457155741333545 0.55530571316803157 -1.11228728264212 0.3577726475372901 1.7680520903879733 -1.5113210546544065 -0.86696241934712015 0.25950058888312011 0.34846556236555326 -1.6674583948886732 3.2056733706303748 1.5950522868078814 -0.72651751311837187
leaf_weight=66 139 142 495 293 397 44 139 720 131 872 114 168 197 47
leaf_count=66 139 142 495 293 397 44 139 720 131 872 114 168 197 47
internal_value=-0.000514632 0.000457698 0.00522763 -0.0102786 -0.000566038 -0.00823834 -3.22004e-05 -0.000940018 -0.00193286 -8.0573e-05 -0.006 0.00364791 0.00101828 0.00491803
internal_weight=3964 3605 637 359 2968 183 2785 2234 1837 1117 245 551 383 244
internal_count=3964 3605 637 359 2968 183 2785 2234 1837 1117 245 551 383 244
cat_boundaries=0 1 2 3
cat_threshold=2176 1025 564
is_linear=0
shrinkage=0.03


Tree=134
num_leaves=15
num_cat=4
split_feature=0 9 0 0 9 9 0 0 3 0 0 0 9 5
split_gain=36.6615 19.4524 15.393 11.994 19.7742 10.6904 13.0331 9.49008 8.82968 8.42373 7.59661 6.75716 6.52818 10.0522
threshold=3.4169730000000005 0 37.043250000000008 12.875887000000002 1 2 25.780628000000004 22.950258000000002 9511.7760000000017 5.8645015000000003 23.092631500000003 18.755801500000004 3 15.500000000000002
decision_type=2 9 2 2 9 9 2 2 2 2 2 2 9 2
left_child=-1 10 3 4 9 6 7 11 -7 -3 -2 -5 13 -10
right_child=1 2 -4 5 -6 8 -8 -9 12 -11 -12 -13 -14 -15
leaf_value=-3.3234285623888753 -4.6624504381702625 -2.9961422032485494 3.3837502472116237 0.26355668643445368 -0.027288942024279093 -0.39881334976853849 15.91407806880591 -1.9077081225950177 0.31833548422937152 -1.1417677794702559 -1.6967734717182974 4.491538706872416 -0.1034244687715659 4.5604678480641461
leaf_weight=84 75 64 85 105 807 991 43 43 541 313 53 65 546 110
leaf_count=84 75 64 85 105 807 991 43 43 541 313 53 65 546 110
internal_value=-0.00110828 -0.000679511 -0.000265915 -0.000562293 -0.00304054 0.000638298 0.00631579 0.00352113 -5.45951e-05 -0.00860465 -0.0117391 0.00670588 0.0016792 0.00367625
internal_weight=3925 3841 3713 3628 1184 2444 256 213 2188 377 128 170 1197 651
internal_count=3925 3841 3713 3628 1184 2444 256 213 2188 377 128 170 1197 651
cat_boundaries=0 1 2 3 4
cat_threshold=1 7368 164 10312
is_linear=0
shrinkage=0.03


Tree=135
num_leaves=15
num_cat=3
split_feature=0 0 0 9 9 1 7 6 6 6 0 6 7 9
split_gain=36.8532 28.2067 16.7087 11.8305 10.3694 9.47237 10.4686 12.296 9.21889 8.86199 15.5494 7.63201 6.86215 6.50776
threshold=3.0705205000000002 19.268703000000002 37.043250000000008 0 1 1.5000000000000002 236.50000000000003 110.50000000000001 138.50000000000003 150.50000000000003 10.364357000000002 161.50000000000003 262.50000000000006 2
decision_type=2 2 2 9 9 2 2 2 2 2 2 2 2 9
left_child=-1 4 3 5 9 -3 7 -7 -4 -2 -11 -8 -12 -5
right_child=1 2 8 13 -6 6 11 -9 -10 10 12 -13 -14 -15
leaf_value=-4.3888815800059007 -4.6879519394462523 0.31371969755074475 0.57552500102778592 0.54221054169817984 -0.27688407312986102 -2.041633169587576 -3.1435396971179137 2.0222705962656073 4.5494739685538521 -2.4134162305789855 -0.84564806929725134 -0.89240906604834436 2.202239451851367 4.244035401469036
leaf_weight=65 44 266 30 786 2073 35 30 73 62 70 48 31 55 268
leaf_count=65 44 266 30 786 2073 35 30 73 62 70 48 31 55 268
internal_value=-0.000213415 0.000162749 0.00324478 0.00247817 -0.00196507 -0.00168539 -0.00727811 -0.00166667 0.0156522 -0.00806167 -0.00537572 -0.0172131 0.00203883 0.00417293
internal_weight=3936 3871 1581 1489 2290 435 169 108 92 217 173 61 103 1054
internal_count=3936 3871 1581 1489 2290 435 169 108 92 217 173 61 103 1054
cat_boundaries=0 1 2 3
cat_threshold=98817 1089 14344
is_linear=0
shrinkage=0.03


Tree=136
num_leaves=15
num_cat=4
split_feature=0 9 0 0 9 9 4 3 0 9 6 5 2 5
split_gain=40.8261 20.4636 16.9259 10.7814 27.7717 12.5027 8.86944 8.26576 7.58749 7.42751 10.2318 6.21919 6.06985 6.03078
threshold=3.7082735000000002 0 37.043250000000008 9.5176385000000021 1 2 1.0000000180025095e-35 9511.7760000000017 19.369722000000007 3 180.50000000000003 12.500000000000002 62.050000000000004 15.500000000000002
decision_type=2 9 2 2 9 9 2 2 2 9 2 2 2 2
left_child=-1 8 3 4 6 -5 12 -7 -2 10 13 -4 -3 -6
right_child=1 2 11 5 9 7 -8 -9 -10 -11 -12 -13 -14 -15
leaf_value=-3.4788062073923594 -4.3933523266873529 -2.5098330270782889 1.7345101777634544 1.8283198815124557 -1.2673183174133578 -0.27957459406645851 -4.0309860134363653 0.26488762185387715 -2.8097821543407484 0.88308266017842696 1.6090210185242699 4.0383947810381029 -1.0351122591687805 0.30696203182060228
leaf_weight=95 56 43 49 298 135 1202 40 1408 77 157 31 46 185 79
leaf_count=95 56 43 49 298 135 1202 40 1408 77 157 31 46 185 79
internal_value=-0.00046911 1.57646e-05 0.000448004 0.000117384 -0.00331343 0.00090784 -0.0105755 0.000229008 -0.0111189 0.00174757 -0.00152941 0.0129474 -0.00868421 -0.00392523
internal_weight=3901 3806 3673 3578 670 2908 268 2610 133 402 245 95 228 214
internal_count=3901 3806 3673 3578 670 2908 268 2610 133 402 245 95 228 214
cat_boundaries=0 1 2 3 4
cat_threshold=1 68328 100 45060
is_linear=0
shrinkage=0.03


Tree=137
num_leaves=15
num_cat=0
split_feature=0 0 0 4 3 2 0 5 0 5 0 7 7 1
split_gain=34.9644 18.8867 14.4884 10.47 8.06462 6.11421 5.90112 4.88073 4.24686 8.69173 4.8084 4.33246 7.14927 4.21303
threshold=3.0705205000000002 10.743971500000002 37.043250000000008 1.0000000180025095e-35 118078.12400000003 177.45000000000002 8.7631720000000026 12.500000000000002 6.4608920000000003 14.500000000000002 10.256212000000001 216.50000000000003 246.50000000000003 2.5000000000000004
decision_type=2 2 2 2 2 2 2 2 2 2 2 2 2 2
left_child=-1 3 4 8 -3 -5 -7 -4 -2 10 11 -10 -13 -11
right_child=1 2 7 5 -6 6 -8 -9 9 13 -12 12 -14 -15
leaf_value=-4.3641456052725109 -0.94120977608631962 0.215257951009105 1.7395418193247791 -3.0624195115260955 -1.1407750595424955 0.72996174923918822 -3.5628364178820786 4.0122601364064892 -2.1985914422885195 0.36231424866208045 -2.4585956149898265 0.57113308229669879 -0.87544605345086213 -0.66288907264191033
leaf_weight=60 235 2829 42 62 74 34 37 47 48 228 33 79 106 38
leaf_count=60 235 2829 42 62 74 34 37 47 48 228 33 79 106 38
internal_value=-0.000273279 7.70812e-05 0.00122326 -0.00373333 0.000857733 -0.0115038 -0.00549296 0.0131461 -0.00238592 -0.000902256 -0.00473684 -0.00321888 -0.00113514 0.00293233
internal_weight=3952 3892 2992 900 2903 133 71 89 767 532 266 233 185 266
internal_count=3952 3892 2992 900 2903 133 71 89 767 532 266 233 185 266
is_linear=0
shrinkage=0.03


Tree=138
num_leaves=15
num_cat=3
split_feature=0 0 0 9 7 9 0 3 5 7 2 2 0 9
split_gain=40.5083 15.2654 15.1142 11.8918 8.70503 8.69896 11.8239 11.2369 10.0513 9.07859 7.59743 12.7681 6.49679 6.42229
threshold=5.7379890000000007 2.7785910000000005 37.043250000000008 0 207.50000000000003 1 12.875887000000002 9151.845000000003 15.500000000000002 240.50000000000003 310.50000000000006 155.05000000000004 12.078875000000002 2
decision_type=2 2 2 9 2 9 2 2 2 2 2 2 2 9
left_child=1 -1 3 4 -2 6 9 8 -8 10 11 -5 13 -11
right_child=2 -3 -4 5 -6 -7 7 -9 -10 12 -12 -13 -14 -15
leaf_value=-3.7793705536612672 2.2245938701971273 -1.239500822503109 3.485485736920841 -1.7878894149899611 -4.199925649268323 0.34423767544757994 -0.69667576478243975 0.53375160332413085 1.8031028844453043 0.66479683657656097 -2.4335576380886983 0.45200225624699325 -2.3402720377086075 -0.84309238732372471
leaf_weight=52 32 208 94 127 89 1089 624 1000 162 184 63 78 33 104
leaf_count=52 32 208 94 127 89 1089 624 1000 162 184 63 78 33 104
internal_value=-0.000555979 -0.012 0.000252786 -5.85774e-05 -0.0089313 0.000276339 -0.000742138 0.000470325 -0.00221374 -0.00443124 -0.00850746 -0.00570732 -0.00102804 0.000416667
internal_weight=3939 260 3679 3585 121 3464 2375 1786 786 589 268 205 321 288
internal_count=3939 260 3679 3585 121 3464 2375 1786 786 589 268 205 321 288
cat_boundaries=0 1 2 3
cat_threshold=1 96584 78080
is_linear=0
shrinkage=0.03


Tree=139
num_leaves=15
num_cat=2
split_feature=0 0 9 9 0 5 0 0 3 2 5 0 7 2
split_gain=35.8118 18.4676 19.7748 12.0887 13.1089 12.9182 10.2017 10.1962 11.7582 10.034 9.19396 9.1257 9.12397 9.17817
threshold=2.7785910000000005 14.957541000000001 0 1 37.043250000000008 12.500000000000002 32.018938000000006 11.569689500000001 54227.311000000009 339.95000000000005 16.500000000000004 22.416252500000002 263.50000000000006 133.50000000000003
decision_type=2 2 9 9 2 2 2 2 2 2 2 2 2 2
left_child=-1 2 9 6 -5 -6 11 -4 -9 10 -2 -3 13 -13
right_child=1 3 7 4 5 -7 -8 8 -10 -11 -12 12 -14 -15
leaf_value=-3.5834471803784456 -1.2168857057634044 -0.44667629338212123 -0.3138255029514232 0.48530038821269045 1.1573496192288302 5.7705059350625927 -5.2762122766835136 0.45381655648481456 4.6200073503773886 -3.1114722067375511 1.6736854944699917 1.8837240324310687 -1.2402741529022012 0.031406451459711208
leaf_weight=52 467 288 722 1582 45 39 35 232 31 95 37 79 40 147
leaf_count=52 467 288 722 1582 45 39 35 232 31 95 37 79 40 147
internal_value=-0.000655359 -0.000320396 -0.00280303 0.0014235 0.00272076 0.0142857 -0.00225376 -0.000150754 0.00490494 -0.00704433 -0.00547619 -0.00129964 0.00270677 0.00504425
internal_weight=3891 3839 1584 2255 1666 84 589 985 263 599 504 554 266 226
internal_count=3891 3839 1584 2255 1666 84 589 985 263 599 504 554 266 226
cat_boundaries=0 1 2
cat_threshold=7617 41489
is_linear=0
shrinkage=0.03


Tree=140
num_leaves=15
num_cat=3
split_feature=9 6 6 9 9 3 3 2 6 1 6 6 2 2
split_gain=14.2442 7.14471 11.5626 14.3193 7.95439 9.08845 8.571 6.22117 5.63183 6.94233 5.05689 6.48439 5.91737 10.0266
threshold=0 197.50000000000003 177.50000000000003 1 2 54227.311000000009 3396.1720000000005 129.95000000000002 93.500000000000014 1.5000000000000002 172.50000000000003 174.50000000000003 117.45000000000002 130.50000000000003
decision_type=9 2 2 9 9 2 2 2 2 2 2 2 2 2
left_child=-1 2 4 -4 5 6 7 -2 9 -8 12 -12 -6 -14
right_child=1 -3 3 -5 10 -7 8 -9 -10 -11 11 -13 13 -15
leaf_value=-3.4062559876247973 -2.9016370631539257 -1.1803791345905028 -0.76561432532376783 1.6817437407225679 0.48756557118403404 -1.6159320698255555 -2.0385341230272673 -0.48451325885053392 -0.24972753029566547 5.4062847439067747 -2.3921486028388346 -0.055903633747451519 -1.12923944108804 0.0097791089714360166
leaf_weight=137 40 103 141 373 918 87 34 37 298 46 72 106 108 1398
leaf_count=137 40 103 141 373 918 87 34 37 298 46 72 106 108 1398
internal_value=-0.00043099 -7.1599e-05 0.000147622 0.00431907 -0.000534351 -0.00380435 -0.00217582 -0.0112987 -0.00031746 0.00675 0.000160796 -0.0047191 0.000519802 -0.00063745
internal_weight=3898 3761 3658 514 3144 542 455 77 378 80 2602 178 2424 1506
internal_count=3898 3761 3658 514 3144 542 455 77 378 80 2602 178 2424 1506
cat_boundaries=0 1 2 3
cat_threshold=1 5268 4448
is_linear=0
shrinkage=0.03


Tree=141
num_leaves=15
num_cat=3
split_feature=0 0 9 0 7 5 9 8 9 0 5 7 2 0
split_gain=36.38 12.4866 12.2115 13.5771 13.7181 10.512 9.55539 9.18446 8.69408 8.61313 8.9897 8.75154 11.0703 8.4463
threshold=5.8645015000000003 2.7785910000000005 0 14.957541000000001 189.50000000000003 16.500000000000004 1 2.5000000000000004 2 37.043250000000008 14.500000000000002 192.50000000000003 114.45000000000002 22.683956000000006
decision_type=2 2 9 2 2 2 9 2 9 2 2 2 2 2
left_child=1 -1 -2 4 -4 6 7 -6 -3 10 11 -5 -13 -12
right_child=2 8 3 9 5 -7 -8 -9 -10 -11 13 12 -14 -15
leaf_value=-3.3923430598133018 0.42018771344583 -0.16594310608749652 -3.8711228388794003 2.8653352724768593 -3.0799898765577587 2.6203981672873873 -0.46842790220904701 -0.90933095512439699 -2.015023358224 2.6809096282581115 1.3042498051792473 0.20397676820132118 -1.0571946817825972 -0.35698408406487714
leaf_weight=47 1034 105 33 96 107 40 530 152 129 92 529 362 434 214
leaf_count=47 1034 105 33 96 107 40 530 152 129 92 529 362 434 214
internal_value=-0.000384221 -0.0107829 0.000422302 -0.000681031 -0.0037587 -0.00300362 -0.00376426 -0.00836431 -0.00794872 0.000851187 0.000348624 -0.00168161 -0.00271357 0.002786
internal_weight=3904 281 3623 2589 862 829 789 259 234 1727 1635 892 796 743
internal_count=3904 281 3623 2589 862 829 789 259 234 1727 1635 892 796 743
cat_boundaries=0 1 2 3
cat_threshold=34484 6145 123016
is_linear=0
shrinkage=0.03


Tree=142
num_leaves=15
num_cat=0
split_feature=0 0 0 6 3 8 6 7 0 6 2 3 7 0
split_gain=27.3269 18.4997 8.90715 8.67826 7.21129 7.28104 7.30642 9.22359 7.84701 6.55338 6.16495 4.83479 7.91322 11.4761
threshold=3.0705205000000002 12.449120000000002 37.043250000000008 140.50000000000003 65136.507000000005 4.5000000000000009 105.50000000000001 272.50000000000006 5.9831435000000015 168.50000000000003 263.60000000000008 9511.7760000000017 224.50000000000003 23.580761000000006
decision_type=2 2 2 2 2 2 2 2 2 2 2 2 2 2
left_child=-1 4 11 -4 5 6 -2 -8 -9 -10 -6 12 13 -3
right_child=1 2 3 -5 10 -7 7 8 9 -11 -12 -13 -14 -15
leaf_value=-3.290572768018901 0.30251160881814254 -1.294319949209555 -1.0806559874244386 3.7903796475429226 -3.4582900707234376 0.25754989759951513 -1.086337261585129 -1.6617954265917625 -0.63446872587926917 1.5939401940331981 -0.68445059152471455 0.40247295899293245 0.34762687798450087 0.38075685786056962
leaf_weight=55 98 253 32 58 31 299 525 55 34 77 51 1435 736 189
leaf_count=55 98 253 32 58 31 299 525 55 34 77 51 1435 736 189
internal_value=-0.000274949 2.32378e-05 0.00138735 0.0106667 -0.00312821 -0.00248162 -0.0039924 -0.00507959 0.00108434 0.00567568 -0.0117073 0.00106774 -0.000356537 -0.00352941
internal_weight=3928 3873 2703 90 1170 1088 789 691 166 111 82 2613 1178 442
internal_count=3928 3873 2703 90 1170 1088 789 691 166 111 82 2613 1178 442
is_linear=0
shrinkage=0.03


Tree=143
num_leaves=15
num_cat=3
split_feature=0 0 9 0 9 9 6 6 6 7 6 4 0 0
split_gain=33.0526 13.8859 7.66382 9.13459 18.8177 9.00555 7.0564 6.7819 6.57793 6.01745 10.6401 6.65472 6.87813 8.46581
threshold=4.2788670000000009 37.043250000000008 0 10.743971500000002 1 2 148.50000000000003 163.50000000000003 155.50000000000003 187.50000000000003 114.50000000000001 1.0000000180025095e-35 28.683753500000005 22.125774500000002
decision_type=2 2 9 2 9 9 2 2 2 2 2 2 2 2
left_child=-1 2 9 4 -4 -5 -3 8 -6 10 -2 12 13 -11
right_child=1 6 3 5 7 -7 -8 -9 -10 11 -12 -13 -14 -15
leaf_value=-2.2899142293763122 -0.9662407794805995 0.98059760940666818 -1.8265630848404339 2.0102562612414236 -0.0041364921318751153 0.13271851399267234 5.8036811084743993 0.64631424682902427 -2.114228480281747 -0.3998625735518726 4.1923247419876999 -2.0969315817399763 -1.0825659813642368 2.0124950467641063
leaf_weight=133 57 44 151 256 306 1813 50 136 42 582 40 124 85 101
leaf_count=133 57 44 151 256 306 1813 50 136 42 582 40 124 85 101
internal_value=-0.000413265 0.000102984 -0.00018684 0.00064112 -0.00250394 0.00160947 0.0114894 0.00048583 -0.00172414 -0.00243243 0.00463918 -0.0032287 -0.0021875 -0.00118594
internal_weight=3920 3787 3693 2704 635 2069 94 484 348 989 97 892 768 683
internal_count=3920 3787 3693 2704 635 2069 94 484 348 989 97 892 768 683
cat_boundaries=0 1 2 3
cat_threshold=70401 2120 100
is_linear=0
shrinkage=0.03


Tree=144
num_leaves=15
num_cat=2
split_feature=0 0 9 9 2 8 7 2 6 3 7 6 7 6
split_gain=27.415 15.4909 15.8149 10.4043 9.37452 8.05728 7.22618 7.22881 11.7575 6.05688 12.6846 6.02952 6.3322 6.01552
threshold=3.0705205000000002 20.077881000000001 0 1 117.45000000000002 1.5000000000000002 194.50000000000003 604.40000000000009 110.50000000000001 24212.465000000004 214.50000000000003 155.50000000000003 220.50000000000003 149.50000000000003
decision_type=2 2 9 9 2 2 2 2 2 2 2 2 2 2
left_child=-1 3 4 -2 11 -5 -6 8 -8 -10 -11 13 -13 -3
right_child=1 2 -4 5 6 -7 7 -9 9 10 -12 12 -14 -15
leaf_value=-3.3616634134244032 -2.6303742308587514 1.2036027041986903 4.1886466341703494 -0.61061889962830262 1.6730711491854389 -0.016511683772956188 -2.8308955291799109 1.5209093757224956 -0.65669779340259538 4.2593085413610696 -0.24150968320047922 -1.90915788865997 0.66724956573727012 3.4678388224746959
leaf_weight=71 119 210 273 628 115 1634 49 54 352 41 124 33 183 49
leaf_count=71 119 210 273 628 115 1634 49 54 352 41 124 33 183 49
internal_value=-0.000541296 -0.000201863 0.00220499 -0.00170097 0.000688525 -0.00121479 -0.00142857 -0.00270968 -0.00371025 -0.00237911 0.00236364 0.00397895 0.000277778 0.00706564
internal_weight=3935 3864 1483 2381 1210 2262 735 620 566 517 165 475 216 259
internal_count=3935 3864 1483 2381 1210 2262 735 620 566 517 165 475 216 259
cat_boundaries=0 1 2
cat_threshold=112649 1025
is_linear=0
shrinkage=0.03


Tree=145
num_leaves=15
num_cat=2
split_feature=9 8 6 9 7 3 2 3 3 2 7 6 2 2
split_gain=12.0634 6.43011 9.07406 7.37863 7.97277 7.82378 6.56214 5.1246 5.01548 8.02021 5.17224 5.25974 6.30616 5.10067
threshold=0 3.5000000000000004 197.50000000000003 1 222.50000000000003 65136.507000000005 89.500000000000014 9151.845000000003 25982.896000000004 145.50000000000003 239.50000000000003 144.50000000000003 148.50000000000003 59.500000000000007
decision_type=9 2 2 9 2 2 2 2 2 2 2 2 2 2
left_child=7 -2 3 4 6 -5 -3 -1 10 -10 11 -6 -13 -12
right_child=1 2 -4 5 8 -7 -8 -9 9 -11 13 12 -14 -15
leaf_value=-0.45301217653672893 -0.19196255711218099 0.31690680558511303 -0.91894310477612628 1.1718437773674326 1.4464074742818842 -1.408058225567538 -0.86057994797032278 -4.2050113897015757 -2.1326157743673639 0.061009140951115343 -0.87343894315216397 3.6586880596366038 -0.60514647234773522 0.5720118952121197
leaf_weight=47 2259 31 51 533 60 37 242 84 31 138 61 31 35 310
leaf_count=47 2259 31 51 533 60 37 242 84 31 138 61 31 35 310
internal_value=-0.000531646 -0.000211543 0.00126923 0.00168986 3.16122e-05 0.00434483 -0.00428571 -0.00914894 0.0018018 -0.00266272 0.00331992 0.00857143 0.00272727 0.00153639
internal_weight=3950 3819 1560 1509 939 570 273 131 666 169 497 126 66 371
internal_count=3950 3819 1560 1509 939 570 273 131 666 169 497 126 66 371
cat_boundaries=0 1 2
cat_threshold=1 47888
is_linear=0
shrinkage=0.03


Tree=146
num_leaves=15
num_cat=3
split_feature=0 9 5 0 9 9 3 0 1 0 6 0 6 6
split_gain=36.2327 13.5394 13.1912 16.3022 33.3004 12.6215 11.9718 8.61571 8.47831 8.35647 14.2871 7.35464 14.2524 9.87278
threshold=5.9831435000000015 0 14.500000000000002 25.124023500000003 1 2 42394.913500000002 32.584254000000008 2.5000000000000004 14.876493000000002 89.500000000000014 11.048334500000001 120.50000000000001 110.50000000000001
decision_type=2 9 2 2 9 9 2 2 2 2 2 2 2 2
left_child=5 6 3 4 8 -1 9 -4 -3 10 -2 13 -13 -12
right_child=1 2 7 -5 -6 -7 -8 -9 -10 -11 11 12 -14 -15
leaf_value=-0.088220445576954493 -4.1912339247494614 -1.593772509541834 0.4360995199420199 1.251699197822004 0.22835435227821221 -2.146618479924197 -1.654877000905228 2.5396015191023138 -0.1266984086254388 0.33879008881889378 2.166788483603368 -5.8702194221799431 -0.39411122610145183 -0.26579038264690663
leaf_weight=100 32 315 1152 439 680 206 159 32 74 400 31 31 92 112
leaf_count=100 32 315 1152 439 680 206 159 32 74 400 31 31 92 112
internal_value=-0.000879377 -2.53593e-05 0.00102147 -0.000835544 -0.00283442 -0.0107843 -0.0032872 0.00339527 -0.00969925 -0.00163324 -0.00543624 -0.00315789 -0.00853659 0.00146853
internal_weight=3855 3549 2692 1508 1069 306 857 1184 389 698 298 266 123 143
internal_count=3855 3549 2692 1508 1069 306 857 1184 389 698 298 266 123 143
cat_boundaries=0 1 2 3
cat_threshold=21825 75776 24712
is_linear=0
shrinkage=0.03


Tree=147
num_leaves=15
num_cat=3
split_feature=0 9 0 9 7 9 0 0 2 7 2 2 3 3
split_gain=30.1305 15.3792 17.6283 16.8813 14.4978 9.72523 8.58768 6.70205 7.04936 12.3321 6.64676 7.37738 6.36827 6.35396
threshold=4.5129270000000004 0 11.569689500000001 1 275.50000000000006 2 31.587555500000004 8.4006795000000007 154.35000000000002 238.50000000000003 63.45000000000001 173.05000000000004 54145.830000000009 4007.8580000000006
decision_type=2 9 2 9 2 9 2 2 2 2 2 2 2 2
left_child=-1 12 3 10 7 -4 13 8 9 -5 -3 -12 -2 -7
right_child=1 2 5 4 -6 6 -8 -9 -10 -11 11 -13 -14 -15
leaf_value=-1.9490950218632865 -0.66164304476868663 -2.4357951907571782 2.969230585469627 -1.8120577876594381 1.1190445186306612 -0.35480643983505161 1.5910869154885858 -0.9711314577199891 1.0121633828761809 0.64935488752218584 -0.52026552872846077 -1.5380974144330184 -1.8073643421959535 0.38889419928243113
leaf_weight=150 478 49 103 59 90 502 281 234 89 74 126 107 97 1457
leaf_count=150 478 49 103 59 90 502 281 234 89 74 126 107 97 1457
internal_value=-0.000415811 0.00011212 0.000933669 -0.00282609 0.000323741 0.00226633 0.00181333 -0.00184211 0.00189189 -0.0024812 -0.00863014 -0.00682403 -0.00435897 0.00111792
internal_weight=3896 3746 3171 828 546 2343 2240 456 222 133 282 233 575 1959
internal_count=3896 3746 3171 828 546 2343 2240 456 222 133 282 233 575 1959
cat_boundaries=0 1 2 3
cat_threshold=4353 3688 36
is_linear=0
shrinkage=0.03


Tree=148
num_leaves=15
num_cat=0
split_feature=0 0 7 5 6 6 0 0 7 4 0 5 2 3
split_gain=26.6939 9.82237 9.06583 8.18538 7.8298 7.76543 7.63513 7.05764 7.0083 7.19448 8.79605 7.58963 9.44624 9.69579
threshold=4.7017295000000008 25.288895500000006 217.50000000000003 12.500000000000002 97.500000000000014 132.50000000000003 13.584251000000002 11.849862500000002 271.50000000000006 1.0000000180025095e-35 11.651130000000002 14.500000000000002 61.500000000000007 3396.1720000000005
decision_type=2 2 2 2 2 2 2 2 2 2 2 2 2 2
left_child=-1 2 5 7 6 -2 -5 -4 9 11 -11 -6 -13 -14
right_child=1 -3 3 4 8 -7 -8 -9 -10 10 -12 12 13 -15
leaf_value=-1.83531989040462 -0.29263699255246817 1.071704149198099 -0.33952624501047241 1.2266224561678383 -0.57088949319830185 -1.35998634653027 -0.28798676361175579 2.7129527970027345 0.44413210609907194 -2.2756362609893461 -0.62986494744336596 -1.4269052208396982 -0.71990681064531714 0.65752711077186632
leaf_weight=173 375 751 57 64 624 297 34 132 469 73 153 96 108 512
leaf_count=173 375 751 57 64 624 297 34 132 469 73 153 96 108 512
internal_value=-0.000444104 8.81175e-05 -0.000681363 0.000206718 -0.000323488 -0.00375 0.00795918 0.00619048 -0.000722359 -0.00168582 -0.00663717 -0.000850746 0.00125698 0.0026129
internal_weight=3918 3745 2994 2322 2133 672 98 189 2035 1566 226 1340 716 620
internal_count=3918 3745 2994 2322 2133 672 98 189 2035 1566 226 1340 716 620
is_linear=0
shrinkage=0.03


Tree=149
num_leaves=15
num_cat=3
split_feature=0 0 9 9 7 5 7 0 0 9 7 3 0 0
split_gain=26.3651 11.2453 12.1603 11.5526 10.7517 10.6457 9.56207 9.35944 8.76381 18.6 15.2971 11.0334 8.27474 7.08847
threshold=3.0705205000000002 19.964788000000002 0 1 203.50000000000003 15.500000000000002 219.50000000000003 39.373733000000009 11.569689500000001 2 284.50000000000006 55164.203000000009 15.891963000000002 14.817153000000003
decision_type=2 2 9 9 2 2 2 2 2 9 2 2 2 2
left_child=-1 2 6 4 -3 7 12 -6 9 -4 -11 -10 -2 -13
right_child=1 3 8 -5 5 -7 -8 -9 11 10 -12 13 -14 -15
leaf_value=-2.6383382737787548 -3.7278727106630014 1.5195223084888538 -1.4838989603301058 2.6796435078645389 -0.32320260455907829 3.3514357119485565 -0.54609385870909588 10.524102915466873 0.087997028108893566 -0.078100364897470062 1.0721492198887688 2.6570741784331631 -1.0841484197212958 1.1895745475579269
leaf_weight=66 72 267 250 317 773 93 410 33 901 564 52 37 52 55
leaf_count=66 72 267 250 317 773 93 410 33 901 564 52 37 52 55
internal_value=-0.000289193 3.09598e-05 -0.00124112 0.00208361 0.000663265 -0.000901001 -0.00518382 -0.00200993 -8.02568e-05 -0.00228637 0.00057508 0.0018429 -0.0125806 0.0117391
internal_weight=3942 3876 2393 1483 1166 899 534 806 1859 866 616 993 124 92
internal_count=3942 3876 2393 1483 1166 899 534 806 1859 866 616 993 124 92
cat_boundaries=0 1 2 3
cat_threshold=4481 109065 2152
is_linear=0
shrinkage=0.03


Tree=150
num_leaves=15
num_cat=3
split_feature=0 0 9 0 0 2 9 9 6 6 6 0 3 6
split_gain=28.3022 12.0912 11.2704 9.99883 7.42355 7.01638 6.94542 6.76856 6.48542 10.8605 7.45055 6.58383 12.4047 10.3304
threshold=2.7785910000000005 37.043250000000008 0 6.4608920000000003 19.369722000000007 1275.5000000000002 1 2 199.50000000000003 177.50000000000003 168.50000000000003 12.772709500000001 9511.7760000000017 91.500000000000014
decision_type=2 2 9 2 2 2 9 9 2 2 2 2 2 2
left_child=-1 2 4 6 -2 7 -4 8 9 10 11 13 -13 -5
right_child=1 -3 3 5 -6 -7 -8 -9 -10 -11 -12 12 -14 -15
leaf_value=-2.6737868897739676 -3.8773797881276661 2.743978535896292 -1.9802599779792114 -2.8661342333472817 -1.6557053762061196 -0.81374854652430373 -0.087840784245094589 0.35297884623877618 -1.1371154496252405 1.1969014698125693 -1.000512372993918 -0.54028989816772532 0.62399069844316957 -0.55685971179437499
leaf_weight=50 51 88 112 31 82 30 180 1042 48 285 252 593 762 337
leaf_count=50 51 88 112 31 82 30 180 1042 48 285 252 593 762 337
internal_value=-0.000372813 -8.47675e-05 -0.000339028 -1.62955e-05 -0.0086014 0.000443787 -0.00534247 0.000573134 -0.000336497 -0.000106195 -0.000896203 -0.000191526 0.000774908 -0.00375
internal_weight=3943 3893 3805 3672 133 3380 292 3350 2308 2260 1975 1723 1355 368
internal_count=3943 3893 3805 3672 133 3380 292 3350 2308 2260 1975 1723 1355 368
cat_boundaries=0 1 2 3
cat_threshold=1 2288 96584
is_linear=0
shrinkage=0.03


Tree=151
num_leaves=15
num_cat=3
split_feature=4 9 7 9 2 6 9 7 6 6 7 6 6 2
split_gain=8.65726 9.99648 5.58036 5.36084 6.75808 5.24159 5.15045 6.76985 6.05767 4.71852 6.35556 4.44225 6.92929 5.72275
threshold=1.0000000180025095e-35 0 198.50000000000003 1 40.400000000000006 88.500000000000014 2 194.50000000000003 106.50000000000001 173.50000000000003 252.50000000000003 167.50000000000003 158.50000000000003 113.05000000000001
decision_type=2 9 2 9 2 2 9 2 2 2 2 2 2 2
left_child=3 11 -3 4 -1 -5 8 -8 -7 10 -10 12 13 -2
right_child=1 2 -4 5 -6 6 7 -9 9 -11 -12 -13 -14 -15
leaf_value=1.634933856643596 -2.4135411627789165 -2.6984192718325661 0.35513202973317842 -1.3112589791466553 -0.27928841859029491 0.67371502355419577 1.7380676794167538 0.050477292041640566 2.2121204250132722 4.0211472863306312 -1.4127182509068144 -2.7596275824186294 0.89870454489952856 -1.0232442686863896
leaf_weight=50 31 32 224 59 1383 32 131 1652 45 30 33 45 33 167
leaf_count=50 31 32 224 59 1383 32 131 1652 45 30 33 45 33 167
internal_value=-0.000387636 -0.00394737 0.000451128 0.000166911 -0.00122661 0.0011747 0.00145086 0.000987172 0.0068 0.00388889 0 -0.00776224 -0.00636364 -0.00848485
internal_weight=3947 532 256 3415 1433 1982 1923 1783 140 108 78 276 231 198
internal_count=3947 532 256 3415 1433 1982 1923 1783 140 108 78 276 231 198
cat_boundaries=0 1 2 3
cat_threshold=38949 78161 16416
is_linear=0
shrinkage=0.03


Tree=152
num_leaves=15
num_cat=3
split_feature=9 3 7 7 8 2 9 2 7 3 9 6 7 6
split_gain=9.69492 6.34728 8.28366 6.28839 5.9261 6.52175 8.58071 6.91181 10.8803 6.87634 6.90161 7.31436 7.13672 8.54595
threshold=0 3396.1720000000005 285.50000000000006 216.50000000000003 1.5000000000000002 194.55000000000004 1 216.40000000000003 209.50000000000003 25982.896000000004 2 126.50000000000001 214.50000000000003 142.50000000000003
decision_type=9 2 2 2 2 2 9 2 2 2 9 2 2 2
left_child=3 2 -2 -1 -3 9 7 -7 -9 10 11 -6 -13 -14
right_child=1 4 -4 -5 5 6 -8 8 -10 -11 -12 12 13 -15
leaf_value=0.76917124038390505 -0.5156443181525151 -0.3252740920815006 1.5476632457001323 -3.0167016409747043 -0.81989843167322762 -2.6102946815279302 0.22450571794933238 4.131425081446805 -0.85307008508210402 -0.40351368801533904 1.4030748878983832 -1.1184658134058509 1.3094615576337947 0.43052179506346644
leaf_weight=45 676 870 40 95 101 49 560 52 199 227 551 45 47 367
leaf_count=45 676 870 40 95 101 49 560 52 199 227 551 45 47 367
internal_value=-0.000519878 -0.000221402 -0.00276536 -0.008 0.000371578 0.00120109 -0.000837209 -0.00483871 -0.00298805 0.00251121 0.00348335 0.00105263 0.00267974 0.00391304
internal_weight=3924 3784 716 140 3068 2198 860 300 251 1338 1111 560 459 414
internal_count=3924 3784 716 140 3068 2198 860 300 251 1338 1111 560 459 414
cat_boundaries=0 1 2 3
cat_threshold=1 102472 75220
is_linear=0
shrinkage=0.03


Tree=153
num_leaves=15
num_cat=4
split_feature=0 0 9 9 0 4 9 0 2 5 0 9 7 4
split_gain=32.4459 12.487 20.8181 11.3335 8.59786 8.13919 7.54858 13.7728 7.2774 7.19135 14.6614 13.8127 17.3615 7.03797
threshold=3.0705205000000002 12.449120000000002 0 1 9.6317150000000016 1.0000000180025095e-35 2 26.422835000000003 40.400000000000006 14.500000000000002 24.359451500000002 3 223.50000000000003 2.5000000000000004
decision_type=2 2 9 9 2 2 9 2 2 2 2 9 2 2
left_child=-1 2 4 -3 5 -2 7 -5 -4 10 11 12 -8 -11
right_child=1 3 8 6 -6 -7 9 -9 -10 13 -12 -13 -14 -15
leaf_value=-2.9193438070911939 -1.4143386351415255 -1.2085760798171554 1.4198584010827533 1.2203778442002384 -0.5350335845500217 -2.6752660448198169 -1.8978634192758739 15.467769968223854 -0.070685927929140455 1.0028577358885047 0.96849985396635241 -0.88317645911955189 3.3855791965407409 -0.66113543512096729
leaf_weight=70 167 239 36 321 148 38 58 40 774 978 478 408 82 56
leaf_count=70 167 239 36 321 148 38 58 40 774 978 478 408 82 56
internal_value=-0.000331364 3.92362e-05 -0.00255374 0.00117293 -0.0085124 -0.0127317 0.00178939 0.00574124 0.000146341 0.00107246 -0.000701754 -0.00405109 0.004 0.00284333
internal_weight=3893 3823 1163 2660 353 205 2421 361 810 2060 1026 548 140 1034
internal_count=3893 3823 1163 2660 353 205 2421 361 810 2060 1026 548 140 1034
cat_boundaries=0 1 2 3 4
cat_threshold=3785 273 228 1032
is_linear=0
shrinkage=0.03


Tree=154
num_leaves=15
num_cat=3
split_feature=0 9 0 5 9 2 0 7 0 5 0 7 9 7
split_gain=22.5905 10.096 8.41874 8.78263 6.89724 9.73539 8.77141 10.5209 9.2016 8.50912 6.96139 9.31938 10.5542 9.81414
threshold=4.5129270000000004 0 37.043250000000008 12.500000000000002 1 495.60000000000008 29.448273000000004 204.50000000000003 6.6066410000000007 13.500000000000002 27.253774000000003 254.50000000000003 2 217.50000000000003
decision_type=2 9 2 2 9 2 2 2 2 2 2 2 9 2
left_child=-1 -2 4 -4 5 6 8 -8 -3 -10 -6 12 13 -12
right_child=1 2 3 -5 10 -7 7 -9 9 -11 11 -13 -14 -15
leaf_value=-1.5094265447088053 -2.6926117548427753 -1.5407743143350807 -0.2858191783878874 2.7281291067902589 0.044298341054577577 -1.2747449173446779 1.2894178896342601 -1.8511849068239916 -0.90019687869405629 0.26056216502048413 1.4199760189031529 -0.83301862683407535 0.63395430837982525 9.7657966810930112
leaf_weight=170 132 41 41 50 2317 54 34 44 98 526 39 44 237 61
leaf_count=170 132 41 41 50 2317 54 34 44 98 526 39 44 237 61
internal_value=-0.000246914 0.000242066 0.000550612 0.00956044 0.000317597 -0.00211896 -0.00125168 -0.0107692 -0.000135338 0.000769231 0.00104136 0.00480315 0.00649852 0.0141818
internal_weight=3888 3718 3586 91 3495 797 743 78 665 624 2698 381 337 100
internal_count=3888 3718 3586 91 3495 797 743 78 665 624 2698 381 337 100
cat_boundaries=0 1 2 3
cat_threshold=1 67392 2176
is_linear=0
shrinkage=0.03


Tree=155
num_leaves=15
num_cat=3
split_feature=0 0 9 7 0 2 6 9 5 0 9 7 0 0
split_gain=23.6311 12.7432 12.7454 10.1312 15.8368 10.706 9.12876 8.12203 7.92427 9.62609 9.14286 8.42775 7.67095 7.32819
threshold=3.7082735000000002 27.113121000000003 0 213.50000000000003 38.074008000000006 120.50000000000001 150.50000000000003 1 14.500000000000002 5.8645015000000003 2 197.50000000000003 28.683753500000005 11.651130000000002
decision_type=2 2 9 2 2 2 2 9 2 2 9 2 2 2
left_child=-1 7 -3 -4 5 6 -5 8 10 -10 11 -2 -7 -9
right_child=1 2 3 4 -6 12 -8 13 9 -11 -12 -13 -14 -15
leaf_value=-2.3439483634491181 1.9740571031296303 4.2399757653855001 1.7557091560664775 1.9063784320932473 5.5773025918112076 0.0067618554846740151 -1.5449630376346748 -0.098227014812550806 -1.9311440286940602 0.0097859005632267328 -0.14991056611020212 -1.6140574203223912 -1.7858509266034024 0.70342626410101727
leaf_weight=91 32 152 221 48 35 33 65 633 53 1047 410 258 90 702
leaf_count=91 32 152 221 48 35 33 65 633 53 1047 410 258 90 702
internal_value=-0.000387597 -2.38158e-05 0.00381988 0.00131474 -0.00254613 -0.00533898 0.00132743 -0.000813397 -0.00212155 -0.000545455 -0.00462857 -0.0086 -0.0114634 0.000959108
internal_weight=3870 3779 644 492 271 236 113 3135 1800 1100 700 290 123 1335
internal_count=3870 3779 644 492 271 236 113 3135 1800 1100 700 290 123 1335
cat_boundaries=0 1 2 3
cat_threshold=2176 72585 67585
is_linear=0
shrinkage=0.03


Tree=156
num_leaves=15
num_cat=0
split_feature=0 0 4 0 6 6 1 6 7 6 7 7 0 5
split_gain=28.0391 11.2913 7.73245 6.61487 5.86701 6.89165 5.62099 5.29118 6.13675 5.50529 5.16102 6.53827 7.80837 6.92043
threshold=3.7082735000000002 16.165595000000003 1.0000000180025095e-35 40.576350500000011 178.50000000000003 103.50000000000001 2.5000000000000004 197.50000000000003 216.50000000000003 108.50000000000001 207.50000000000003 217.50000000000003 21.405957000000004 14.500000000000002
decision_type=2 2 2 2 2 2 2 2 2 2 2 2 2 2
left_child=-1 2 7 10 5 -4 -7 8 -2 -10 -3 12 13 -12
right_child=1 3 4 -5 -6 6 -8 -9 9 -11 11 -13 -14 -15
leaf_value=-1.8458111314669168 -0.59193750809694168 1.3090680513948609 0.67299772678630687 10.691069612002122 0.70347115501789292 -1.9201129874076377 -0.52957858717931228 -0.64565518746934458 0.87455355781057276 0.018077274747333831 -3.0032455996433338 0.36807257708156271 0.13671317521970194 -0.65838425553462798
leaf_weight=100 267 434 35 30 42 129 59 58 97 1041 38 1332 146 42
leaf_count=100 267 434 35 30 42 129 59 58 97 1041 38 1332 146 42
internal_value=7.79221e-05 0.000496 -0.00128472 0.0020178 -0.006 -0.00793722 -0.0102128 -0.000430622 -6.40569e-05 0.000896309 0.00180723 0.00100128 -0.00371681 -0.01125
internal_weight=3850 3750 1728 2022 265 223 188 1463 1405 1138 1992 1558 226 80
internal_count=3850 3750 1728 2022 265 223 188 1463 1405 1138 1992 1558 226 80
is_linear=0
shrinkage=0.03


Tree=157
num_leaves=15
num_cat=3
split_feature=0 0 0 9 9 5 3 0 5 1 9 0 0 0
split_gain=27.8969 9.45756 7.8625 12.6227 8.50333 12.2258 12.9471 9.16779 11.2457 8.42627 7.0667 10.7138 6.85159 8.96002
threshold=3.7082735000000002 37.370455500000013 6.4608920000000003 0 1 14.500000000000002 67879.617000000013 29.029170000000004 11.500000000000002 2.5000000000000004 2 11.048334500000001 19.816261000000001 28.859818500000003
decision_type=2 2 2 9 9 2 2 2 2 2 9 2 2 2
left_child=-1 2 3 -2 5 9 10 -6 -9 12 -7 -12 -4 -14
right_child=1 -3 4 -5 7 6 -8 8 -10 -11 11 -13 13 -15
leaf_value=-2.2258243428090476 -1.9173067322986854 2.6530713723471533 -1.8984709905226385 -0.014141972545901353 -0.0034422174359986001 0.78751546103481351 -1.3507706449751298 -0.82654627507618894 5.8761625068353327 0.14645994195084766 0.46977480658040577 -0.7043478222130829 0.031413404967395309 -1.3630103753970571
leaf_weight=92 101 74 216 149 1751 310 87 57 148 126 95 465 147 81
leaf_count=92 101 74 216 149 1751 310 87 57 148 126 95 465 147 81
internal_value=-0.00128494 -0.000890465 -0.00110099 -0.00624 -0.000732127 -0.00240078 -0.000344828 0.000579858 0.00658537 -0.00589474 0.000758621 -0.00126316 -0.00783784 -0.00421053
internal_weight=3899 3807 3733 250 3483 1527 957 1956 205 570 870 560 444 228
internal_count=3899 3807 3733 250 3483 1527 957 1956 205 570 870 560 444 228
cat_boundaries=0 1 2 3
cat_threshold=6264 127233 73728
is_linear=0
shrinkage=0.03


Tree=158
num_leaves=15
num_cat=4
split_feature=0 9 8 0 0 9 6 7 9 5 0 7 0 9
split_gain=20.2462 12.257 16.4329 10.8724 10.2975 11.0502 9.04202 11.4232 9.0334 35.7607 10.7204 10.6956 10.572 8.92227
threshold=6.4608920000000003 0 4.5000000000000009 3.0705205000000002 27.113121000000003 1 101.50000000000001 193.50000000000003 2 14.500000000000002 24.245028500000004 216.50000000000003 20.395902500000002 3
decision_type=2 9 2 2 2 9 2 2 9 2 2 2 2 9
left_child=1 -1 3 -3 8 -6 -7 -8 9 -2 -11 13 -13 -10
right_child=4 2 -4 -5 5 6 7 -9 11 10 -12 12 -14 -15
leaf_value=-2.151480848317366 -1.1424496750148909 -2.4479130060768699 0.84715696054590806 -0.42474711835314111 4.2174593283185731 -2.5681761746598069 3.0118500628640548 -0.0051914692035347799 0.2493610653392011 0.3580192048454921 -1.4385499320536974 0.18266620777862955 3.2960449782598742 -1.9064071070626756
leaf_weight=109 635 42 69 151 151 36 87 374 167 1068 93 678 137 107
leaf_count=109 635 42 69 151 151 36 87 374 167 1068 93 678 137 107
internal_value=-0.000691598 -0.00735849 -0.00330882 -0.00792746 8.49137e-06 0.00342593 0.00112426 0.00227766 -0.000759099 -0.0020598 0.00105943 0.00139217 0.00312883 -0.00372263
internal_weight=3904 371 262 193 3533 648 497 461 2885 1796 1161 1089 815 274
internal_count=3904 371 262 193 3533 648 497 461 2885 1796 1161 1089 815 274
cat_boundaries=0 1 2 3 4
cat_threshold=6352 2176 112769 788
is_linear=0
shrinkage=0.03


Tree=159
num_leaves=15
num_cat=1
split_feature=0 0 9 5 5 7 0 3 0 7 0 3 0 3
split_gain=21.6489 9.78193 9.57985 13.3714 8.74765 8.49692 7.6564 7.10578 6.581 7.06392 13.4303 8.1582 7.38126 9.89533
threshold=3.0705205000000002 37.370455500000013 0 13.500000000000002 12.500000000000002 203.50000000000003 28.859818500000003 93444.353500000012 6.2789920000000006 217.50000000000003 21.018669500000005 9169.0820000000022 17.153512500000001 20327.968500000006
decision_type=2 2 9 2 2 2 2 2 2 2 2 2 2 2
left_child=-1 2 3 -2 -3 -5 7 -7 -4 10 12 -12 13 -10
right_child=1 4 8 5 -6 6 -8 -9 9 -11 11 -13 -14 -15
leaf_value=-2.913080068747854 -4.3706375699539697 0.40758221300682179 -0.60877021999557535 2.0790484692772746 4.6040144970568919 -0.2269786094149765 -1.2454517897568393 -1.3875377402388074 -1.2035637349945068 0.2387248442075679 -0.18169617049241424 1.6077894055073192 -1.8742191654146461 0.83927216527342574
leaf_weight=67 115 39 222 118 35 536 61 36 187 1953 136 194 98 75
leaf_count=67 115 39 222 118 35 536 61 36 187 1953 136 194 98 75
internal_value=-0.000557851 -0.000260184 -0.000474404 -0.00321918 0.0105405 -0.0017976 -0.00317536 -0.0020979 0.000365217 0.000783201 -0.00182609 0.00254545 -0.00583333 -0.00320611
internal_weight=3872 3805 3731 866 74 751 633 572 2865 2643 690 330 360 262
internal_count=3872 3805 3731 866 74 751 633 572 2865 2643 690 330 360 262
cat_boundaries=0 1
cat_threshold=69697
is_linear=0
shrinkage=0.03


Tree=160
num_leaves=15
num_cat=1
split_feature=0 9 0 0 1 3 3 2 8 2 8 0 2 0
split_gain=12.8715 7.72206 6.49484 6.15906 5.27605 4.99633 12.4242 8.5031 9.10788 5.43253 5.86691 5.37591 9.60317 5.68899
threshold=4.5129270000000004 0 40.576350500000011 21.995953000000004 1.5000000000000002 73709.108000000022 67879.617000000013 920.25000000000011 4.5000000000000009 321.45000000000005 5.5000000000000009 14.392338500000003 368.40000000000003 8.5029650000000014
decision_type=2 9 2 2 2 2 2 2 2 2 2 2 2 2
left_child=4 3 5 -2 -1 6 9 8 -7 -3 11 13 -13 -11
right_child=1 2 -4 -5 -6 7 -8 -9 -10 10 -12 12 -14 -15
leaf_value=-1.0693261001037542 -3.600333631617807 0.043061611561593049 8.5756234413637777 -0.28161712473188116 -1.8945353495114705 1.8504011109881913 -2.1869321397712165 -0.51741743489185865 -0.47312888298415146 0.072857344185542836 1.0255457187286583 -1.4068966737468678 0.76561622271636909 -1.5525651340471494
leaf_weight=92 75 2833 30 63 60 156 38 35 44 49 45 72 205 129
leaf_count=92 75 2833 30 63 60 156 38 35 44 49 45 72 205 129
internal_value=-0.000519613 -0.000174881 9.87383e-05 -0.00689189 -0.00907895 -1.66389e-05 -0.00031148 0.00421277 0.0066 -0.000117012 -0.003 -0.00402198 -0.00140794 -0.00808989
internal_weight=3926 3774 3636 138 152 3606 3371 235 200 3333 500 455 277 178
internal_count=3926 3774 3636 138 152 3606 3371 235 200 3333 500 455 277 178
cat_boundaries=0 1
cat_threshold=1
is_linear=0
shrinkage=0.03


Tree=161
num_leaves=15
num_cat=2
split_feature=0 0 9 6 0 6 5 0 9 0 0 3 6 0
split_gain=16.4948 11.681 11.8684 9.93992 9.77704 10.6159 7.67572 14.6608 13.4384 12.7025 8.55556 7.55013 6.88104 7.171
threshold=3.0705205000000002 38.074008000000006 0 153.50000000000003 27.253774000000003 101.50000000000001 15.500000000000002 12.772709500000001 1 5.8645015000000003 9.2166080000000026 3396.1720000000005 105.50000000000001 18.755801500000004
decision_type=2 2 9 2 2 2 2 2 9 2 2 2 2 2
left_child=-1 2 -2 -3 6 -6 8 10 9 -4 -8 -9 -10 -14
right_child=1 3 4 -5 5 -7 7 11 12 -11 -12 -13 13 -15
leaf_value=-1.958880866585061 -0.46906366864192361 0.13808604337570612 -2.0696112241450715 8.9948482871547526 -2.3494657923128806 2.2871650251576736 0.20906775205831762 -1.0270902694668758 1.0107502012227201 -0.3161094177298901 -1.8143998301478064 3.2398220102803372 -0.010720901860865979 3.8427399355672969
leaf_weight=60 1154 33 48 32 33 252 107 41 130 1295 51 220 386 65
leaf_count=60 1154 33 48 32 33 252 107 41 130 1295 51 220 386 65
internal_value=-0.000391605 -0.000148167 -0.000364886 0.0124615 0.000750569 0.006 0.000115237 0.00379475 -0.000686071 -0.00232816 -0.00341772 0.00816092 0.00309645 0.0013969
internal_weight=3907 3847 3782 65 2628 285 2343 419 1924 1343 158 261 581 451
internal_count=3907 3847 3782 65 2628 285 2343 419 1924 1343 158 261 581 451
cat_boundaries=0 1 2
cat_threshold=70153 43456
is_linear=0
shrinkage=0.03


Tree=162
num_leaves=15
num_cat=0
split_feature=0 0 4 0 1 2 2 2 0 7 2 7 5 6
split_gain=17.9552 10.2186 6.77812 8.60805 7.82824 5.93116 9.03636 7.03737 5.64509 10.9304 6.6313 6.3251 6.31727 7.57982
threshold=3.0705205000000002 40.576350500000011 1.0000000180025095e-35 10.364357000000002 2.5000000000000004 1012.6000000000001 589.50000000000011 503.10000000000008 26.422835000000003 203.50000000000003 119.05000000000001 254.50000000000003 14.500000000000002 114.50000000000001
decision_type=2 2 2 2 2 2 2 2 2 2 2 2 2 2
left_child=-1 2 5 4 -4 6 7 8 12 -10 -11 -12 13 -2
right_child=1 -3 3 -5 -6 -7 -8 -9 9 10 11 -13 -14 -15
leaf_value=-2.2737136408044547 0.42858398176657259 8.5303599212735364 -2.2785029324869153 -0.33353481431072624 0.15520203743556976 -0.93769259009846562 1.493830801037509 -1.4108380154454561 2.6151156179019699 1.2926921811213288 -0.16939050378620776 -2.5437661076168863 0.19940737896196309 -0.42821517151769056
leaf_weight=67 170 32 91 411 43 41 111 81 153 206 170 30 1242 1096
leaf_count=67 170 32 91 411 43 41 111 81 153 206 170 30 1242 1096
internal_value=-0.000273834 -7.73794e-06 -0.000148244 -0.00324771 -0.00985075 0.000363636 0.00050629 0.000209657 0.00044017 0.00316637 0.000591133 -0.0033 -0.000167464 -0.00165877
internal_weight=3944 3877 3845 545 134 3300 3259 3148 3067 559 406 200 2508 1266
internal_count=3944 3877 3845 545 134 3300 3259 3148 3067 559 406 200 2508 1266
is_linear=0
shrinkage=0.03


Tree=163
num_leaves=15
num_cat=4
split_feature=0 0 9 0 7 9 5 9 3 4 9 0 0 7
split_gain=21.9778 10.5154 11.9406 16.1509 11.0288 11.8295 10.0566 11.629 9.96797 9.21965 7.77851 7.55954 7.43287 8.27875
threshold=3.9449575000000006 27.113121000000003 0 37.370455500000013 217.50000000000003 1 14.500000000000002 2 9731.4915000000019 1.0000000180025095e-35 3 12.078875000000002 28.515407500000006 219.50000000000003
decision_type=2 2 9 2 2 9 2 9 2 2 9 2 2 2
left_child=-1 4 3 10 8 6 7 -6 -2 -8 -3 -7 -4 -14
right_child=1 2 12 -5 5 11 9 -9 -10 -11 -12 -13 13 -15
leaf_value=-2.025792682152106 -1.0415153840094387 4.4485177557782931 1.943361157010504 6.3168736663847378 -1.8366126016759436 -0.019981522217685777 0.19950542871784363 -0.013143617501087874 -0.14655529949212678 -1.5846040316879271 -0.099846634985083255 0.82480872945845929 0.77600125227186934 -1.2243485776965644
leaf_weight=105 350 147 83 32 204 580 669 172 344 157 113 665 144 145
leaf_count=105 350 147 83 32 204 580 669 172 344 157 113 665 144 145
internal_value=-0.000460358 -8.6728e-05 0.00334337 0.00774834 -0.000811843 0.000134859 -0.0019802 -0.00606383 -0.00414986 -0.000145278 0.00553846 0.0021753 -0.000314136 -0.00259516
internal_weight=3910 3805 664 292 3141 2447 1202 376 694 826 260 1245 372 289
internal_count=3910 3805 664 292 3141 2447 1202 376 694 826 260 1245 372 289
cat_boundaries=0 1 2 3 4
cat_threshold=67712 73345 67585 2176
is_linear=0
shrinkage=0.03


Tree=164
num_leaves=15
num_cat=2
split_feature=0 9 4 1 0 4 0 9 7 3 3 2 0 0
split_gain=15.0144 9.11652 8.39264 7.49818 8.44892 10.446 9.87969 6.91955 8.00215 11.2723 9.09342 7.22879 12.2446 10.0331
threshold=2.3840500000000007 0 2.5000000000000004 2.5000000000000004 16.801208500000005 1.0000000180025095e-35 10.364357000000002 1 216.50000000000003 13397.793000000001 10431.669000000002 68.050000000000011 15.236264 13.952688500000002
decision_type=2 9 2 2 2 2 2 9 2 2 2 2 2 2
left_child=-1 2 -2 4 5 7 -7 8 -3 10 -10 -9 13 -13
right_child=1 3 -4 -5 -6 6 -8 11 9 -11 -12 12 -14 -15
leaf_value=-3.2277114964312714 -0.29075570638859288 -1.4519744216585422 -2.0929510884815525 0.53345310126627055 0.43191825933657013 -2.2959414805808636 -0.30699580699948681 -0.87044822762682994 -0.22560319575387666 -1.2154408692684615 0.92020539795577061 0.41324495649733078 -0.75787504940671624 4.5642582150750508
leaf_weight=35 756 93 48 516 1274 79 82 156 213 111 48 416 48 39
leaf_count=35 756 93 48 516 1274 79 82 156 213 111 48 416 48 39
internal_value=-0.000153296 2.32019e-05 -0.00280098 0.000768233 0.00010551 -0.00161089 -0.00875776 -0.000587189 -0.00334737 -0.00145161 0.00195402 0.00139013 0.00316103 0.00468132
internal_weight=3914 3879 804 3075 2559 1285 161 1124 465 372 261 659 503 455
internal_count=3914 3879 804 3075 2559 1285 161 1124 465 372 261 659 503 455
cat_boundaries=0 1 2
cat_threshold=37889 2512
is_linear=0
shrinkage=0.03


Tree=165
num_leaves=15
num_cat=4
split_feature=0 9 0 0 9 9 0 6 0 6 9 2 6 3
split_gain=13.7442 12.376 7.97536 4.97591 21.2849 8.91988 15.812 14.9633 11.9309 7.32162 7.74426 8.59851 6.88154 6.41979
threshold=2.3840500000000007 0 21.995953000000004 9.5176385000000021 1 2 25.780628000000004 172.50000000000003 12.449120000000002 180.50000000000003 3 291.25000000000006 197.50000000000003 9151.845000000003
decision_type=2 9 2 2 9 9 2 2 2 2 9 2 2 2
left_child=-1 2 -2 4 -3 6 7 8 -5 10 -6 13 -7 -12
right_child=1 3 -4 5 9 12 -8 -9 -10 -11 11 -13 -14 -15
leaf_value=-3.0151959389068788 -4.928606644368732 -1.393838274040462 -0.22511078958758615 0.62743779577292569 -0.77705127830926013 0.0073721864330445891 13.328754938374406 1.8603161755336588 -1.8301792133951493 0.77058795140296066 0.022344360917576293 -0.58387416820074345 -2.7654895909912827 1.1316080552527388
leaf_weight=34 74 216 49 38 206 2605 54 186 103 77 88 61 33 99
leaf_count=34 74 216 49 38 206 2605 54 186 103 77 88 61 33 99
internal_value=-0.000420596 -0.000254564 -0.00924812 6.35593e-05 -0.00212851 0.000606161 0.00483376 0.00247706 -0.00489362 0.00116451 -0.000264317 0.00325581 -2.26586e-05 0.00657754
internal_weight=3923 3889 123 3766 747 3019 381 327 141 531 454 248 2638 187
internal_count=3923 3889 123 3766 747 3019 381 327 141 531 454 248 2638 187
cat_boundaries=0 1 2 3 4
cat_threshold=1 2664 224 106624
is_linear=0
shrinkage=0.03


Tree=166
num_leaves=15
num_cat=3
split_feature=0 0 9 0 0 9 6 6 6 0 3 0 9 5
split_gain=21.495 7.95361 12.9086 15.2598 10.0523 7.81155 7.42471 7.41077 6.06782 6.50899 6.84549 4.9472 12.027 6.50955
threshold=3.0705205000000002 27.113121000000003 0 28.515407500000006 38.074008000000006 1 101.50000000000001 149.50000000000003 157.50000000000003 29.928446500000003 15611.993500000002 5.8645015000000003 2 14.500000000000002
decision_type=2 2 9 2 2 9 2 2 2 2 2 2 9 2
left_child=-1 5 -3 7 6 -2 -5 -4 9 10 -8 12 -7 -14
right_child=1 2 3 4 -6 11 8 -9 -10 -11 -12 -13 13 -15
leaf_value=-2.5586027513385319 -2.4170584136664046 4.5605531669750912 2.7742032527283844 -2.8341250465502026 2.7438589721987543 0.50278876417173368 -2.681291811304809 -0.58982939460514217 -0.79498908700973514 0.61231338427124682 0.54254993829763865 0.001006140528954802 -0.45845530358549014 -1.7996157222260012
leaf_weight=63 101 145 57 30 59 107 41 30 84 153 37 2909 38 77
leaf_count=63 101 145 57 30 59 107 41 30 84 153 37 2909 38 77
internal_value=-0.000236581 4.65357e-05 0.00311321 0.000658683 -0.00178218 -0.000556931 -0.00373913 0.012069 -0.00238095 0.00012987 -0.00692308 -0.000276982 -0.00459459 -0.0108
internal_weight=3931 3868 636 491 404 3232 345 87 315 231 78 3131 222 115
internal_count=3931 3868 636 491 404 3232 345 87 315 231 78 3131 222 115
cat_boundaries=0 1 2 3
cat_threshold=2176 1 24860
is_linear=0
shrinkage=0.03


Tree=167
num_leaves=15
num_cat=3
split_feature=9 6 4 2 4 5 9 7 9 6 2 2 2 6
split_gain=11.5631 12.9154 7.26381 6.60302 6.17411 5.69635 9.13942 8.32102 6.41443 6.23487 6.70624 5.59819 6.08332 5.41021
threshold=0 66.500000000000014 1.0000000180025095e-35 55.500000000000007 5.5000000000000009 14.500000000000002 1 202.50000000000003 2 152.50000000000003 58.500000000000007 302.55000000000007 383.05000000000007 185.50000000000003
decision_type=9 2 2 2 2 2 9 2 9 2 2 2 2 2
left_child=1 -1 5 -3 11 6 7 -2 13 -10 -11 -4 -13 -7
right_child=2 3 4 -5 -6 8 -8 -9 9 10 -12 12 -14 -15
leaf_value=3.9214268665013239 1.006790315207263 0.63191996832665553 -0.56048671516238868 -0.82735556874864635 1.9713080335908295 0.13278390536117285 0.30471775306619403 -0.59967808833502201 0.084380932245599061 -0.89333803004427181 1.411062717533673 -3.173235674381135 -1.3075355676322693 -1.7340337239425456
leaf_weight=32 83 50 273 637 32 69 978 584 567 80 447 30 53 37
leaf_count=32 83 50 273 637 32 69 978 584 567 80 447 30 53 37
internal_value=-0.000167004 -0.00358025 0.000601295 -0.00449782 -0.00324742 0.0011283 -1.82371e-05 -0.0027031 0.0027 0.00336957 0.00574953 -0.00438202 -0.0112048 -0.00413793
internal_weight=3952 719 3233 687 388 2845 1645 667 1200 1094 527 356 83 106
internal_count=3952 719 3233 687 388 2845 1645 667 1200 1094 527 356 83 106
cat_boundaries=0 1 2 3
cat_threshold=4369 108544 1120
is_linear=0
shrinkage=0.03


Tree=168
num_leaves=15
num_cat=3
split_feature=0 9 0 0 5 9 0 9 6 3 2 6 6 0
split_gain=20.8921 11.4366 12.0314 8.86561 7.10445 7.9614 8.94979 6.29522 6.34832 8.89342 6.45785 6.23778 7.9848 11.435
threshold=6.4608920000000003 0 37.370455500000013 31.136494500000001 16.500000000000004 1 14.876493000000002 2 184.50000000000003 28361.834000000006 203.10000000000002 114.50000000000001 161.50000000000003 25.564024500000006
decision_type=2 9 2 2 2 9 2 9 2 2 2 2 2 2
left_child=7 3 11 4 5 6 -2 -1 9 10 -9 -3 13 -13
right_child=1 2 -4 -5 -6 -7 -8 8 -10 -11 -12 12 -14 -15
leaf_value=-1.797019392407285 -2.6179958669500594 0.69012157329459001 4.4086485888257263 -1.8522732398284323 2.0206312049638155 -0.013749808655452398 -0.30642518196975288 -0.89236413294601791 1.394604740907073 0.73259585141980998 0.045208443223921223 -0.72982786627345264 0.61757822109651095 1.0502792407084893
leaf_weight=112 110 202 66 49 60 965 258 121 31 45 45 710 846 280
leaf_count=112 110 202 66 49 60 965 258 121 31 45 45 710 846 280
internal_value=-0.000169231 0.000524535 0.00192999 -0.00152893 -0.00109835 -0.00155289 -0.0052381 -0.00711864 -0.00380952 -0.00582938 -0.00903614 0.00153091 0.000980392 -0.000848485
internal_weight=3900 3546 2104 1442 1393 1333 368 354 242 211 166 2038 1836 990
internal_count=3900 3546 2104 1442 1393 1333 368 354 242 211 166 2038 1836 990
cat_boundaries=0 1 2 3
cat_threshold=46849 4097 2148
is_linear=0
shrinkage=0.03


Tree=169
num_leaves=15
num_cat=2
split_feature=0 0 9 6 6 6 0 7 8 6 9 0 0 8
split_gain=18.3857 11.0243 11.8336 11.8154 9.15473 12.0152 7.56856 15.3795 8.68848 8.47227 14.661 7.85418 7.50431 7.29036
threshold=3.0705205000000002 37.370455500000013 0 141.50000000000003 124.50000000000001 67.500000000000014 15.891963000000002 273.50000000000006 5.5000000000000009 136.50000000000003 1 20.804577500000004 10.075625000000002 1.5000000000000002
decision_type=2 2 9 2 2 2 2 2 2 2 9 2 2 2
left_child=-1 2 4 -3 5 -2 7 8 12 11 -11 -8 -6 -4
right_child=1 3 13 -5 6 -7 9 -9 -10 10 -12 -13 -14 -15
leaf_value=-2.5099353411735073 3.243806586106798 -0.98398020826580024 -0.1931465593420944 4.6029959434149958 -1.5246399071007295 -1.1507797288621169 2.0584382012501394 0.77365203739957444 0.82059472900132724 -0.82684988135586079 0.75536644842402212 0.67952373558762924 -0.82711682635517492 0.38579090407138888
leaf_weight=66 35 30 486 48 179 438 41 155 73 233 593 118 276 1109
leaf_count=66 35 30 486 48 179 438 41 155 73 233 593 118 276 1109
internal_value=-0.000664948 -0.000393288 -0.000626338 0.0107692 -0.0020781 -0.00577167 -0.00104317 -0.00346999 -0.00590909 0.000639594 -0.000581114 0.00698113 -0.00745055 0.0013271
internal_weight=3880 3814 3736 78 2141 473 1668 683 528 985 826 159 455 1595
internal_count=3880 3814 3736 78 2141 473 1668 683 528 985 826 159 455 1595
cat_boundaries=0 1 2
cat_threshold=104785 69633
is_linear=0
shrinkage=0.03


Tree=170
num_leaves=15
num_cat=3
split_feature=0 9 0 6 6 9 0 9 3 6 0 0 6 4
split_gain=14.7521 10.4909 17.0753 8.24165 13.7181 10.498 9.70358 10.8799 9.94374 10.6896 8.93384 8.52518 7.74231 8.37636
threshold=3.0705205000000002 0 26.261371000000004 67.500000000000014 111.50000000000001 1 9.5176385000000021 2 2128.1775000000002 139.50000000000003 14.587288500000001 9.4258725000000023 105.50000000000001 1.0000000180025095e-35
decision_type=2 9 2 2 2 9 2 9 2 2 2 2 2 2
left_child=-1 2 12 -3 5 -5 7 -6 -9 -10 11 -7 -2 -14
right_child=1 3 -4 4 6 10 -8 8 9 -11 -12 -13 13 -15
leaf_value=-1.9662523733403736 0.68261785963905819 4.7582196539590358 13.692400772836473 -2.7398370696137451 -1.8925895096635883 0.076338123026741297 0.06256023905068786 1.0143858176532716 -0.97383926538550669 -0.069788691468629621 0.95477390001562634 -2.8901548697084194 0.30477258423674924 -1.6850377882755885
leaf_weight=63 139 31 36 121 103 30 2332 43 57 247 112 43 432 94
leaf_count=63 139 31 36 121 103 30 2332 43 57 247 112 43 432 94
internal_value=-0.000363121 -0.000125654 0.00316456 -0.000872483 -0.00102979 -0.00705882 -0.000366643 -0.0044 -0.00159664 -0.00355263 -0.002 -0.010274 0.0021203 0.000456274
internal_weight=3883 3820 701 3119 3088 306 2782 450 347 304 185 73 665 526
internal_count=3883 3820 701 3119 3088 306 2782 450 347 304 185 73 665 526
cat_boundaries=0 1 2 3
cat_threshold=16564 33025 2112
is_linear=0
shrinkage=0.03


Tree=171
num_leaves=15
num_cat=1
split_feature=0 9 0 6 8 0 6 6 5 7 0 0 0 0
split_gain=18.3517 8.95189 13.9274 11.3754 8.2431 7.00018 7.53751 6.39898 9.93786 9.22348 6.64893 8.01084 6.30305 5.9204
threshold=6.4608920000000003 0 9.4258725000000023 199.50000000000003 4.5000000000000009 35.960008000000009 106.50000000000001 174.50000000000003 14.500000000000002 257.50000000000006 20.905110500000003 18.755801500000004 6.974247000000001 3.0705205000000002
decision_type=2 9 2 2 2 2 2 2 2 2 2 2 2 2
left_child=4 2 -2 12 13 6 -4 8 9 -8 11 -9 -3 -1
right_child=1 3 5 -5 -6 -7 7 10 -10 -11 -12 -13 -14 -15
leaf_value=-2.5658398517617624 -0.48096126960101854 0.57774067735614609 2.2146939948895827 -2.4257814236348145 0.36984249740128233 4.9163360083321983 -0.033054749564976192 0.96058547163783592 1.3684549211481134 -2.3308276546082665 -0.033966014221432486 5.6506208950564627 -0.056642665318573787 -0.80571236017733439
leaf_weight=59 143 32 41 31 93 32 197 124 143 36 74 36 2680 198
leaf_count=59 143 32 41 31 93 32 197 124 143 36 74 36 2680 198
internal_value=-0.000130135 0.000512749 0.00322967 -0.000316019 -0.00668571 0.00505124 0.00437788 0.00354098 0.00111702 -0.00270386 0.0074359 0.010875 -0.000110619 -0.00945525
internal_weight=3919 3569 826 2743 350 683 651 610 376 233 234 160 2712 257
internal_count=3919 3569 826 2743 350 683 651 610 376 233 234 160 2712 257
cat_boundaries=0 1
cat_threshold=65776
is_linear=0
shrinkage=0.03


Tree=172
num_leaves=15
num_cat=0
split_feature=0 3 8 7 0 0 5 7 6 7 7 3 5 0
split_gain=15.1826 10.8695 6.22558 6.35614 6.2248 5.58444 6.99603 7.83077 5.27843 7.45806 5.8676 6.7585 5.87568 8.71126
threshold=6.814753500000001 109861.22300000001 4.5000000000000009 249.50000000000003 40.576350500000011 3.0705205000000002 13.500000000000002 242.50000000000003 197.50000000000003 274.50000000000006 279.50000000000006 39064.845000000008 14.500000000000002 24.670005000000003
decision_type=2 2 2 2 2 2 2 2 2 2 2 2 2 2
left_child=2 4 5 -4 8 -1 -7 -8 10 -10 12 -12 13 -2
right_child=1 -3 3 -5 -6 6 7 -9 9 -11 11 -13 -14 -15
leaf_value=-1.645182822506174 -0.49006497837533858 -1.1910668074149793 -0.35819314034994704 1.3205554233798955 6.1218273998350261 0.12122322144728173 -2.2546605750755564 -0.78176668588619347 1.1557250812452844 -2.1215825034647202 1.0525026230323464 -0.39251770813473058 0.2354658138256468 0.6063315764757089
leaf_weight=55 1128 93 49 43 30 61 40 137 45 48 184 34 1490 462
leaf_count=55 1128 93 49 43 30 61 40 137 45 48 184 34 1490 462
internal_value=-0.000500128 0.000119522 -0.00615584 0.000652174 0.000394621 -0.00829352 -0.00630252 -0.00932203 0.000274255 -0.00677419 0.000473014 0.00522936 0.000136364 -0.00113208
internal_weight=3899 3514 385 92 3421 293 238 177 3391 93 3298 218 3080 1590
internal_count=3899 3514 385 92 3421 293 238 177 3391 93 3298 218 3080 1590
is_linear=0
shrinkage=0.03


Tree=173
num_leaves=15
num_cat=2
split_feature=0 0 9 6 3 1 5 0 4 5 7 0 9 7
split_gain=11.5243 9.51068 9.84965 11.704 9.69446 9.22438 10.1059 10.3445 8.99926 8.70968 7.63533 8.93492 12.8083 11.2787
threshold=4.2788670000000009 38.074008000000006 0 199.50000000000003 3020.9970000000003 6.5000000000000009 14.500000000000002 10.645309000000001 1.0000000180025095e-35 12.500000000000002 273.50000000000006 24.891315000000002 1 219.50000000000003
decision_type=2 2 9 2 2 2 2 2 2 2 2 2 9 2
left_child=-1 2 3 4 -2 6 7 -6 -8 -3 11 12 13 -9
right_child=1 9 -4 -5 5 -7 8 10 -10 -11 -12 -13 -14 -15
leaf_value=-0.76496121504805781 -0.96721572517201027 -0.17393669795694677 0.22667413729908276 -2.6418609134088298 -2.0427464955611243 -1.3779667645739835 0.55272893740145035 -1.9635576522729252 -0.93789024254529751 4.364862816518623 0.90183280000472443 0.55737700647764088 -1.4050781805972905 1.0182220306094314
leaf_weight=146 384 30 1269 36 87 84 895 61 174 32 58 309 263 85
leaf_count=146 384 30 1269 36 87 84 895 61 174 32 58 309 263 85
internal_value=-0.000360337 -3.98195e-05 -0.000234818 -0.00134914 -0.0011 -0.000267857 0.00015528 -0.00225956 0.00210477 0.0116129 -0.00115979 -0.00200557 -0.00491443 0.00230769
internal_weight=3913 3767 3705 2436 2400 2016 1932 863 1069 62 776 718 409 146
internal_count=3913 3767 3705 2436 2400 2016 1932 863 1069 62 776 718 409 146
cat_boundaries=0 1 2
cat_threshold=81161 1288
is_linear=0
shrinkage=0.03


Tree=174
num_leaves=15
num_cat=0
split_feature=8 6 3 2 7 7 2 7 7 2 4 8 2 3
split_gain=6.66176 4.7565 4.42024 6.686 6.82549 4.28317 4.20308 8.83073 6.78571 4.75261 4.56724 3.96016 3.87948 3.95424
threshold=1.5000000000000002 197.50000000000003 105990.39500000002 589.50000000000011 222.50000000000003 256.50000000000006 267.50000000000006 257.50000000000006 252.50000000000003 313.50000000000006 1.0000000180025095e-35 3.5000000000000004 259.10000000000008 59701.482500000006
decision_type=2 2 2 2 2 2 2 2 2 2 2 2 2 2
left_child=-1 2 3 6 -5 -6 12 8 9 -8 -11 -3 13 -2
right_child=1 11 -4 4 5 -7 7 -9 -10 10 -12 -13 -14 -15
leaf_value=-0.25291252551079196 0.19998812719333614 0.63091912681079976 -0.34049674243034811 -0.19811031937753568 1.9391026692279751 0.77221773024076812 -1.0513165053337548 -1.0534006417773094 2.0657074138459643 0.73579746394424428 -0.76989575483278261 -1.1811856620565271 1.1591844881950373 -0.7195960050082334
leaf_weight=1107 1990 32 76 40 35 33 97 103 30 194 47 52 30 74
leaf_count=1107 1990 32 76 40 35 33 97 103 30 194 47 52 30 74
internal_value=-0.000167513 0.0006036 0.000818479 0.00102132 0.00833333 0.0141176 0.00071345 -0.00184713 0.000326087 -0.000887574 0.00136929 -0.00642857 0.0012894 0.00113372
internal_weight=3940 2833 2749 2673 108 68 2565 471 368 338 241 84 2094 2064
internal_count=3940 2833 2749 2673 108 68 2565 471 368 338 241 84 2094 2064
is_linear=0
shrinkage=0.03


Tree=175
num_leaves=15
num_cat=2
split_feature=0 9 0 5 0 6 9 0 5 3 0 0 6 3
split_gain=9.10152 8.90637 13.4206 5.66995 15.5366 8.1295 7.36222 10.5934 6.2835 6.20345 6.11366 5.88802 5.47184 7.48488
threshold=3.0705205000000002 0 37.370455500000013 15.500000000000002 12.875887000000002 138.50000000000003 1 25.780628000000004 12.500000000000002 3396.1720000000005 4.8585930000000008 24.516082500000003 134.50000000000003 3482.1285000000003
decision_type=2 9 2 2 2 2 9 2 2 2 2 2 2 2
left_child=-1 -2 3 6 5 -5 10 8 -8 -6 -3 -11 13 -12
right_child=1 2 -4 4 9 -7 7 -9 -10 11 12 -13 -14 -15
leaf_value=-0.99086752357225005 -0.40265907614786783 -1.019354385725207 3.7404606455227984 0.7005705772496964 -0.31468954912711977 -2.1211033209313794 2.2432753828108227 10.845856718529653 0.048545698185939158 4.3901900204857203 -0.88047538838169659 -0.28856631107653358 -0.20236864998607187 0.44468658926028182
leaf_weight=65 1067 36 34 36 45 80 57 48 528 177 81 30 1256 375
leaf_count=65 1067 36 34 36 45 80 57 48 528 177 81 30 1256 375
internal_value=-0.00040613 -0.000218182 0.000676692 0.000447435 0.00391304 -0.00517241 -8.81982e-05 0.00265941 0.00158974 0.00809524 -0.00109215 0.0102899 -0.000841121 0.00197368
internal_weight=3915 3850 2783 2749 368 116 2381 633 585 252 1748 207 1712 456
internal_count=3915 3850 2783 2749 368 116 2381 633 585 252 1748 207 1712 456
cat_boundaries=0 1 2
cat_threshold=4873 108612
is_linear=0
shrinkage=0.03


Tree=176
num_leaves=15
num_cat=2
split_feature=0 0 9 0 7 2 8 3 6 9 0 6 0 6
split_gain=17.0619 11.5922 9.80044 7.94884 7.73791 7.81778 6.51165 5.30474 5.95608 5.83335 16.332 9.93485 9.50063 7.39409
threshold=6.6066410000000007 38.074008000000006 0 5.8645015000000003 235.50000000000003 250.50000000000003 1.5000000000000002 98520.758500000011 116.50000000000001 1 26.261371000000004 199.50000000000003 10.364357000000002 189.50000000000003
decision_type=2 2 9 2 2 2 2 2 2 9 2 2 2 2
left_child=2 7 3 -1 -4 6 -6 9 -9 10 12 13 -2 -11
right_child=1 -3 4 -5 5 -7 -8 8 -10 11 -12 -13 -14 -15
leaf_value=-2.4701290905659721 -0.40422266351534286 3.8206235691099915 -0.82019056761203157 -0.048497306701610794 -1.5196174120930503 1.5980923825605782 0.11556450075991165 -1.749023668771456 -0.2055843902100446 -0.066291304648057117 12.173384699712374 -2.3097263410645508 0.80743500534864998 1.1439139528648763
leaf_weight=71 181 48 95 39 43 31 99 38 91 2549 41 32 472 68
leaf_count=71 181 48 95 39 43 31 99 38 91 2549 41 32 472 68
internal_value=-0.000292458 0.000357955 -0.00634921 -0.0135 -0.00280576 0.000867052 -0.00211268 0.00015553 -0.00581395 0.000385881 0.0028125 -0.000259496 0.00169985 -5.73175e-05
internal_weight=3898 3520 378 110 268 173 142 3472 129 3343 694 2649 653 2617
internal_count=3898 3520 378 110 268 173 142 3472 129 3343 694 2649 653 2617
cat_boundaries=0 1 2
cat_threshold=34912 244
is_linear=0
shrinkage=0.03


Tree=177
num_leaves=15
num_cat=2
split_feature=0 9 0 5 3 2 0 0 1 6 9 7 0 1
split_gain=11.1497 10.5324 9.19438 8.66337 9.56379 8.19506 6.69365 6.31753 5.82057 10.7756 5.7158 14.2258 6.62608 5.59231
threshold=38.074008000000006 0 4.8585930000000008 13.500000000000002 17617.917000000005 503.10000000000008 9.4258725000000023 19.719260500000001 1.5000000000000002 164.50000000000003 1 261.50000000000006 13.007576500000001 14.500000000000002
decision_type=2 9 2 2 2 2 2 2 2 2 9 2 2 2
left_child=1 3 8 4 7 6 -5 -1 9 -3 11 12 -8 -4
right_child=-2 2 13 5 -6 -7 10 -9 -10 -11 -12 -13 -14 -15
leaf_value=-3.4525394602893629 3.4300512722753456 0.36233884309785819 0.16084004348589587 -0.66303784852430847 0.055250610726833425 -1.496747646748795 0.34213911254138107 -0.47236984511117497 -2.1394077670656406 -1.629771043688985 -0.20192206957688993 2.5988178785107241 -1.7291186394567797 -0.85562292540060747
leaf_weight=71 59 55 2694 184 50 43 32 35 49 39 469 62 30 30
leaf_count=71 59 55 2694 184 50 43 32 35 49 39 469 62 30 30
internal_value=-0.000230651 -0.000429352 0.000490094 -0.00310345 -0.00961538 -0.00190244 -0.00119691 -0.014717 -0.00692308 -0.00255319 0.000354132 0.0058209 -0.00387097 0.000881057
internal_weight=3902 3843 2867 976 156 820 777 106 143 94 593 124 62 2724
internal_count=3902 3843 2867 976 156 820 777 106 143 94 593 124 62 2724
cat_boundaries=0 1 2
cat_threshold=66897 80
is_linear=0
shrinkage=0.03


Tree=178
num_leaves=15
num_cat=1
split_feature=9 4 6 6 5 7 5 2 2 2 2 6 6 5
split_gain=8.5233 8.76788 5.40997 7.36842 5.76772 7.18205 5.79518 5.21876 5.41389 6.37174 4.83545 4.64067 6.57101 5.00933
threshold=0 1.0000000180025095e-35 124.50000000000001 108.50000000000001 13.500000000000002 195.50000000000003 15.500000000000002 117.45000000000002 170.05000000000004 191.05000000000004 44.500000000000007 174.50000000000003 171.50000000000003 14.500000000000002
decision_type=9 2 2 2 2 2 2 2 2 2 2 2 2 2
left_child=1 2 3 -1 -4 -6 7 10 -9 -10 -7 12 13 -2
right_child=11 -3 4 -5 5 6 -8 8 9 -11 -12 -13 -14 -15
leaf_value=-0.0071385415078987074 -0.03173647042208131 -1.3382567323653745 -2.6060618041306771 -1.2332064207015561 2.0977129722638814 -1.7210684648054484 0.77925892749852776 -1.4630761430969368 1.3184072104680036 -0.54583761501164418 0.53501304319180687 0.7326167202155579 -1.1211181890411188 0.38253465514449997
leaf_weight=140 1044 278 74 126 34 41 342 115 41 262 269 435 84 609
leaf_count=140 1044 278 74 126 34 41 342 115 41 262 269 435 84 609
internal_value=-0.000231125 -0.00180139 -0.000872576 -0.00473684 0 0.000543478 0.00011215 -0.0014011 -0.00358852 -0.00148515 0.00154839 0.00101742 0.000328152 0.000744102
internal_weight=3894 1722 1444 266 1178 1104 1070 728 418 303 310 2172 1737 1653
internal_count=3894 1722 1444 266 1178 1104 1070 728 418 303 310 2172 1737 1653
cat_boundaries=0 1
cat_threshold=8001
is_linear=0
shrinkage=0.03


Tree=179
num_leaves=15
num_cat=1
split_feature=2 9 6 3 3 6 3 6 5 5 2 2 3 2
split_gain=8.23904 4.42286 4.23296 4.19473 8.52361 6.11595 5.67572 4.37093 4.18562 5.55158 3.79945 8.05444 6.91689 4.28124
threshold=944.40000000000009 0 137.50000000000003 9511.7760000000017 7043.1775000000007 113.50000000000001 8208.6670000000031 191.50000000000003 12.500000000000002 13.500000000000002 97.500000000000014 119.05000000000001 11343.527000000002 131.05000000000004
decision_type=2 9 2 2 2 2 2 2 2 2 2 2 2 2
left_child=1 8 -2 4 5 -3 -6 -7 -1 -10 12 -12 -5 -13
right_child=2 3 -4 10 6 7 -8 -9 9 -11 11 13 -14 -15
leaf_value=2.167681806560696 -2.6175434437969169 -0.99015552300995746 -0.089372040370691366 0.99751283581614414 -0.68438359596794385 0.34889268615781471 -0.29050507828761962 -0.78484303358959318 -1.4575862448451584 -0.15180918415461747 2.4117489894924664 -1.193952199619813 -0.71907150968870837 0.41130064196009131
leaf_weight=30 41 55 30 51 34 585 37 72 148 2027 87 46 178 492
leaf_count=30 41 55 30 51 34 585 37 72 148 2027 87 46 178 492
internal_value=-0.000437005 -0.00024987 -0.0105634 0.000928962 -0.000651341 0.000337079 -0.0105634 0.00114155 -0.00112415 -0.00128276 0.00238876 0.0036 -0.000917031 0.00223048
internal_weight=3913 3842 71 1637 783 712 71 657 2205 2175 854 625 229 538
internal_count=3913 3842 71 1637 783 712 71 657 2205 2175 854 625 229 538
cat_boundaries=0 1
cat_threshold=48177
is_linear=0
shrinkage=0.03


Tree=180
num_leaves=15
num_cat=2
split_feature=9 6 6 7 6 6 7 6 8 7 9 6 8 3
split_gain=9.73394 8.87298 9.92316 6.33836 4.55211 4.35907 5.48728 7.8564 7.34692 6.77872 6.56304 5.98342 5.59417 4.95043
threshold=0 114.50000000000001 81.500000000000014 216.50000000000003 134.50000000000003 105.50000000000001 217.50000000000003 156.50000000000003 3.5000000000000004 259.50000000000006 1 164.50000000000003 5.5000000000000009 23764.157000000003
decision_type=9 2 2 2 2 2 2 2 2 2 9 2 2 2
left_child=1 2 -1 4 -3 -2 7 12 -8 -10 11 -11 13 -7
right_child=5 3 -4 -5 -6 6 8 -9 9 10 -12 -13 -14 -15
leaf_value=0.91006535378130016 0.37065173955633779 2.7739016781812778 -1.5063045454656139 -0.25313728276714981 -0.64455421719439521 -0.3434176855815485 -0.16624111269644573 -1.7317701985263192 0.59120065304617131 0.43849706482932899 0.19884339226520067 -1.840496115454489 -1.84198084784299 1.5254261531346525
leaf_weight=32 288 58 153 407 32 401 1319 86 573 53 247 83 70 124
leaf_count=32 288 58 153 407 32 401 1319 86 573 53 247 83 70 124
internal_value=-0.00067244 -0.00390173 -0.00956757 -0.00187123 0.00533333 1.84388e-05 -0.000324763 -0.00268722 0.000382418 0.00238494 -0.000704961 -0.00575342 -0.00146218 -0.0004
internal_weight=3926 682 185 497 90 3244 2956 681 2275 956 383 136 595 525
internal_count=3926 682 185 497 90 3244 2956 681 2275 956 383 136 595 525
cat_boundaries=0 1 2
cat_threshold=33537 10256
is_linear=0
shrinkage=0.03


Tree=181
num_leaves=15
num_cat=2
split_feature=9 3 6 7 9 6 8 7 6 3 5 6 7 3
split_gain=6.87214 8.11538 6.25733 6.21956 6.73889 8.98995 5.63418 5.63215 8.47063 4.40235 10.9341 7.21352 10.6859 6.55785
threshold=0 1085.865 192.50000000000003 271.50000000000006 1 199.50000000000003 1.5000000000000002 267.50000000000006 194.50000000000003 40647.356000000007 13.500000000000002 132.50000000000003 220.50000000000003 78004.292000000016
decision_type=9 2 2 2 9 2 2 2 2 2 2 2 2 2
left_child=2 -2 -1 7 6 -6 -5 8 9 11 -11 -3 -13 -12
right_child=1 3 -4 4 5 -7 -8 -9 -10 10 13 12 -14 -15
leaf_value=-0.21517996952438578 1.5134656396732957 0.30492536379006535 -3.1293086311737262 -1.7123754616006244 2.5709503809602392 -0.35722075564813394 0.21508845455136452 -1.2195418278223775 2.6452305776440324 2.8158617798918817 0.47170423110679621 -1.1818536500734649 -0.02593895866998764 -1.4370226421773167
leaf_weight=1816 94 380 37 40 147 38 87 86 30 99 88 253 640 33
leaf_count=1816 94 380 37 40 147 38 87 86 30 99 88 253 640 33
internal_value=-0.00024819 0.000962963 -0.001562 0.00054659 0.00442308 0.00784615 -0.00109489 -0.000205096 0.000216678 -0.000100469 0.00381818 -0.00077769 -0.00225084 -0.0022314
internal_weight=3868 2015 1853 1921 312 185 127 1609 1523 1493 220 1273 893 121
internal_count=3868 2015 1853 1921 312 185 127 1609 1523 1493 220 1273 893 121
cat_boundaries=0 1 2
cat_threshold=15617 676
is_linear=0
shrinkage=0.03


Tree=182
num_leaves=15
num_cat=2
split_feature=0 9 6 9 0 0 0 8 6 6 0 6 6 3
split_gain=9.69548 17.6058 16.2266 14.5465 10.4384 8.16329 7.51878 7.43046 8.28188 7.64685 6.8218 5.89905 5.88445 19.6999
threshold=14.478176500000002 0 129.50000000000003 1 40.576350500000011 11.753878000000002 4.5129270000000004 4.5000000000000009 151.50000000000003 180.50000000000003 2.7785910000000005 134.50000000000003 158.50000000000003 3020.9970000000003
decision_type=2 9 2 9 2 2 2 2 2 2 2 2 2 2
left_child=1 2 5 12 -5 -1 -4 10 11 -10 -3 -9 13 -2
right_child=3 7 6 4 -6 -7 -8 8 9 -11 -12 -13 -14 -15
leaf_value=-0.5841877348947957 -1.1551953903995502 -1.4518156384698022 -1.7970826240400004 -0.34987894086897542 7.231947380860217 -4.0865670834538603 -0.40581461527331381 0.63922844806507151 -1.671530904202907 1.3653042858716458 -0.048034853062267756 1.644319688600093 1.4724243847427305 0.41692361218669699
leaf_weight=47 126 37 37 955 32 53 421 94 79 41 693 40 514 707
leaf_count=47 126 37 37 955 32 53 421 94 79 41 693 40 514 707
internal_value=-0.000294118 -0.00214008 -0.00633803 0.00092545 -0.00183551 -0.0174 -0.00406114 0.000301811 0.00472441 -0.001 -0.00123288 0.00985075 0.00294031 0.00140456
internal_weight=3876 1542 558 2334 987 100 458 984 254 120 730 134 1347 833
internal_count=3876 1542 558 2334 987 100 458 984 254 120 730 134 1347 833
cat_boundaries=0 1 2
cat_threshold=7617 14820
is_linear=0
shrinkage=0.03


Tree=183
num_leaves=15
num_cat=0
split_feature=0 0 0 7 6 2 5 5 7 2 6 2 7 0
split_gain=11.0421 7.53605 3.68622 5.07338 6.24712 5.1109 5.29271 4.73279 4.67273 5.24048 6.06387 5.21148 6.07656 5.06937
threshold=2.7785910000000005 38.074008000000006 12.875887000000002 245.50000000000003 72.500000000000014 39.500000000000007 12.500000000000002 13.500000000000002 288.50000000000006 348.45000000000005 142.50000000000003 843.70000000000016 215.50000000000003 10.132813500000003
decision_type=2 2 2 2 2 2 2 2 2 2 2 2 2 2
left_child=-1 2 8 4 -4 -5 -7 -8 9 10 -2 12 -11 -12
right_child=1 -3 3 5 -6 6 7 -9 -10 11 13 -13 -14 -15
leaf_value=-1.5977657659171978 0.20844022240337381 2.7147612291430638 4.6604130392567731 -1.8552617476993645 -0.16667387630077882 2.8478616291194703 -0.69894999184431073 0.43178065315180902 0.78549093213807852 -1.9563545169206735 -0.64893169616660773 1.0015577021506175 -0.92767014789887525 0.026414933501176845
leaf_weight=50 327 56 31 37 1559 95 107 715 99 33 453 32 103 200
leaf_count=50 327 56 31 37 1559 95 107 715 99 33 453 32 103 200
internal_value=-0.00039261 -0.000210554 -0.000371934 0.000283019 -0.000754717 0.00201258 0.00245365 0.00167883 -0.0017081 -0.00224739 -0.00140816 -0.00714286 -0.00970588 -0.0030781
internal_weight=3897 3847 3791 2544 1590 954 917 822 1247 1148 980 168 136 653
internal_count=3897 3847 3791 2544 1590 954 917 822 1247 1148 980 168 136 653
is_linear=0
shrinkage=0.03


Tree=184
num_leaves=15
num_cat=2
split_feature=0 9 4 0 0 0 9 7 8 0 5 7 6 0
split_gain=14.3735 7.5234 7.01082 6.86747 6.69345 5.9235 6.28823 6.11438 7.65765 5.79429 4.92303 7.67369 4.8578 6.80721
threshold=6.4608920000000003 0 1.0000000180025095e-35 35.960008000000009 16.427389500000004 2.3840500000000007 1 226.50000000000003 1.5000000000000002 5.8645015000000003 14.500000000000002 193.50000000000003 114.50000000000001 11.4810505
decision_type=2 9 2 2 2 2 9 2 2 2 2 2 2 2
left_child=5 2 10 12 -4 -1 9 -8 -9 -7 11 -2 13 -3
right_child=1 3 4 -5 -6 6 7 8 -10 -11 -12 -13 -14 -15
leaf_value=-2.6274335149082106 1.1977434802300604 0.18034797963392066 -1.6223739032678803 3.0071724341203296 -0.096381146260582681 -1.9809354100109533 -1.4576933434716659 -0.65160524687630983 0.5798443996803001 0.0018505235229611117 0.27153572829539369 -0.33524349588186964 0.19606214991745899 2.0000288035936773
leaf_weight=31 87 107 147 34 188 75 49 49 102 30 1097 888 942 71
leaf_count=31 87 107 147 34 188 75 49 49 102 30 1097 888 942 71
internal_value=3.84911e-05 0.000598147 -0.00035995 0.00257732 -0.00438806 -0.00589286 -0.00462295 -0.00114286 0.00178808 -0.0101739 0.000289575 -0.00126154 0.00219643 0.00674157
internal_weight=3897 3561 2407 1154 335 336 305 200 151 105 2072 975 1120 178
internal_count=3897 3561 2407 1154 335 336 305 200 151 105 2072 975 1120 178
cat_boundaries=0 1 2
cat_threshold=47881 39008
is_linear=0
shrinkage=0.03


Tree=185
num_leaves=15
num_cat=2
split_feature=0 0 6 9 5 6 7 7 0 9 2 7 6 0
split_gain=11.9219 10.8645 9.62909 7.37104 9.54171 14.3229 11.5426 8.18991 6.95997 12.8136 10.8074 7.34231 6.51038 7.14339
threshold=3.0705205000000002 38.074008000000006 153.50000000000003 0 14.500000000000002 101.50000000000001 203.50000000000003 238.50000000000003 14.957541000000001 1 344.55000000000007 208.50000000000003 138.50000000000003 12.248623000000002
decision_type=2 2 2 9 2 2 2 2 2 9 2 2 2 2
left_child=-1 3 -3 4 6 -6 -2 -8 9 10 11 -5 13 -11
right_child=1 2 -4 8 5 -7 7 -9 -10 12 -12 -13 -14 -15
leaf_value=-2.0477627530727673 2.0490396483321773 0.2369379176589291 7.7659316433775754 -1.5696796504260373 -2.7012480845378239 0.16948497558181658 -1.8114294226045127 -0.58389929196005363 0.24004995530137987 0.16371979131984177 -1.5687756723903998 -0.33484260146200256 -0.22908342945995172 2.4221620511177617
leaf_weight=64 62 33 31 43 33 416 119 145 1648 282 94 408 460 83
leaf_count=64 62 33 31 43 33 416 119 145 1648 282 94 408 460 83
internal_value=-0.000283091 -7.00026e-05 0.0121875 -0.000276826 -0.00286624 -6.68151e-05 -0.00680982 -0.00954545 0.000396301 -0.00118248 -0.0047027 -0.00286031 0.00118563 0.00419178
internal_weight=3921 3857 64 3793 775 449 326 264 3018 1370 545 451 825 365
internal_count=3921 3857 64 3793 775 449 326 264 3018 1370 545 451 825 365
cat_boundaries=0 1 2
cat_threshold=99329 6560
is_linear=0
shrinkage=0.03


Tree=186
num_leaves=15
num_cat=0
split_feature=0 0 3 8 3 6 3 2 3 0 2 7 7 5
split_gain=8.6975 7.72137 5.35608 5.34539 4.76264 11.5259 6.12882 5.78055 5.32857 4.96211 4.80446 4.4947 7.5309 8.43599
threshold=39.373733000000009 6.4608920000000003 109861.22300000001 4.5000000000000009 565.17600000000004 150.50000000000003 1085.865 186.45000000000002 3396.1720000000005 8.9808695000000025 87.450000000000017 271.50000000000006 257.50000000000006 16.500000000000004
decision_type=2 2 2 2 2 2 2 2 2 2 2 2 2 2
left_child=1 3 4 -1 5 -3 7 10 9 -8 -6 12 13 -10
right_child=-2 2 -4 -5 6 -7 8 -9 11 -11 -12 -13 -14 -15
leaf_value=-0.74653639041950781 4.931338785436683 -2.8253883705211273 -0.69540818888245215 0.17284199008225981 1.9786421040124924 0.62207253718223454 1.680901379116243 2.5543419578045721 0.070209493539509824 -0.50091365982030311 -0.52097711900382027 0.53531691372934576 -0.67288809475583777 3.4415380860267439
leaf_weight=247 43 32 105 87 37 35 42 37 1985 435 42 401 336 31
leaf_count=247 43 32 105 87 37 35 42 37 1985 435 42 401 336 31
internal_value=-0.000161746 -0.000311526 0.000102331 -0.00467066 0.000307647 -0.00761194 0.000466228 0.00724138 0.00022291 -0.0027044 0.00265823 0.000730113 0.000229592 0.000922619
internal_weight=3895 3852 3518 334 3413 67 3346 116 3230 477 79 2753 2352 2016
internal_count=3895 3852 3518 334 3413 67 3346 116 3230 477 79 2753 2352 2016
is_linear=0
shrinkage=0.03


Tree=187
num_leaves=15
num_cat=4
split_feature=0 9 0 0 9 3 0 9 0 9 5 2 2 3
split_gain=9.3009 5.68026 8.86192 4.28704 10.9331 12.1332 9.25321 8.85755 8.63025 6.21441 7.55543 5.05572 6.87432 6.34228
threshold=2.3840500000000007 0 21.995953000000004 11.849862500000002 1 69209.022000000012 4.7017295000000008 2 26.261371000000004 3 13.500000000000002 63.45000000000001 269.05000000000007 19241.609500000002
decision_type=2 9 2 2 9 2 2 9 2 9 2 2 2 2
left_child=-1 2 -2 4 5 6 -3 8 9 10 -5 -8 13 -13
right_child=1 3 -4 7 -6 -7 11 -9 -10 -11 -12 12 -14 -15
leaf_value=-2.4980492922451516 -3.4964531010716828 -1.4864875295146804 1.0760189490448533 -2.8043386597893187 0.14358758379643632 -4.8566471977487717 -1.5564084549907442 0.015821716106499933 11.49038032546877 1.6988658534336583 0.22359372023568311 -0.105180266018383 -0.8264143464219682 0.40254928391881661
leaf_weight=31 72 50 53 36 593 32 60 2281 44 197 101 209 78 70
leaf_count=31 72 50 53 36 593 32 60 2281 44 197 101 209 78 70
internal_value=-8.44638e-05 4.64396e-05 -0.006 0.000263228 -0.00131868 -0.00453831 -0.00340471 0.000913877 0.00510309 0.00359281 -0.00142857 -0.00194245 -0.000588235 0.0016129
internal_weight=3907 3876 125 3751 1092 499 467 2659 378 334 137 417 357 279
internal_count=3907 3876 125 3751 1092 499 467 2659 378 334 137 417 357 279
cat_boundaries=0 1 2 3 4
cat_threshold=1 7908 228 128
is_linear=0
shrinkage=0.03


Tree=188
num_leaves=15
num_cat=3
split_feature=0 9 9 0 9 0 6 6 0 0 0 2 0 7
split_gain=11.668 12.0372 9.32106 11.4079 7.08265 17.1058 7.1341 8.04046 6.07786 5.14836 6.0078 4.671 7.82111 6.04484
threshold=6.4608920000000003 0 1 21.995953000000004 2 26.261371000000004 105.50000000000001 160.50000000000003 5.5709605000000009 14.478176500000002 23.430610500000004 296.50000000000006 14.392338500000003 241.50000000000003
decision_type=2 9 9 2 9 2 2 2 2 2 2 2 2 2
left_child=1 8 3 -2 5 6 -4 -8 -1 -9 -11 -6 13 -13
right_child=2 -3 4 -5 11 -7 7 9 -10 10 -12 12 -14 -15
leaf_value=-2.2156430654821717 -3.9008079728213239 -0.1085467210008403 0.9365126603602959 0.95392475248621622 0.045444542095028732 11.908718369045227 -0.59232529603106288 -0.040038765640808834 -0.73040830074808583 2.1364979127096535 -0.91665428437871688 -1.5885307389910632 -0.021717526301622457 -0.23256044966895728
leaf_weight=76 64 240 102 57 2148 43 203 150 40 184 30 92 427 88
leaf_count=76 64 240 102 57 2148 43 203 150 40 184 30 92 427 88
internal_value=-0.000212982 -0.00539326 0.000301003 -0.00755725 0.000595341 0.003241 0.00210762 0.000793651 -0.0128571 0.00346154 0.0064486 -9.76492e-05 -0.00242175 -0.00766667
internal_weight=3944 356 3588 121 3467 712 669 567 116 364 214 2755 607 180
internal_count=3944 356 3588 121 3467 712 669 567 116 364 214 2755 607 180
cat_boundaries=0 1 2 3
cat_threshold=39008 1 244
is_linear=0
shrinkage=0.03


Tree=189
num_leaves=15
num_cat=4
split_feature=9 3 9 8 3 9 2 2 5 2 3 9 2 8
split_gain=8.68558 6.73345 4.77444 5.61483 11.2834 5.50981 6.06898 5.29668 4.55783 4.21782 6.7673 11.7273 8.95949 5.34879
threshold=0 8208.6670000000031 1 4.5000000000000009 59701.482500000006 2 100.50000000000001 62.050000000000004 11.500000000000002 188.50000000000003 9169.0820000000022 3 145.50000000000003 1.5000000000000002
decision_type=9 2 9 2 2 9 2 2 2 2 2 9 2 2
left_child=1 -1 -2 7 5 6 -5 -4 -7 10 11 -9 13 -12
right_child=2 -3 3 4 -6 8 -8 9 -10 -11 12 -13 -14 -15
leaf_value=0.006327534451334031 -0.098799507286955759 -2.9984852979047911 -0.53457679108326994 2.0885247138356542 -1.8028970715753052 -0.35355290227329988 -0.91654247792028165 -2.0332308915082105 2.3292989394444383 -0.16066756769968038 -0.33184769329231245 0.62344558347915147 2.3437228980085001 0.65183322476703554
leaf_weight=53 2179 85 220 47 31 33 58 101 182 368 84 263 103 147
leaf_count=53 2179 85 220 47 31 33 58 101 182 368 84 263 103 147
internal_value=-0.00016692 -0.0072973 0.000109775 0.00132969 0.00470085 0.006375 0.00026087 0.000419907 0.00893333 0.00129456 0.00266476 -0.000164835 0.0057485 0.00246753
internal_weight=3954 138 3816 1637 351 320 105 1286 215 1066 698 364 334 231
internal_count=3954 138 3816 1637 351 320 105 1286 215 1066 698 364 334 231
cat_boundaries=0 1 2 3 4
cat_threshold=1 16208 65664 16392
is_linear=0
shrinkage=0.03


Tree=190
num_leaves=15
num_cat=3
split_feature=9 4 6 6 9 7 9 6 6 3 5 6 6 3
split_gain=7.92418 6.63732 5.29931 6.08842 7.12853 6.89751 5.76211 6.70471 4.88402 4.19315 4.09832 4.64764 4.45086 6.8529
threshold=0 1.0000000180025095e-35 204.50000000000003 177.50000000000003 1 268.50000000000006 2 68.500000000000014 182.50000000000003 109861.22300000001 12.500000000000002 123.50000000000001 168.50000000000003 3020.9970000000003
decision_type=9 2 2 2 9 2 9 2 2 2 2 2 2 2
left_child=1 -1 3 6 5 -5 7 -2 -6 -9 11 -8 -12 -14
right_child=2 -3 -4 4 8 -7 10 9 -10 -11 12 -13 13 -15
leaf_value=-1.6108040253385023 1.9678197111717599 -4.0967711886793854 -0.94376599451403309 -1.6232692992771081 1.4312636119922308 0.46595098003030672 2.1677915613500884 -0.15814526247917682 0.37699520494601357 -0.87366542724183538 0.093825069947604325 0.31915806789492646 0.24568740677511186 -0.74472615626913241
leaf_weight=95 31 33 40 43 146 59 43 1618 334 41 1253 50 31 123
leaf_count=95 31 33 40 43 146 59 43 1618 334 41 1253 50 31 123
internal_value=0.000106599 -0.00695652 0.000361068 0.0004772 0.00329897 -0.00375 -3.76176e-05 -0.00123529 0.00477551 -0.0015009 0.00131126 0.00741935 0.000916844 -0.0038961
internal_weight=3940 128 3812 3772 582 102 3190 1690 480 1659 1500 93 1407 154
internal_count=3940 128 3812 3772 582 102 3190 1690 480 1659 1500 93 1407 154
cat_boundaries=0 1 2 3
cat_threshold=1 13316 36216
is_linear=0
shrinkage=0.03


Tree=191
num_leaves=15
num_cat=0
split_feature=0 8 6 0 0 2 0 2 2 2 6 6 2 2
split_gain=17.1513 11.1549 8.63202 13.3396 16.6623 11.6064 7.59578 7.1713 7.41241 6.73592 5.96968 5.79503 7.01313 5.71429
threshold=19.369722000000007 1.5000000000000002 164.50000000000003 21.496695000000003 32.018938000000006 50.500000000000007 3.9449575000000006 119.05000000000001 257.05000000000007 114.45000000000002 123.50000000000001 130.50000000000003 490.15000000000003 129.95000000000002
decision_type=2 2 2 2 2 2 2 2 2 2 2 2 2 2
left_child=1 -1 9 -4 5 -5 13 -7 -9 -2 -11 -12 -13 -3
right_child=2 6 3 4 -6 7 -8 8 -10 10 11 12 -14 -15
leaf_value=-0.66151265472775778 0.75125366065081833 0.0065117012050507125 4.0444675540063306 -3.9060513168742772 3.9518304832935245 2.1154412563479492 -0.0056580042491196992 -1.0547506307931644 2.413394194092084 -1.0618861719500512 0.89580296411874538 0.046605796521603224 -1.2806312487459626 -2.7358919102482848
leaf_weight=671 392 30 91 35 61 119 1590 71 31 224 69 407 50 42
leaf_count=671 392 30 91 35 61 119 1590 71 31 224 69 407 50 42
internal_value=-0.000162246 -0.0017874 0.00228387 0.00602941 0.00312303 -0.000234375 -0.000469314 0.00230769 -0.00352941 0.000945709 -0.00072 0.00102662 -0.000196937 -0.01
internal_weight=3883 2333 1550 408 317 256 1662 221 102 1142 750 526 457 72
internal_count=3883 2333 1550 408 317 256 1662 221 102 1142 750 526 457 72
is_linear=0
shrinkage=0.03


Tree=192
num_leaves=15
num_cat=2
split_feature=9 2 9 5 5 3 2 4 3 3 2 2 1 2
split_gain=9.05452 5.54952 4.99464 5.89001 6.97477 6.84795 5.05875 4.46214 4.21991 5.37524 3.52247 7.13085 6.84685 5.83024
threshold=0 30.500000000000004 1 12.500000000000002 11.500000000000002 21388.761000000002 40.400000000000006 1.0000000180025095e-35 1471.3920000000003 2959.0980000000004 267.50000000000006 232.50000000000003 3.5000000000000004 223.50000000000003
decision_type=9 2 9 2 2 2 2 2 2 2 2 2 2 2
left_child=7 -2 8 4 -4 -6 -5 -1 -3 -10 11 12 13 -11
right_child=1 2 3 6 5 -7 -8 -9 9 10 -12 -13 -14 -15
leaf_value=-1.3430932062357317 -2.0842252021192391 0.34845875467501058 -0.68708413507508448 1.7638328722096981 2.0276701535845914 0.23614000856007122 0.033797223090864463 -3.9790485207343185 -0.66998970936061708 -0.087867290411400054 -0.2515154857044945 1.0227256425624807 1.5980405072743429 -1.4713372249693442
leaf_weight=96 36 182 44 39 66 35 1348 34 158 1145 535 116 37 30
leaf_count=96 36 182 44 39 66 35 1348 34 158 1145 535 116 37 30
internal_value=-0.00022302 5.55409e-05 0.000168675 0.0014786 0.00724138 0.0115842 0.000886806 -0.00771429 -0.000745594 -0.001143 -0.000692432 0.000135542 -0.000544554 -0.000944681
internal_weight=3901 3771 3735 1532 145 101 1387 130 2203 2021 1863 1328 1212 1175
internal_count=3901 3771 3735 1532 145 101 1387 130 2203 2021 1863 1328 1212 1175
cat_boundaries=0 1 2
cat_threshold=1 40728
is_linear=0
shrinkage=0.03


Tree=193
num_leaves=15
num_cat=0
split_feature=5 6 7 7 3 5 6 3 3 2 3 3 6 6
split_gain=4.64677 3.49472 6.6292 6.06905 7.06474 7.07139 10.2242 6.91435 7.89417 7.91781 5.82702 6.77904 5.47795 12.3327
threshold=16.500000000000004 197.50000000000003 271.50000000000006 257.50000000000006 1268.7375000000004 15.500000000000002 175.50000000000003 4007.8580000000006 8819.246000000001 199.10000000000002 13300.377000000002 2214.2880000000005 134.50000000000003 173.50000000000003
decision_type=2 2 2 2 2 2 2 2 2 2 2 2 2 2
left_child=1 2 3 -1 -5 6 7 -6 -9 -10 11 -4 -12 -14
right_child=-2 -3 10 4 5 -7 -8 8 9 -11 12 -13 13 -15
leaf_value=0.024013637697185002 1.9740916937644237 -0.76445858208212258 -0.3874906253601807 1.1942961978803714 -2.7956695708118806 0.43037957857141124 0.0363419967506627 1.1909196686055974 -1.7401516835436723 -0.26992163476916176 0.75357677249282917 1.1340479689059701 -1.5908742075172018 0.48146186813956543
leaf_weight=2751 66 113 71 31 41 96 152 36 73 73 34 242 80 95
leaf_count=2751 66 113 71 31 41 96 152 36 73 73 34 242 80 95
internal_value=0.000288316 0.000154321 0.000309934 -0.000193667 -0.00322709 -0.00414013 -0.006 -0.0100897 -0.00758242 -0.0106849 0.00344828 0.00603834 -0.000430622 -0.00257143
internal_weight=3954 3888 3775 3253 502 471 375 223 182 146 522 313 209 175
internal_count=3954 3888 3775 3253 502 471 375 223 182 146 522 313 209 175
is_linear=0
shrinkage=0.03


Tree=194
num_leaves=15
num_cat=1
split_feature=9 2 6 4 2 2 7 8 7 2 1 7 7 7
split_gain=5.56467 9.59259 8.06897 4.27994 5.0052 4.98162 5.02626 4.16527 5.34312 5.0707 5.03259 3.98238 7.41684 6.8741
threshold=0 43.500000000000007 131.50000000000003 1.5000000000000002 379.60000000000008 74.500000000000014 208.50000000000003 1.5000000000000002 283.50000000000006 515.10000000000014 1.5000000000000002 240.50000000000003 219.50000000000003 268.50000000000006
decision_type=9 2 2 2 2 2 2 2 2 2 2 2 2 2
left_child=1 -1 3 4 5 -3 -7 8 10 -9 -2 12 -12 -13
right_child=7 2 -4 -5 -6 6 -8 9 -10 -11 11 13 -14 -15
leaf_value=-1.5550221980214154 -0.33043031718559401 0.96309141350772731 0.070276640155695985 -1.2331636516461049 0.87569118698050941 -0.47362746662878519 -1.7737187634965765 0.16319947135733173 -1.7693481469001182 1.2383277065521929 -0.024094327770756079 -0.6762536189622278 1.6957787708895147 1.0373286820719363
leaf_weight=57 399 31 1214 56 86 133 158 1453 34 96 64 67 59 40
leaf_count=57 399 31 1214 56 86 133 158 1453 34 96 64 67 59 40
internal_value=0.000220421 -0.00104871 -0.000643623 -0.00400862 -0.00294118 -0.00465839 -0.00587629 0.00121512 -0.000769231 0.0020723 -0.000143084 0.0033913 0.00707317 -0.000841121
internal_weight=3947 1735 1678 464 408 322 291 2212 663 1549 629 230 123 107
internal_count=3947 1735 1678 464 408 322 291 2212 663 1549 629 230 123 107
cat_boundaries=0 1
cat_threshold=40193
is_linear=0
shrinkage=0.03


Tree=195
num_leaves=15
num_cat=2
split_feature=9 0 9 6 3 3 0 6 7 6 7 0 0 0
split_gain=6.05899 5.29399 7.51165 9.75426 5.97402 6.53781 5.40201 8.56711 5.72421 5.44741 6.10052 4.85637 4.75152 4.69126
threshold=0 14.478176500000002 1 139.50000000000003 5741.732500000001 16183.876000000002 12.078875000000002 108.50000000000001 232.50000000000003 111.50000000000001 246.50000000000003 11.347125000000002 13.662978500000003 5.9831435000000015
decision_type=9 2 9 2 2 2 2 2 2 2 2 2 2 2
left_child=-1 2 3 11 -5 -6 8 -8 13 -10 -11 -2 -9 -4
right_child=1 -3 6 4 5 -7 7 12 9 10 -12 -13 -14 -15
leaf_value=-0.14731237127029204 -0.23712941423131609 0.54283602648370222 0.72459116196770368 -1.5026608458003148 0.44381333311570642 -1.4830145294840804 2.6508957007846581 0.78643025538803946 0.60098751391800076 0.97148339740283518 -0.071407191335192688 -3.8301091652054149 -1.8793042586946886 -0.95570578254221339
leaf_weight=1892 32 968 46 47 48 45 34 66 43 77 315 41 44 149
leaf_count=1892 32 968 46 47 48 45 34 66 43 77 315 41 44 149
internal_value=-2.33949e-05 0.00114504 -0.000395137 -0.00524664 -0.000857143 0.00354839 0.000994898 0.00625 -0.000190476 0.00172414 0.000612245 -0.0143836 0.00218182 -0.00446154
internal_weight=3847 1955 987 213 140 93 774 144 630 435 392 73 110 195
internal_count=3847 1955 987 213 140 93 774 144 630 435 392 73 110 195
cat_boundaries=0 1 2
cat_threshold=35609 5248
is_linear=0
shrinkage=0.03


Tree=196
num_leaves=15
num_cat=3
split_feature=9 0 7 0 9 9 0 7 2 0 7 2 0 5
split_gain=6.40289 5.82174 7.44756 4.75002 17.0845 7.27361 15.3958 10.0766 7.84886 11.6053 6.26658 5.23829 5.1226 5.06228
threshold=0 38.074008000000006 225.50000000000003 5.8645015000000003 1 2 29.448273000000004 204.50000000000003 284.50000000000006 14.478176500000002 242.50000000000003 377.2000000000001 11.651130000000002 16.500000000000004
decision_type=9 2 2 2 9 9 2 2 2 2 2 2 2 2
left_child=-1 3 -3 4 -2 6 8 -8 13 10 -10 -11 -12 -5
right_child=1 2 -4 5 -6 -7 7 -9 9 11 12 -13 -14 -15
leaf_value=-2.364725795227463 -1.7968366645845566 -0.34098974956135408 5.6781316716449739 0.037219325058001684 0.20276608004158561 0.14351497747636927 -0.0010073934867273237 -1.5900614353393756 -1.9476328446347269 -1.3105285177721908 0.58267875292829385 0.84957201213615119 -3.6922600842008384 3.328909815144427
leaf_weight=132 102 31 30 737 177 2238 34 62 65 57 32 110 35 39
leaf_count=132 102 31 30 737 177 2238 34 62 65 57 32 110 35 39
internal_value=-8.50296e-05 0.000151636 0.00934426 0 -0.00376344 0.000308008 -0.00160034 -0.013125 -0.000586047 -0.00471572 -0.0113636 0.000538922 -0.00492537 0.00100515
internal_weight=3881 3749 61 3688 279 3409 1171 96 1075 299 132 167 67 776
internal_count=3881 3749 61 3688 279 3409 1171 96 1075 299 132 167 67 776
cat_boundaries=0 1 2 3
cat_threshold=1 34916 94464
is_linear=0
shrinkage=0.03


Tree=197
num_leaves=15
num_cat=2
split_feature=0 9 0 7 0 9 7 6 1 3 0 3 6 7
split_gain=8.03361 11.9656 12.3054 8.50261 14.4015 7.12891 7.04694 13.9164 6.26491 5.68543 5.35021 5.04676 4.91386 4.87647
threshold=27.113121000000003 0 28.515407500000006 204.50000000000003 38.074008000000006 1 221.50000000000003 132.50000000000003 3.5000000000000004 59701.482500000006 9.5176385000000021 86800.085000000006 122.50000000000001 219.50000000000003
decision_type=2 9 2 2 2 9 2 2 2 2 2 2 2 2
left_child=5 -2 12 -4 13 9 7 8 10 -1 -7 -11 -3 -5
right_child=1 2 3 4 -6 6 -8 -9 -10 11 -12 -13 -14 -15
leaf_value=-0.15828845821067489 4.106994620207292 2.2368164093546739 1.034882743262342 -0.30191515033199945 2.6171464428497573 -0.98403239791678743 0.16357674184276219 -1.695788292305765 1.9900267211517086 -1.4105830099360082 0.82912220174788209 -0.18613148680021821 2.4319108250730959 -1.1920410283404499
leaf_weight=1455 151 32 146 72 38 68 1351 147 36 47 122 67 49 158
leaf_count=1455 151 32 146 72 38 68 1351 147 36 47 122 67 49 158
internal_value=9.90099e-05 0.00315789 0.000772277 -0.00130435 -0.00447761 -0.000501063 0.00083045 -0.00281501 0.00185841 -0.00195693 -0.000315789 -0.00842105 0.0114815 -0.00730435
internal_weight=3939 646 495 414 268 3293 1724 373 226 1569 190 114 81 230
internal_count=3939 646 495 414 268 3293 1724 373 226 1569 190 114 81 230
cat_boundaries=0 1 2
cat_threshold=2176 101249
is_linear=0
shrinkage=0.03


Tree=198
num_leaves=15
num_cat=1
split_feature=0 6 9 0 6 5 1 0 6 3 7 2 5 0
split_gain=8.57258 12.6452 5.44911 7.24862 13.9536 7.92603 6.24737 8.89406 10.6862 8.4592 6.20513 5.69649 5.63081 10.4993
threshold=38.074008000000006 148.50000000000003 0 16.165595000000003 101.50000000000001 14.500000000000002 2.5000000000000004 17.774664000000005 147.50000000000003 61892.057000000008 217.50000000000003 463.50000000000006 15.500000000000002 26.965247500000004
decision_type=2 2 9 2 2 2 2 2 2 2 2 2 2 2
left_child=2 -2 3 4 -1 -6 11 -8 9 10 -9 12 13 -5
right_child=1 -3 -4 6 5 -7 7 8 -10 -11 -12 -13 -14 -15
leaf_value=-3.1783337467944759 -1.3031114881855272 7.2611385049170662 0.047028946935948279 -0.77520226442343754 -1.0292722373099399 -0.18930980436910885 2.5733635852914882 0.5261482503724414 -1.108975276799913 -0.26875456880418708 1.9559355949839892 -0.32529818101934321 1.5209639689903725 1.1586115568341346
leaf_weight=53 31 31 1936 425 161 655 47 39 58 46 39 58 205 131
leaf_count=53 31 31 1936 425 161 655 47 39 58 46 39 58 205 131
internal_value=-0.000421456 0.0106452 -0.000599533 -0.00172807 -0.00376295 -0.00279412 -5.72519e-05 0.00432314 0.00131868 0.00629032 0.0123077 -0.00128205 -0.000591327 -0.00215827
internal_weight=3915 62 3853 1917 869 816 1048 229 182 124 78 819 761 556
internal_count=3915 62 3853 1917 869 816 1048 229 182 124 78 819 761 556
cat_boundaries=0 1
cat_threshold=15105
is_linear=0
shrinkage=0.03


Tree=199
num_leaves=15
num_cat=1
split_feature=9 3 7 6 2 2 6 5 2 3 2 6 5 5
split_gain=4.9571 7.06265 6.22611 9.11347 7.06764 6.04078 5.36164 5.29453 5.84662 4.67698 8.67878 5.17029 4.85213 4.23524
threshold=0 92429.416500000007 217.50000000000003 156.50000000000003 62.050000000000004 78.500000000000014 147.50000000000003 13.500000000000002 109.45000000000002 23570.357000000004 99.500000000000014 110.50000000000001 14.500000000000002 15.500000000000002
decision_type=9 2 2 2 2 2 2 2 2 2 2 2 2 2
left_child=1 7 3 9 6 -6 -4 8 -1 10 -2 -11 -13 -7
right_child=2 -3 4 -5 5 13 -8 -9 -10 11 -12 12 -14 -15
leaf_value=-4.2534260727645048 0.69001929791937977 -0.49435454411354385 0.46278269454561494 -1.7469650598802469 0.96209619544566116 0.065882777923218325 -0.73856594414390653 -0.058993768935021076 -0.086576937624789699 -0.31712736126910723 -0.65677715445362539 0.27556659154900898 2.3787152802199034 1.3913928591815714
leaf_weight=57 148 60 61 83 182 1332 279 811 48 52 388 76 57 248
leaf_count=57 148 60 61 83 182 1332 279 811 48 52 388 76 57 248
internal_value=-0.000170015 -0.00200811 0.000452675 -0.00179104 0.00131304 0.00207719 -0.00264706 -0.00137555 -0.00771429 -0.000707351 -0.00212687 0.00340541 0.00654135 0.00148101
internal_weight=3882 976 2906 804 2102 1762 340 916 105 721 536 185 133 1580
internal_count=3882 976 2906 804 2102 1762 340 916 105 721 536 185 133 1580
cat_boundaries=0 1
cat_threshold=5457
is_linear=0
shrinkage=0.03


Tree=200
num_leaves=15
num_cat=1
split_feature=4 9 6 2 4 7 2 3 6 6 6 7 6 3
split_gain=6.04464 5.23155 5.43398 5.08658 4.34924 5.48903 4.75245 7.0325 4.82349 7.47855 3.89217 6.72362 4.70386 3.67991
threshold=1.5000000000000002 0 199.50000000000003 148.50000000000003 1.0000000180025095e-35 245.50000000000003 130.50000000000003 24766.354500000005 112.50000000000001 136.50000000000003 128.50000000000003 219.50000000000003 148.50000000000003 9511.7760000000017
decision_type=2 9 2 2 2 2 2 2 2 2 2 2 2 2
left_child=1 4 -3 -2 6 -6 10 8 13 -10 -1 -12 -13 -8
right_child=3 2 -4 -5 5 -7 7 -9 9 -11 11 12 -14 -15
leaf_value=1.2244145693459336 0.78604179963645493 -0.015492956609507473 -2.4442917160888147 -0.9181854262409842 0.20231968303235703 1.1061965177339619 -1.8696739562554852 0.62944578995075517 2.3736421948179802 -0.41814951403133815 -0.80231135108732354 2.2097461874238999 0.24054549780533419 -0.028845875277377215
leaf_weight=98 41 2317 34 199 70 54 42 183 71 215 82 45 456 40
leaf_count=98 41 2317 34 199 70 54 42 183 71 215 82 45 456 40
internal_value=0.000114011 0.000412733 -0.000444727 -0.0045 0.00188873 0.00725806 0.00136364 -0.000707804 -0.00309783 -0.00125874 0.00303965 0.00210978 0.00341317 -0.0095122
internal_weight=3947 3707 2351 240 1356 124 1232 551 368 286 681 583 501 82
internal_count=3947 3707 2351 240 1356 124 1232 551 368 286 681 583 501 82
cat_boundaries=0 1
cat_threshold=114900
is_linear=0
shrinkage=0.03


Tree=201
num_leaves=15
num_cat=1
split_feature=9 0 0 6 2 3 3 6 5 5 5 6 3 6
split_gain=7.61064 11.4027 11.0561 10.9036 7.39372 6.44421 6.99194 7.9099 10.5902 6.12412 6.24489 5.60784 5.71162 8.0154
threshold=0 37.370455500000013 5.5709605000000009 106.50000000000001 843.70000000000016 9731.4915000000019 7043.1775000000007 124.50000000000001 13.500000000000002 12.500000000000002 13.500000000000002 174.50000000000003 118078.12400000003 81.500000000000014
decision_type=9 2 2 2 2 2 2 2 2 2 2 2 2 2
left_child=2 3 -1 -2 5 6 7 -4 -9 -5 -11 12 13 -7
right_child=1 -3 4 9 -6 11 -8 8 -10 10 -12 -13 -14 -15
leaf_value=-1.2769084590054598 0.56545148194785499 2.6036406970426422 -1.6333293248714653 2.1205368899405777 -1.7059039639529192 4.9312785977525575 -1.6420670078478723 -1.2021412901572694 0.60396570901175439 -0.72714833066390605 0.044357217369426959 1.786246284843678 -1.0986995621986135 -0.016158171758319212
leaf_weight=102 186 38 115 47 43 35 102 209 289 224 1737 159 36 594
leaf_count=102 186 38 115 47 43 35 102 209 289 224 1737 159 36 594
internal_value=-7.66088e-05 0.00107047 -0.00159386 0.000793072 -0.000986094 -0.000643275 -0.00272727 -0.00151713 0.000120482 0.000149402 -0.000107088 0.00116505 -4.51128e-05 0.000620032
internal_weight=3916 2232 1684 2194 1582 1539 715 613 498 2008 1961 824 665 629
internal_count=3916 2232 1684 2194 1582 1539 715 613 498 2008 1961 824 665 629
cat_boundaries=0 1
cat_threshold=38221
is_linear=0
shrinkage=0.03


Tree=202
num_leaves=15
num_cat=3
split_feature=9 0 5 2 6 0 9 0 9 0 5 1 2 0
split_gain=5.19344 6.49535 4.99177 6.77007 5.27435 8.30769 7.10767 10.8585 5.63498 8.69318 5.47318 8.89823 5.23097 5.13544
threshold=0 39.373733000000009 12.500000000000002 97.500000000000014 89.500000000000014 17.234947000000002 1 29.638791000000001 2 10.489517500000002 14.500000000000002 2.5000000000000004 66.500000000000014 9.5176385000000021
decision_type=9 2 2 2 2 2 9 2 9 2 2 2 2 2
left_child=1 -1 3 -2 5 -4 10 8 -8 -10 11 12 -6 -14
right_child=2 -3 4 -5 6 -7 7 -9 9 -11 -12 -13 13 -15
leaf_value=-0.20861388101335251 3.3392313935565525 2.6995265202525842 -1.4889987094233208 0.11690137048246356 -1.9852844601305581 0.31976254788484654 0.019006556216950229 7.7837911312102257 1.8473480936340092 0.05011304411700962 0.10698282494388762 0.26737624608440624 -0.91449016284349449 -0.051339749900853347
leaf_weight=2202 44 43 48 83 51 52 454 50 83 106 388 74 89 145
leaf_count=2202 44 43 48 83 51 52 454 50 83 106 388 74 89 145
internal_value=-0.000138037 -0.00107761 0.00112701 0.00685039 0.000662338 -0.006 0.001125 0.00328592 0.00228616 0.00648241 -0.000911493 -0.00359331 -0.006 -0.00410256
internal_weight=3912 2245 1667 127 1540 100 1440 693 643 189 747 359 285 234
internal_count=3912 2245 1667 127 1540 100 1440 693 643 189 747 359 285 234
cat_boundaries=0 1 2 3
cat_threshold=72793 8484 32896
is_linear=0
shrinkage=0.03


Tree=203
num_leaves=15
num_cat=0
split_feature=4 2 2 4 2 2 7 5 2 3 6 3 2 3
split_gain=6.57485 6.93588 7.07638 6.3458 8.89184 5.23865 4.5241 6.98018 4.38901 9.10714 4.15572 3.77219 6.59433 5.83152
threshold=1.5000000000000002 589.50000000000011 503.10000000000008 10.500000000000002 554.00000000000011 1040.5000000000002 253.50000000000003 15.500000000000002 379.60000000000008 24271.930000000004 152.50000000000003 2959.0980000000004 267.50000000000006 2670.8880000000004
decision_type=2 2 2 2 2 2 2 2 2 2 2 2 2 2
left_child=1 2 8 4 6 -3 7 10 11 -10 -2 13 -13 -1
right_child=3 5 -4 -5 -6 -7 -8 -9 9 -11 -12 12 -14 -15
leaf_value=-0.23672748462932189 -0.23303899095269115 1.2592253884831688 -1.3782371620985179 1.3255042851472456 -1.8361387146606216 -0.58683127032077886 -1.4107038407372414 1.6709688118275949 -0.39730835546755766 2.6741864351472882 -1.8660716194749216 0.082027545447356257 -0.39710798764713329 -1.5939223215618676
leaf_weight=536 51 128 80 30 40 31 54 43 105 68 31 2337 314 53
leaf_count=536 51 128 80 30 40 31 54 43 105 68 31 2337 314 53
internal_value=-0.00022302 9.85761e-05 -0.000180361 -0.00493976 -0.00671233 0.00622642 -0.00385475 -0.00072 2.63698e-05 0.00468208 -0.00585366 -0.000222222 0.000260279 -0.00239389
internal_weight=3901 3652 3493 249 219 159 179 125 3413 173 82 3240 2651 589
internal_count=3901 3652 3493 249 219 159 179 125 3413 173 82 3240 2651 589
is_linear=0
shrinkage=0.03


Tree=204
num_leaves=15
num_cat=3
split_feature=9 6 0 9 3 6 5 9 6 0 6 0 2 2
split_gain=8.88104 6.12477 4.84794 13.5476 6.86949 7.11895 5.18175 4.40346 6.09493 5.72865 18.4083 9.37675 8.80888 14.142
threshold=0 61.500000000000007 6.814753500000001 1 28055.507500000003 174.50000000000003 15.500000000000002 2 173.50000000000003 27.253774000000003 105.50000000000001 12.772709500000001 124.40000000000002 353.00000000000006
decision_type=9 2 2 9 2 2 2 9 2 2 2 2 2 2
left_child=-1 -2 3 4 5 -3 -5 -4 9 11 -11 -9 -13 -14
right_child=1 2 7 6 -6 -7 -8 8 -10 10 -12 12 13 -15
leaf_value=-1.6668486186572773 2.0851596715334875 -0.16836732491825729 0.032353241958048784 -1.1345630129425535 0.44618708327691819 1.0548427613045805 -1.8486910430832317 0.24914294617587529 1.0419221048246208 -1.7732171283540401 5.508500301513882 0.074141907344336455 -1.1758499123353316 1.0448189663159779
leaf_weight=125 30 133 2447 123 40 31 32 233 298 30 98 128 118 50
leaf_count=125 30 133 2447 123 40 31 32 233 298 30 98 128 118 50
internal_value=0.000229826 0.000497238 0.000390853 -0.00292479 0.00224299 -0.000365854 -0.00927273 0.000740741 0.00245596 0.00086758 0.0065625 -0.000510397 -0.00405405 -0.00857143
internal_weight=3916 3791 3761 359 204 164 155 3402 955 657 128 529 296 168
internal_count=3916 3791 3761 359 204 164 155 3402 955 657 128 529 296 168
cat_boundaries=0 1 2 3
cat_threshold=1 123156 81164
is_linear=0
shrinkage=0.03


Tree=205
num_leaves=15
num_cat=3
split_feature=4 0 7 2 3 9 9 5 5 9 7 7 0 0
split_gain=9.02944 6.90956 7.07683 5.81125 5.60305 5.13267 4.53458 6.29467 5.07105 5.48966 7.79855 6.56225 6.34375 7.1737
threshold=1.0000000180025095e-35 10.930705000000001 251.50000000000003 84.450000000000017 98520.758500000011 0 1 12.500000000000002 14.500000000000002 2 272.50000000000006 266.50000000000006 16.165595000000003 13.584251000000002
decision_type=2 2 2 2 2 9 9 2 2 9 2 2 2 2
left_child=6 2 -2 -3 5 -5 -1 -8 9 12 11 -11 13 -9
right_child=1 3 -4 4 -6 -7 7 8 -10 10 -12 -13 -14 -15
leaf_value=-0.10226138609936697 -2.6458942062464268 -1.9532023541575358 -0.51831721593380164 -0.4120463157802487 -0.86069541848650255 1.5736511802582662 1.6205319267644926 -0.39007006941549432 0.34363085110966607 0.15629739733381484 2.1990291979540189 -2.2233953647478746 0.056979560573445269 -2.0400690075964882
leaf_weight=1740 76 46 75 156 43 133 99 205 690 181 35 30 314 48
leaf_count=1740 76 46 75 156 43 133 99 205 690 181 35 30 314 48
internal_value=-0.000271248 -0.00391304 -0.00933775 -0.00174603 -0.000361446 0.00114187 0.000305206 0.00145161 0.000978044 -0.000627306 0.00304688 0.000995261 -0.0022357 -0.00581028
internal_weight=3871 529 151 378 332 289 3342 1602 1503 813 246 211 567 253
internal_count=3871 529 151 378 332 289 3342 1602 1503 813 246 211 567 253
cat_boundaries=0 1 2 3
cat_threshold=43009 36153 73860
is_linear=0
shrinkage=0.03


Tree=206
num_leaves=15
num_cat=2
split_feature=0 9 6 6 0 9 0 0 0 1 6 6 7 6
split_gain=10.8878 7.43794 10.76 8.81029 10.8016 8.26357 12.318 7.33315 8.60434 7.03649 7.12726 7.01456 7.0074 6.84658
threshold=5.061961000000001 0 118.50000000000001 105.50000000000001 9.4258725000000023 1 25.780628000000004 17.153512500000001 30.554211500000005 1.5000000000000002 170.50000000000003 172.50000000000003 224.50000000000003 164.50000000000003
decision_type=2 9 2 2 2 9 2 2 2 2 2 2 2 2
left_child=9 2 7 -3 12 6 11 -2 -9 10 -1 -6 -5 -7
right_child=1 3 -4 4 5 13 -8 8 -10 -11 -12 -13 -14 -15
leaf_value=0.2456188826693767 -1.4694805251401009 1.0841397075348913 0.0049059497654468489 -1.4456195942516228 -0.34854887261663631 0.22471802113958461 10.925626615384839 0.12028117010743698 -1.2352034395797864 -1.3652518884101055 -1.0392389929978025 1.6549877413213767 -0.21531942956351827 -0.37042489617120278
leaf_weight=73 114 192 1622 44 126 706 49 159 40 78 53 181 282 235
leaf_count=73 114 192 1622 44 126 706 49 159 40 78 53 181 282 235
internal_value=-1.51745e-05 0.000352 -0.000940874 0.00172603 0.00101664 0.00224364 0.00606557 -0.00603834 -0.00256281 -0.00676471 -0.00238095 0.00400651 -0.00386503 0.000725552
internal_weight=3954 3750 1935 1815 1623 1297 356 313 199 204 126 307 326 941
internal_count=3954 3750 1935 1815 1623 1297 356 313 199 204 126 307 326 941
cat_boundaries=0 1 2
cat_threshold=53001 224
is_linear=0
shrinkage=0.03


Tree=207
num_leaves=15
num_cat=0
split_feature=0 6 1 5 1 3 7 6 7 6 6 6 5 7
split_gain=4.95594 7.23546 9.69697 4.61955 4.61837 4.34286 3.9847 3.71335 3.61891 6.21495 5.01675 5.50538 3.4577 8.15398
threshold=5.061961000000001 171.50000000000003 1.5000000000000002 14.500000000000002 15.500000000000002 428.15550000000007 272.50000000000006 63.500000000000007 271.50000000000006 197.50000000000003 188.50000000000003 191.50000000000003 15.500000000000002 220.50000000000003
decision_type=2 2 2 2 2 2 2 2 2 2 2 2 2 2
left_child=1 2 3 -1 5 -2 -3 -7 12 10 -10 -12 -9 -14
right_child=4 6 -4 -5 -6 7 -8 8 9 -11 11 -13 13 -15
leaf_value=1.12361705851834 -1.1949505095853488 -0.46595533325163102 -0.368838447639456 -0.10724064701806128 -1.366476750490857 2.1571336823586647 -2.0724868726127181 -0.057496505090206255 0.21615745823608221 -0.46803657764745193 2.4300980664842813 0.82803342773981736 -0.69328067197467358 1.1042846673378586
leaf_weight=42 41 34 55 38 32 31 35 2534 378 78 31 62 143 362
leaf_count=42 41 34 55 38 32 31 35 2534 378 78 31 62 143 362
internal_value=-0.000154004 -0.00470588 -0.000666667 0.006 9.75081e-05 0.000196721 -0.0126087 0.000306715 0.000217391 0.00245902 0.00375796 0.01 -0.000187562 0.00207921
internal_weight=3896 204 135 80 3692 3660 69 3619 3588 549 471 93 3039 505
internal_count=3896 204 135 80 3692 3660 69 3619 3588 549 471 93 3039 505
is_linear=0
shrinkage=0.03


Tree=208
num_leaves=15
num_cat=2
split_feature=0 9 2 9 7 1 1 2 0 5 2 2 0 0
split_gain=12.3192 9.24106 8.74516 7.38055 11.6043 7.22092 7.20141 5.57605 5.36414 12.1152 8.38157 5.26284 5.08057 5.07992
threshold=19.369722000000007 0 43.500000000000007 1 187.50000000000003 2.5000000000000004 2.5000000000000004 94.500000000000014 14.392338500000003 14.500000000000002 269.05000000000007 185.50000000000003 25.780628000000004 17.104475000000004
decision_type=2 9 2 9 2 2 2 2 2 2 2 2 2 2
left_child=3 5 -3 8 -5 11 13 -4 10 -10 -1 12 -2 -6
right_child=1 2 7 4 6 -7 -8 -9 9 -11 -12 -13 -14 -15
leaf_value=-0.41461605152079756 1.1849788917813884 -1.6640894856594082 1.0403107052932545 -1.7003659748134372 0.030099143522263602 -0.87697177675453641 0.51979333153606599 0.028099586444252509 -1.3149123130988731 0.65760327759190884 -1.7395010540477278 5.0660152611408193 8.8128890094088774 -0.6318928465941348
leaf_weight=578 127 44 336 49 744 38 246 924 152 301 170 43 46 123
leaf_count=578 127 44 336 49 744 38 246 924 152 301 170 43 46 123
internal_value=-0.000145371 0.00192555 0.00086758 -0.00151079 0.000204778 0.00704545 0.00083558 0.00133333 -0.00314616 -0.000596026 -0.00473262 0.00944444 0.00710983 -0.000449827
internal_weight=3921 1558 1304 2363 1162 254 1113 1260 1201 453 748 216 173 867
internal_count=3921 1558 1304 2363 1162 254 1113 1260 1201 453 748 216 173 867
cat_boundaries=0 1 2
cat_threshold=1476 72869
is_linear=0
shrinkage=0.03


Tree=209
num_leaves=15
num_cat=4
split_feature=9 3 0 9 9 2 6 6 9 2 2 0 2 0
split_gain=8.05618 10.6297 6.26828 13.7772 7.28787 6.41744 6.04548 5.87755 5.37197 5.74447 5.09376 5.63333 5.05492 5.0348
threshold=0 8208.6670000000031 12.875887000000002 1 2 348.45000000000005 177.50000000000003 142.50000000000003 3 69.500000000000014 44.500000000000007 22.683956000000006 44.500000000000007 36.470135500000005
decision_type=9 2 2 9 9 2 2 2 9 2 2 2 2 2
left_child=1 -1 3 5 13 12 8 -7 9 -5 11 -6 -2 -4
right_child=2 -3 4 6 10 7 -8 -9 -10 -11 -12 -13 -14 -15
leaf_value=1.3702441762838315 0.60217372050731 -2.6951769114727924 -0.1218040871203766 -2.4094890214957911 0.23024571901216176 -2.6032999649358 0.79561048924390321 -0.64757870548420893 0.12464762432165116 -0.21117272261867243 0.48892261965281364 -3.1509750812972106 -0.49035435877034045 2.8338528434918224
leaf_weight=46 35 86 868 31 48 49 126 49 331 95 1578 32 557 31
leaf_count=46 35 86 868 31 48 49 126 49 331 95 1578 32 557 31
internal_value=-0.000166583 -0.0071831 9.375e-05 -0.00162608 0.000950332 -0.00445714 0.00177066 -0.0116327 0.000196937 -0.00485294 0.0021223 -0.00525 -0.00334459 -0.00122112
internal_weight=3962 132 3830 1273 2557 690 583 98 457 126 1658 80 592 899
internal_count=3962 132 3830 1273 2557 690 583 98 457 126 1658 80 592 899
cat_boundaries=0 1 2 3 4
cat_threshold=1 15460 103184 33032
is_linear=0
shrinkage=0.03


Tree=210
num_leaves=15
num_cat=2
split_feature=0 9 0 7 7 3 3 0 0 3 3 5 7 9
split_gain=7.10032 4.91922 9.62273 10.7595 4.39061 8.56806 4.31163 4.31019 4.21505 3.27984 7.90889 5.79829 5.09934 4.67592
threshold=2.3840500000000007 0 21.684185000000003 229.50000000000003 235.50000000000003 10363.844500000001 35812.794000000002 11.753878000000002 19.719260500000001 5298.148000000001 5497.295000000001 16.500000000000004 285.50000000000006 1
decision_type=2 9 2 2 2 2 2 2 2 2 2 2 2 9
left_child=-1 2 4 -4 7 -6 -7 -2 -9 12 -11 13 -3 -12
right_child=1 9 3 -5 5 6 -8 8 -10 10 11 -13 -14 -15
leaf_value=-3.4884167205458207 -0.88298895269783195 -0.28176872576566891 9.0007687533122365 -1.241557877684677 -0.86375497698612147 1.0131167297916546 -0.98593063641407064 -3.3470922745569101 -0.76610891026900163 2.1617475487889397 -0.11290346780653862 2.0324944707942039 0.99903251576645857 0.12674443848199871
leaf_weight=31 41 995 57 56 58 47 31 62 31 33 635 45 63 1705
leaf_count=31 41 995 57 56 58 47 31 62 31 33 635 45 63 1705
internal_value=-0.000215938 -0.000101062 -0.00328244 0.0039823 -0.00644444 -0.00264706 0.00384615 -0.0102985 -0.013871 0.000258176 0.000868486 0.000666667 -0.00113422 0.000461538
internal_weight=3890 3859 383 113 270 136 78 134 93 3476 2418 2385 1058 2340
internal_count=3890 3859 383 113 270 136 78 134 93 3476 2418 2385 1058 2340
cat_boundaries=0 1 2
cat_threshold=1281 70192
is_linear=0
shrinkage=0.03


Tree=211
num_leaves=15
num_cat=0
split_feature=0 4 0 3 7 0 2 7 8 0 0 0 3 8
split_gain=7.43322 4.41408 6.84005 4.43504 6.97938 9.33598 7.82682 7.5884 5.90908 5.74778 6.48543 7.33968 5.66411 6.19954
threshold=40.576350500000011 1.0000000180025095e-35 4.7017295000000008 9896.6910000000007 212.50000000000003 29.928446500000003 127.60000000000001 195.50000000000003 2.5000000000000004 22.205218000000006 14.957541000000001 8.5029650000000014 13257.596500000001 1.5000000000000002
decision_type=2 2 2 2 2 2 2 2 2 2 2 2 2 2
left_child=1 3 -3 4 5 -1 -6 -7 -8 10 11 -10 13 -5
right_child=-2 2 -4 12 6 7 8 -9 9 -11 -12 -13 -14 -15
leaf_value=-0.93510449518800554 6.5714811390604515 -1.5804630977744909 -0.30452216749945821 -0.34953935501425687 0.20471756354980014 2.9897359989517711 -0.95545281335725341 -0.61923581885420165 0.81528412510166615 -0.88192900017518694 1.3395321972618466 -1.5996588529105793 0.055239041700498315 1.3675368722434125
leaf_weight=288 31 31 498 54 831 38 213 44 45 72 105 81 1382 182
leaf_count=288 31 31 498 54 831 38 213 44 45 72 105 81 1382 182
internal_value=-0.000115533 -0.000232919 -0.00277883 0.000170915 -0.000891089 -0.00454054 0.000111359 0.00439024 -0.0027907 -9.90099e-05 0.00220779 -0.00238095 0.0012979 0.00559322
internal_weight=3895 3864 529 3335 1717 370 1347 82 516 303 231 126 1618 236
internal_count=3895 3864 529 3335 1717 370 1347 82 516 303 231 126 1618 236
is_linear=0
shrinkage=0.03


Tree=212
num_leaves=15
num_cat=3
split_feature=0 9 7 9 0 5 6 0 7 6 7 1 6 9
split_gain=6.71024 15.4112 10.2144 8.35726 7.93312 8.39737 10.886 6.93731 9.79536 6.41943 9.91428 7.92806 5.80731 5.97062
threshold=16.080482000000003 0 261.50000000000006 1 5.8645015000000003 16.500000000000004 136.50000000000003 10.645309000000001 262.50000000000006 111.50000000000001 213.50000000000003 1.5000000000000002 132.50000000000003 2
decision_type=2 9 2 9 2 2 2 2 2 2 2 2 2 9
left_child=1 4 -3 9 -1 6 -6 -8 -9 10 11 -2 -4 -14
right_child=3 2 12 -5 5 -7 7 8 -10 -11 -12 -13 13 -15
leaf_value=-1.8983445517187703 1.6113214182356137 -0.1321980157239136 0.78741438146202536 0.44055604528328329 -1.6633494121899592 2.5898031792921392 -1.0347512319059113 -0.21443558369375523 1.9683377473605945 -0.037998349198173853 -2.7509801774038714 -1.3140734929671181 -0.11115172662692885 0.97365401928311934
leaf_weight=77 34 853 58 1239 131 38 152 159 65 745 38 33 147 147
leaf_count=77 34 853 58 1239 131 38 152 159 65 745 38 33 147 147
internal_value=-0.000199183 -0.00152709 0.000469136 0.000962183 -0.00531646 -0.00412844 -0.00514793 -0.00255319 0.000803571 -0.00132558 -0.00828571 -0.00134328 0.00477273 0.00306122
internal_weight=3916 1827 1205 2089 622 545 507 376 224 850 105 67 352 294
internal_count=3916 1827 1205 2089 622 545 507 376 224 850 105 67 352 294
cat_boundaries=0 1 2 3
cat_threshold=6241 98825 8836
is_linear=0
shrinkage=0.03


Tree=213
num_leaves=15
num_cat=3
split_feature=9 0 7 7 0 9 6 7 2 9 3 0 0 3
split_gain=7.20013 10.2028 7.81161 6.54194 5.83305 7.66771 12.4273 8.09886 7.91538 7.1037 6.86492 5.45336 10.4752 4.74225
threshold=0 21.995953000000004 294.50000000000006 239.50000000000003 19.964788000000002 1 105.50000000000001 235.50000000000003 110.05000000000001 2 16183.876000000002 25.780628000000004 22.950258000000002 37004.689500000008
decision_type=9 2 2 2 2 9 2 2 2 9 2 2 2 2
left_child=1 -1 4 -3 -2 6 -6 10 -9 13 -8 12 -11 -7
right_child=2 3 -4 -5 5 9 7 8 -10 11 -12 -13 -14 -15
leaf_value=-2.6137332543765681 -0.044032913332655424 7.2446812270691607 -0.77845269117700122 -2.4419871097248405 -1.7966750902858166 0.094784682771314688 0.00012118973682845535 0.9731443861384127 -1.0238402013928884 3.2169783013032882 2.7906655138534324 10.457443790267575 -0.82693436371854878 1.5661283455425246
leaf_weight=77 2337 30 64 32 46 760 83 40 65 93 41 53 70 128
leaf_count=77 2337 30 64 32 46 760 83 40 65 93 41 53 70 128
internal_value=-0.000176065 -0.0066443 7.91557e-05 0.00193548 0.000258342 0.00180566 -0.00263158 0.000131004 -0.006 0.00290844 0.00532258 0.00769912 0.00533742 0.00167038
internal_weight=3919 139 3780 62 3716 1379 275 229 105 1104 124 216 163 888
internal_count=3919 139 3780 62 3716 1379 275 229 105 1104 124 216 163 888
cat_boundaries=0 1 2 3
cat_threshold=1 40960 71752
is_linear=0
shrinkage=0.03


Tree=214
num_leaves=15
num_cat=2
split_feature=4 9 6 7 7 7 9 3 6 7 7 6 3 6
split_gain=5.78937 5.76155 6.76258 5.48984 4.44469 4.30854 4.18344 8.69117 6.43313 9.03606 6.80183 5.30179 4.94099 6.26348
threshold=1.0000000180025095e-35 0 170.50000000000003 198.50000000000003 215.50000000000003 271.50000000000006 1 58272.344000000005 114.50000000000001 226.50000000000003 275.50000000000006 93.500000000000014 5395.344000000001 177.50000000000003
decision_type=2 9 2 2 2 2 9 2 2 2 2 2 2 2
left_child=6 2 -2 -3 -5 -6 7 8 11 -10 12 -1 13 -11
right_child=1 3 -4 4 5 -7 -8 -9 9 10 -12 -13 -14 -15
leaf_value=-0.13230547128217496 -0.55487400962527433 -1.5373080961734513 -1.4221562459540438 2.0695252458537698 -0.39790176684954243 1.7069383883650631 0.087795848997587883 -2.5353212567452736 3.2348625845368724 -2.0891465817809851 1.1174083794255103 -2.30531699087192 -0.020947698754846443 0.2915700830713433
leaf_weight=45 218 44 39 31 168 45 2782 35 80 75 62 48 202 40
leaf_count=45 218 44 39 31 168 45 2782 35 80 75 62 48 202 40
internal_value=6.13183e-05 -0.00280734 -0.00595506 0.000201342 0.00196721 0.000422535 0.000525378 -0.00175879 -0.000869565 0.000588235 -0.00134565 -0.00806452 -0.00312303 -0.00808696
internal_weight=3914 545 257 288 244 213 3369 587 552 459 379 93 317 115
internal_count=3914 545 257 288 244 213 3369 587 552 459 379 93 317 115
cat_boundaries=0 1 2
cat_threshold=6693 33089
is_linear=0
shrinkage=0.03


Tree=215
num_leaves=15
num_cat=3
split_feature=9 6 6 6 5 2 9 4 6 3 9 7 2 6
split_gain=9.195 8.35628 7.64358 7.06346 3.88185 6.47597 6.27492 4.9923 4.91044 5.90896 4.505 4.49992 4.78763 4.33742
threshold=0 128.50000000000003 114.50000000000001 93.500000000000014 14.500000000000002 428.40000000000003 1 1.0000000180025095e-35 183.50000000000003 9151.845000000003 2 219.50000000000003 97.500000000000014 159.50000000000003
decision_type=9 2 2 2 2 2 9 2 2 2 9 2 2 2
left_child=2 -2 3 -1 5 6 -3 8 10 -10 -8 -12 13 -13
right_child=1 4 -4 -5 -6 -7 7 -9 9 -11 11 12 -14 -15
leaf_value=-0.34686735136061542 0.41002124696378356 -0.90921439251461833 -0.10793432404756061 -1.4140306715570614 0.20959483368126711 1.3066616084688496 -0.26893037059031027 -1.5229853644015587 -2.2605451925325131 0.20131454417238956 -0.65689536070259913 1.4426797418445618 0.11640186613941693 0.74240589386120626
leaf_weight=119 496 116 1992 151 469 56 186 55 37 36 43 34 126 60
leaf_count=119 496 116 1992 151 469 56 186 55 37 36 43 34 126 60
internal_value=-0.000226358 0.00142691 -0.00147887 -0.00622222 9.85222e-05 -0.00124166 -0.00203463 -0.000664395 0.000229885 -0.0069863 0.00140312 0.00384615 0.00572727 0.0108511
internal_weight=3976 1714 2262 270 1218 749 693 577 522 73 449 263 220 94
internal_count=3976 1714 2262 270 1218 749 693 577 522 73 449 263 220 94
cat_boundaries=0 1 2 3
cat_threshold=40265 8192 65568
is_linear=0
shrinkage=0.03


Tree=216
num_leaves=15
num_cat=3
split_feature=0 9 0 7 0 5 0 9 5 0 9 0 0 3
split_gain=6.37313 8.17524 5.49536 5.16659 8.41817 8.27562 9.14947 8.8923 18.3915 14.7114 7.77777 12.6804 8.81265 7.98915
threshold=38.074008000000006 0 5.7379890000000007 219.50000000000003 20.533569000000004 11.500000000000002 11.849862500000002 1 13.500000000000002 25.780628000000004 2 9.7689590000000024 8.6741905000000017 3020.9970000000003
decision_type=2 9 2 2 2 2 2 9 2 2 9 2 2 2
left_child=1 2 -1 4 -3 -5 10 -8 -9 -10 11 13 -12 -7
right_child=-2 3 -4 5 -6 6 7 8 9 -11 12 -13 -14 -15
leaf_value=-0.97517493372886743 2.3327840193698282 -1.0163183679306167 -0.10368961119978962 -1.129566093239655 2.0319295952406446 -2.5911877179747131 2.6775441018331092 -1.8782674567287971 0.49466428184046662 6.5351408888957483 0.94135175166975615 0.46299140605861222 -0.27529581431744987 -1.0309727856548523
leaf_weight=93 59 237 1930 88 181 32 163 154 369 39 197 56 158 126
leaf_count=93 59 237 1930 88 181 32 163 154 369 39 197 56 158 126
internal_value=-0.000123648 -0.000274653 -0.00157895 0.00119337 -0.00172249 0.00208394 0.00268934 0.00492414 0.00293706 0.00632353 -0.000158172 -0.00455357 0.00254795 -0.00911392
internal_weight=3882 3823 2023 1800 418 1382 1294 725 562 408 569 214 355 158
internal_count=3882 3823 2023 1800 418 1382 1294 725 562 408 569 214 355 158
cat_boundaries=0 1 2 3
cat_threshold=122369 44 232
is_linear=0
shrinkage=0.03


Tree=217
num_leaves=15
num_cat=4
split_feature=0 9 9 5 0 0 5 8 2 3 5 9 5 9
split_gain=7.02284 8.78524 8.75293 5.95857 8.16253 6.56364 5.90421 5.73239 7.77855 6.65903 7.99449 5.81936 5.71639 8.84102
threshold=20.077881000000001 0 1 15.500000000000002 23.925869500000005 21.018669500000005 15.500000000000002 1.5000000000000002 114.45000000000002 28361.834000000006 12.500000000000002 2 14.500000000000002 3
decision_type=2 9 9 2 2 2 2 2 2 2 2 9 2 9
left_child=1 6 3 7 5 -5 -1 9 -9 10 -2 -10 13 -3
right_child=2 12 -4 4 -6 -7 -8 8 11 -11 -12 -13 -14 -15
leaf_value=-0.29554114646593005 -2.9580828153126615 -0.80181153379419123 1.8371186491938942 2.1864060926108979 -1.7943905637229363 7.6720889449266467 -1.3033086039118671 0.29142076540779044 0.094890444178481623 4.0079267450143785 0.84025090015482873 -1.0996280498344322 0.15864819324251697 -0.0023274701957075195
leaf_weight=294 54 281 297 36 35 30 60 324 151 53 184 311 1126 662
leaf_count=294 54 281 297 36 35 30 60 324 151 53 184 311 1126 662
internal_value=1.53925e-05 -0.000978126 0.00164746 0.000454545 0.00742574 0.0136364 -0.00527473 -0.000194986 -0.00152672 0.00340206 0.0012605 -0.00402597 -0.00021645 -0.00194062
internal_weight=3898 2423 1475 1178 101 66 354 1077 786 291 238 462 2069 943
internal_count=3898 2423 1475 1178 101 66 354 1077 786 291 238 462 2069 943
cat_boundaries=0 1 2 3 4
cat_threshold=1665 108617 65544 112640
is_linear=0
shrinkage=0.03


Tree=218
num_leaves=15
num_cat=3
split_feature=0 6 9 0 0 9 6 3 3 3 7 0 9 7
split_gain=5.48706 10.0214 5.26941 8.57264 9.79994 12.0975 8.3047 6.92909 6.45476 8.01235 6.87689 5.33322 5.22885 6.65817
threshold=38.074008000000006 152.50000000000003 0 9.8219325000000008 22.534478000000004 1 172.50000000000003 29798.342000000004 3883.8870000000006 4491.1425000000008 199.50000000000003 3.0705205000000002 2 238.50000000000003
decision_type=2 2 9 2 2 9 2 2 2 2 2 2 9 2
left_child=2 -2 3 7 5 -5 -6 12 -7 -10 -11 -4 13 -1
right_child=1 -3 11 4 6 8 -8 -9 9 10 -12 -13 -14 -15
leaf_value=-0.88395187309195877 -0.62684440222241167 6.3590894516441674 -1.7481565658091129 -1.2468323517584519 -0.29918429661439405 -0.29793335219694428 -2.1924648617459068 -1.5310842230528101 4.158359832884198 -1.077054416154142 0.80854146713065689 0.046066659920247728 -0.89831821817714741 0.94025239503287306
leaf_weight=65 30 31 35 160 553 234 109 61 35 44 534 1807 158 62
leaf_count=65 30 31 35 160 553 234 109 61 35 44 534 1807 158 62
internal_value=-0.000566616 0.00836066 -0.000707804 -0.00176296 -0.000880767 0.000983118 -0.00371601 -0.00606936 0.0024154 0.00406199 0.00321799 0.000453564 -0.00410526 0.000656934
internal_weight=3918 61 3857 2015 1669 1007 662 346 847 613 578 1842 285 127
internal_count=3918 61 3857 2015 1669 1007 662 346 847 613 578 1842 285 127
cat_boundaries=0 1 2 3
cat_threshold=68969 257 66824
is_linear=0
shrinkage=0.03


Tree=219
num_leaves=15
num_cat=5
split_feature=0 9 9 5 6 0 9 6 3 3 9 0 5 9
split_gain=8.25258 12.0912 7.33487 10.8896 14.4951 13.6238 9.12838 7.42864 6.10224 5.95191 5.21555 5.6253 12.3678 4.85994
threshold=5.8645015000000003 0 1 14.500000000000002 116.50000000000001 24.359451500000002 2 156.50000000000003 1085.865 79683.272000000012 3 16.080482000000003 13.500000000000002 4
decision_type=2 9 9 2 2 2 9 2 2 2 9 2 2 9
left_child=1 -1 3 5 9 6 -2 10 -4 13 11 -8 -13 -5
right_child=2 -3 8 4 -6 -7 7 -9 -10 -11 -12 12 -14 -15
leaf_value=-1.3117784413336493 0.16562439258097128 0.07542822824395444 2.4995786407578269 0.79148300162904661 0.30491533929879094 0.35379546977563675 -0.85626204935216488 -2.1352851943425413 0.1557551823430299 -2.1385025817718768 -1.5869677488310754 -1.9387467299213323 2.6755274194786081 -1.1228958506246818
leaf_weight=118 103 177 59 101 1254 311 74 136 1222 30 129 38 39 135
leaf_count=118 103 177 59 101 1254 311 74 136 1222 30 129 38 39 135
internal_value=4.58482e-05 -0.00477966 0.000437896 -0.000559322 0.000947368 -0.0033253 -0.00630058 -0.00816901 0.00225407 -0.00541353 -0.00557143 -0.00130435 0.00428571 -0.00381356
internal_weight=3926 295 3631 2350 1520 830 519 416 1281 266 280 151 77 236
internal_count=3926 295 3631 2350 1520 830 519 416 1281 266 280 151 77 236
cat_boundaries=0 1 2 3 4 5
cat_threshold=35044 113921 38144 73728 12288
is_linear=0
shrinkage=0.03


Tree=220
num_leaves=15
num_cat=0
split_feature=5 4 2 4 6 2 6 8 2 2 7 2 2 6
split_gain=4.90476 4.98916 7.27616 5.72809 7.17212 6.12084 3.9388 6.99035 7.76992 5.11654 3.76161 3.7198 5.36883 9.47054
threshold=16.500000000000004 10.500000000000002 944.40000000000009 1.0000000180025095e-35 99.500000000000014 589.50000000000011 145.50000000000003 1.5000000000000002 107.05000000000001 135.10000000000002 258.50000000000006 48.500000000000007 119.05000000000001 172.50000000000003
decision_type=2 2 2 2 2 2 2 2 2 2 2 2 2 2
left_child=1 2 3 5 -5 11 9 -8 -9 -6 -2 -1 -13 -14
right_child=10 -3 -4 4 6 -7 7 8 -10 -11 -12 12 13 -15
leaf_value=-0.57073896655407452 2.7594485304877208 1.3958675880106972 -0.95034548163813037 0.64653175373068728 -3.1284974108074253 0.99273188690561476 -1.1926135971066947 1.4649539884073988 -0.44515318426416339 -0.83495601329320834 0.0096756120348896954 0.20203725391691135 -0.18400057295728969 0.53156386350096563
leaf_weight=223 38 30 64 57 42 104 109 54 98 125 30 1287 1389 278
leaf_count=223 38 30 64 57 42 104 109 54 98 125 30 1287 1389 278
internal_value=-4.58248e-05 -0.000186528 -0.000281984 -0.000111524 -0.00315464 0.000338311 -0.00448598 -0.00218391 0.00197368 -0.00808383 0.00794118 0.000103872 0.000385917 -0.000737852
internal_weight=3928 3860 3830 3766 485 3281 428 261 152 167 68 3177 2954 1667
internal_count=3928 3860 3830 3766 485 3281 428 261 152 167 68 3177 2954 1667
is_linear=0
shrinkage=0.03


Tree=221
num_leaves=15
num_cat=3
split_feature=9 0 2 9 0 0 3 0 0 9 0 1 5 0
split_gain=8.34098 6.43269 5.52851 4.69205 9.46746 7.05128 4.47727 4.1495 3.81878 9.79976 8.69151 6.07725 4.48855 14.0628
threshold=0 14.478176500000002 323.05000000000007 1 19.369722000000007 17.402347000000002 8208.6670000000031 15.458598500000003 27.253774000000003 2 28.515407500000006 4.5000000000000009 15.500000000000002 12.772709500000001
decision_type=9 2 2 9 2 2 2 2 2 9 2 2 2 2
left_child=1 2 -1 5 -5 7 -6 -3 11 -10 -11 12 -2 -14
right_child=8 3 -4 4 6 -7 -8 -9 9 10 -12 -13 13 -15
leaf_value=-0.6708062432357178 -0.072574217519363632 -0.12356010871267926 -3.2751339398575099 -2.1176039880940287 2.4426461978222309 -0.10191431656685836 -1.8149986993279161 6.2277666073613203 4.2592459448065254 2.0871875953241239 -0.20669758753735776 0.89230787991435023 -1.0526405945131352 2.1210211167764488
leaf_weight=197 2075 33 41 52 46 391 71 64 142 44 244 162 151 228
leaf_count=197 2075 33 41 52 46 391 71 64 142 44 244 162 151 228
internal_value=-2.28368e-05 -0.00255249 -0.00680672 -0.00105023 -0.00519553 0.000481928 -0.000769231 0.00773196 0.00072644 0.00334884 0 0.000298165 -7.33496e-05 0.00292876
internal_weight=3941 895 238 657 169 488 117 97 3046 430 288 2616 2454 379
internal_count=3941 895 238 657 169 488 117 97 3046 430 288 2616 2454 379
cat_boundaries=0 1 2 3
cat_threshold=5129 4104 2176
is_linear=0
shrinkage=0.03


Tree=222
num_leaves=15
num_cat=3
split_feature=9 0 7 7 0 9 6 0 5 9 0 5 0 2
split_gain=5.40531 13.0019 4.15088 4.08281 7.1497 10.2735 7.00378 6.30138 5.47957 5.27814 8.26408 5.48373 4.79342 4.37838
threshold=0 23.092631500000003 238.50000000000003 217.50000000000003 27.602044000000003 1 153.50000000000003 38.074008000000006 11.500000000000002 2 5.9831435000000015 15.500000000000002 16.518237000000003 114.45000000000002
decision_type=9 2 2 2 2 9 2 2 2 9 2 2 2 2
left_child=1 2 -1 4 5 12 -6 8 -5 10 11 -10 -2 -14
right_child=3 -3 -4 7 6 -7 -8 -9 9 -11 -12 -13 13 -15
leaf_value=-5.0260223319709603 -1.3122702719722747 2.0456321676945355 -1.2800977116647994 -0.96410131083170314 0.96735929515492214 -0.1154694565971397 -1.7984575217785823 3.2798681994912022 -1.2188273088495203 0.31199748868147253 0.058150096194356134 0.085348646620111587 -2.3182046159172476 -2.2164311043056841
leaf_weight=42 30 52 38 78 256 606 31 31 80 941 1575 51 37 37
leaf_count=42 30 52 38 78 256 606 31 31 80 941 1575 51 37 37
internal_value=0.000254826 -0.00549296 -0.0135 0.000470369 -0.00117352 -0.00278873 0.0028223 0.00106676 0.000913761 0.00114469 0.00013986 -0.00709924 -0.0110526 -0.0162162
internal_weight=3885 132 80 3753 997 710 287 2756 2725 2647 1706 131 104 74
internal_count=3885 132 80 3753 997 710 287 2756 2725 2647 1706 131 104 74
cat_boundaries=0 1 2 3
cat_threshold=1 33800 48224
is_linear=0
shrinkage=0.03


Tree=223
num_leaves=15
num_cat=2
split_feature=0 9 3 9 0 6 6 6 6 7 6 0 7 3
split_gain=4.72516 18.5466 9.59495 6.831 20.0391 8.73327 8.30944 8.57895 8.78003 6.98679 7.27974 5.96616 5.58338 5.122
threshold=5.8645015000000003 0 29255.844000000001 1 25.780628000000004 105.50000000000001 199.50000000000003 177.50000000000003 180.50000000000003 270.50000000000006 151.50000000000003 11.347125000000002 241.50000000000003 30609.158000000007
decision_type=2 9 2 9 2 2 2 2 2 2 2 2 2 2
left_child=1 -1 -3 4 5 -2 7 -5 -9 10 13 -11 -12 -7
right_child=3 2 -4 6 -6 9 -8 8 -10 11 12 -13 -14 -15
leaf_value=-1.5142151671272268 0.83747366560698078 -0.052009082825455834 1.9626883138686673 -0.09873204927612278 9.996556186936628 -0.75074716277622877 -1.8634335564222198 2.3643151363598212 0.23196283681467775 -0.22526100862734666 1.2620324702969525 1.7051612879636195 -0.20368076240942853 -1.6087288629845375
leaf_weight=103 90 158 32 2595 45 111 36 67 232 69 82 89 191 31
leaf_count=103 90 158 32 2595 45 111 36 67 232 69 82 89 191 31
internal_value=-0.000328161 -0.00399317 0.0018 -3.29852e-05 0.00259053 0.00131222 -0.000673469 -0.000497581 0.00431438 -5.2356e-05 -0.00209639 0.00531646 0.000769231 -0.00760563
internal_weight=3931 293 190 3638 708 663 2930 2894 299 573 415 158 273 142
internal_count=3931 293 190 3638 708 663 2930 2894 299 573 415 158 273 142
cat_boundaries=0 1 2
cat_threshold=34916 244
is_linear=0
shrinkage=0.03


Tree=224
num_leaves=15
num_cat=2
split_feature=8 6 6 9 9 5 3 0 0 2 4 0 3 2
split_gain=4.02558 5.95239 4.95914 16.1307 7.70527 10.2381 9.9555 10.1891 7.94026 8.63755 7.00265 6.93661 6.66548 6.06763
threshold=1.5000000000000002 203.50000000000003 174.50000000000003 0 1 15.500000000000002 3574.8060000000005 12.772709500000001 22.125774500000002 56.500000000000007 1.0000000180025095e-35 9.970361500000001 862.85400000000016 212.05000000000004
decision_type=2 2 2 9 9 2 2 2 2 2 2 2 2 2
left_child=-1 2 4 11 5 10 -7 -8 9 -6 12 -4 -2 -9
right_child=1 -3 3 -5 8 6 7 13 -10 -11 -12 -13 -14 -15
leaf_value=-0.17295799910508095 -2.3096720064264082 -2.202831186102038 -1.3558721566137535 1.4380972023845435 1.2456932814700468 -2.3352090728033179 -0.31281453923638536 3.786304211111152 6.5418916647970899 0.022580246914894814 -1.4312290027128665 0.014505277253065286 -0.10811114514248971 2.9891339066801299
leaf_weight=1100 43 36 69 292 48 55 67 74 73 615 109 153 1088 60
leaf_count=1100 43 36 69 292 48 55 67 74 73 615 109 153 1088 60
internal_value=-0.00015456 0.000452912 0.000611799 0.00326848 0 -0.00123506 0.00421875 0.00731343 0.0024933 0.00149321 -0.00237097 -0.00284483 -0.00167109 0.0120896
internal_weight=3882 2782 2746 514 2232 1496 256 201 736 663 1240 222 1131 134
internal_count=3882 2782 2746 514 2232 1496 256 201 736 663 1240 222 1131 134
cat_boundaries=0 1 2
cat_threshold=7844 108873
is_linear=0
shrinkage=0.03


Tree=225
num_leaves=15
num_cat=2
split_feature=9 5 0 6 0 6 8 3 1 8 9 3 0 3
split_gain=8.78866 6.87864 6.72784 11.0387 7.2375 6.2631 4.86024 5.77959 5.67747 5.30273 9.02288 6.10766 6.18863 7.37346
threshold=0 13.500000000000002 9.4258725000000023 177.50000000000003 21.995953000000004 172.50000000000003 1.5000000000000002 24271.930000000004 1.5000000000000002 1.0000000180025095e-35 1 7812.0905000000012 23.092631500000003 5298.148000000001
decision_type=9 2 2 2 2 2 2 2 2 2 9 2 2 2
left_child=1 5 -3 4 -4 -1 7 9 -9 11 -11 12 13 -2
right_child=6 2 3 -5 -6 -7 -8 8 -10 10 -12 -13 -14 -15
leaf_value=-4.2475503917113153 -0.13026660909499924 -1.089050037277268 -3.0696028181776023 2.1163861993966973 1.6589611689419017 -3.6682845876840804 0.15623451801780333 -0.50031823563963373 0.66452302002468 0.029095331844382597 -1.2822603433822097 -0.60070287457350779 2.9123460563973 0.7083532057907973
leaf_weight=32 85 54 57 63 44 46 2612 65 214 211 222 128 45 37
leaf_count=32 85 54 57 63 44 46 2612 65 214 211 222 128 45 37
internal_value=0.000375479 -0.0045098 -0.00192661 0.00109756 -0.0050495 -0.0123077 0.00078534 -0.000983118 0.00268817 -0.00239011 -0.00450346 0.000711864 0.00449102 0.000983607
internal_weight=3915 296 218 164 101 78 3619 1007 279 728 433 295 167 122
internal_count=3915 296 218 164 101 78 3619 1007 279 728 433 295 167 122
cat_boundaries=0 1 2
cat_threshold=65 107424
is_linear=0
shrinkage=0.03


Tree=226
num_leaves=15
num_cat=2
split_feature=9 0 7 3 6 4 9 0 7 0 6 6 7 0
split_gain=5.60448 5.35398 5.84833 5.01801 10.553 4.93214 6.51573 12.659 8.84736 5.55304 5.11865 4.98405 5.45455 8.04718
threshold=0 22.416252500000002 239.50000000000003 661.22350000000017 150.50000000000003 1.0000000180025095e-35 1 10.364357000000002 198.50000000000003 24.516082500000003 115.50000000000001 127.50000000000001 263.50000000000006 16.597970000000004
decision_type=9 2 2 2 2 2 9 2 2 2 2 2 2 2
left_child=1 -1 -3 4 -2 -5 7 -7 -8 10 -10 -9 13 -13
right_child=3 2 -4 5 -6 6 8 11 9 -11 -12 12 -14 -15
leaf_value=-0.39843845484207119 -2.205126173884139 8.3808859194774925 -2.2153095434930092 0.080064384520808288 0.4443575561819364 -2.6039130176903464 -1.212489092981168 1.6999224315531387 0.27054395898612027 4.9197636289931275 -0.32991531866244828 -1.6833737962700819 1.5270949026090193 -0.25947438013035251
leaf_weight=196 40 31 30 3078 41 56 34 44 36 33 111 47 33 85
leaf_count=196 40 31 30 3078 41 56 34 44 36 33 111 47 33 85
internal_value=3.85109e-05 -0.0041573 0.00344262 0.000345395 -0.00703704 0.000514478 -0.00231733 -0.00534545 0.00160714 0.00433333 0.00183673 -0.00215311 -0.00454545 -0.00727273
internal_weight=3895 257 61 3638 81 3557 479 265 214 180 147 209 165 132
internal_count=3895 257 61 3638 81 3557 479 265 214 180 147 209 165 132
cat_boundaries=0 1 2
cat_threshold=513 6340
is_linear=0
shrinkage=0.03


Tree=227
num_leaves=15
num_cat=3
split_feature=0 9 7 0 3 0 7 9 0 0 0 9 0 0
split_gain=6.25295 5.73206 6.88913 6.71225 5.80652 5.09599 4.93811 7.77949 8.57125 11.3895 7.17515 6.33852 9.92236 5.78002
threshold=24.891315000000002 0 252.50000000000003 28.515407500000006 24212.465000000004 27.113121000000003 216.50000000000003 1 19.599459500000005 8.7631720000000026 22.298487500000004 2 11.174585000000002 6.4608920000000003
decision_type=2 9 2 2 2 2 2 9 2 2 2 9 2 2
left_child=6 2 5 4 -3 -2 11 8 9 13 -10 12 -1 -8
right_child=1 3 -4 -5 -6 -7 7 -9 10 -11 -12 -13 -14 -15
leaf_value=-1.2113105208468027 0.83887746009470898 1.6972771040162478 -1.3495142484342204 -0.074962193123114959 -0.38291449572061537 4.1146658352993883 0.22911634997013947 -0.060314230262014233 5.7025057231628553 -0.082593336126988104 0.69002615163903325 -0.82967502776304625 1.1786659107672495 1.8980604693444683
leaf_weight=59 56 129 34 405 49 111 74 1924 30 361 43 385 179 66
leaf_count=59 56 129 34 405 49 111 74 1924 30 361 43 385 179 66
internal_value=5.37772e-05 0.00244898 0.00668246 0.000860034 0.00573034 0.00952096 -0.000547901 4.80384e-05 0.00308219 0.00173653 0.0127397 -0.0029374 0.000967742 0.009
internal_weight=3905 784 201 583 178 167 3121 2498 574 501 73 623 238 140
internal_count=3905 784 201 583 178 167 3121 2498 574 501 73 623 238 140
cat_boundaries=0 1 2 3
cat_threshold=2176 17692 78468
is_linear=0
shrinkage=0.03


Tree=228
num_leaves=15
num_cat=0
split_feature=4 6 8 2 2 2 2 1 0 8 6 6 7 2
split_gain=4.22027 5.71821 5.23669 4.56701 7.41202 6.91909 5.43387 6.01791 4.39344 4.79587 4.71737 8.02041 13.3719 5.10278
threshold=1.0000000180025095e-35 199.50000000000003 2.5000000000000004 1012.6000000000001 589.50000000000011 490.15000000000003 428.40000000000003 2.5000000000000004 10.645309000000001 2.5000000000000004 145.50000000000003 126.50000000000001 203.50000000000003 267.50000000000006
decision_type=2 2 2 2 2 2 2 2 2 2 2 2 2 2
left_child=1 3 -3 4 5 6 -1 -8 9 -2 11 12 -10 -12
right_child=8 2 -4 -5 -6 -7 7 -9 10 -11 13 -13 -14 -15
leaf_value=0.070647669991633397 -1.556837698803476 0.034819758019033885 -1.7413952377285205 -0.75605946130273305 1.2742353601716832 -0.89862028497379243 -0.1270873138358172 3.0660021265688693 -1.2325658744734573 -0.075546601875407751 1.5635292531837195 -1.4269192838367473 1.6792058844662279 -0.34368452929886417
leaf_weight=3019 86 32 45 38 112 86 32 35 41 58 135 82 74 59
leaf_count=3019 86 32 45 38 112 86 32 35 41 58 135 82 74 59
internal_value=0.000289781 0.000679612 -0.0074026 0.000866948 0.000986602 0.000718789 0.00095269 0.00940299 -0.00218692 -0.00666667 -0.000537084 -0.00380711 0.00130435 0.00278351
internal_weight=3934 3399 77 3322 3284 3172 3086 67 535 144 391 197 115 194
internal_count=3934 3399 77 3322 3284 3172 3086 67 535 144 391 197 115 194
is_linear=0
shrinkage=0.03


Tree=229
num_leaves=15
num_cat=4
split_feature=9 0 3 5 2 2 1 5 9 7 8 9 0 9
split_gain=10.0569 3.92273 3.95505 10.0147 4.62342 9.01245 4.66259 3.95394 8.51666 6.80064 4.49867 4.37265 5.45341 10.3842
threshold=0 2.3840500000000007 93444.353500000012 14.500000000000002 589.50000000000011 482.65000000000003 4.5000000000000009 14.500000000000002 1 231.50000000000003 1.5000000000000002 2 25.124023500000003 3
decision_type=9 2 2 2 2 2 2 2 9 2 2 9 2 9
left_child=-1 -2 4 -4 5 6 7 8 9 -3 -11 -10 13 -13
right_child=1 2 3 -5 -6 -7 -8 -9 11 10 -12 12 -14 -15
leaf_value=-0.45292465465392751 -1.9782769587307347 -1.7827762608906117 0.59346496279400751 -0.5633548915418396 0.8652689288598765 -1.1504058191224067 1.4000960894754815 0.20007404976868884 -0.07047610637543357 0.060971500077123437 -0.84304379196144508 -0.80851569151434888 2.8204142757772934 0.47133665080101195
leaf_weight=343 33 48 64 88 124 98 74 1471 904 45 115 126 85 282
leaf_count=343 33 48 64 88 124 98 74 1471 904 45 115 126 85 282
internal_value=-0.000184615 0.000294365 0.0003916 -0.00434211 0.000604982 0.000387931 0.000666667 0.000487646 -0.000542056 -0.00605505 -0.003375 0.000319829 0.00256461 0.00117647
internal_weight=3900 3557 3524 152 3372 3248 3150 3076 1605 208 160 1397 493 408
internal_count=3900 3557 3524 152 3372 3248 3150 3076 1605 208 160 1397 493 408
cat_boundaries=0 1 2 3 4
cat_threshold=1537 40960 69788 2048
is_linear=0
shrinkage=0.03


Tree=230
num_leaves=15
num_cat=4
split_feature=9 6 9 2 3 4 3 1 4 6 9 6 9 2
split_gain=5.26899 4.58668 3.62403 6.33513 7.5925 9.77676 5.61123 5.52558 5.64367 7.82409 5.40213 4.93908 6.6846 4.30617
threshold=0 61.500000000000007 1 117.45000000000002 9731.4915000000019 2.5000000000000004 8521.5230000000029 4.5000000000000009 1.0000000180025095e-35 127.50000000000001 2 87.500000000000014 3 100.50000000000001
decision_type=9 2 9 2 2 2 2 2 2 2 9 2 9 2
left_child=-1 -2 3 13 6 -6 10 8 11 -10 -5 -4 -13 -3
right_child=1 2 7 4 5 -7 -8 -9 9 -11 -12 12 -14 -15
leaf_value=-1.1196005183090596 1.3427515395031899 0.02951394937111786 -0.78027092997725955 0.025090102126609962 0.038895427869814508 -0.84704793830063063 -1.7426859588913202 1.3663888781268474 0.80566637009843356 -1.1284262854994649 -0.97147976443736062 0.038200314979349059 0.62681941130139651 2.1959945042032993
leaf_weight=128 30 592 31 112 542 50 31 119 37 196 173 1481 298 104
leaf_count=128 30 592 31 112 542 50 31 119 37 196 173 1481 298 104
internal_value=0.000107034 0.000315292 0.000223048 -0.000855019 -0.00251101 -0.000506757 -0.00626582 0.0010221 0.000660793 -0.00373391 -0.00494737 0.00122652 0.00143339 0.0012931
internal_weight=3924 3796 3766 1604 908 592 316 2162 2043 233 285 1810 1779 696
internal_count=3924 3796 3766 1604 908 592 316 2162 2043 233 285 1810 1779 696
cat_boundaries=0 1 2 3 4
cat_threshold=1 38744 37888 75904
is_linear=0
shrinkage=0.03


Tree=231
num_leaves=15
num_cat=1
split_feature=3 6 3 9 0 7 7 6 8 3 3 6 3 6
split_gain=4.78142 4.45584 4.12883 4.56149 17.6626 6.06902 6.25014 5.18012 5.83718 3.85643 5.08102 11.5821 8.93238 5.93196
threshold=109861.22300000001 114.50000000000001 84154.221000000005 0 26.422835000000003 194.50000000000003 230.50000000000003 156.50000000000003 4.5000000000000009 67879.617000000013 22143.343000000004 155.50000000000003 25982.896000000004 177.50000000000003
decision_type=2 2 2 9 2 2 2 2 2 2 2 2 2 2
left_child=2 -2 3 4 5 -1 7 8 -7 10 -5 12 -12 -13
right_child=1 -3 -4 9 -6 6 -8 -9 -10 -11 11 13 -14 -15
leaf_value=-0.68101576657592544 -1.163335404855643 -0.032453229319737598 0.78847094007990448 -0.087245912225134239 9.7189471204597879 0.05389580383332486 0.0037709817444135751 3.888689055433026 4.2505526592486351 -1.0415439842584873 1.8789597817697603 -0.94103421386530273 0.21959729400575043 0.35289915896010826
leaf_weight=78 33 71 94 2224 41 121 486 30 36 74 88 152 295 75
leaf_count=78 33 71 94 2224 41 121 486 30 36 74 88 152 295 75
internal_value=0 -0.00634615 0.000173959 1.62162e-05 0.00201995 0.000998668 0.00191679 0.00657754 0.0043949 -0.000534613 -0.000359915 0.00206557 0.00524804 -0.00330396
internal_weight=3898 104 3794 3700 792 751 673 187 157 2908 2834 610 383 227
internal_count=3898 104 3794 3700 792 751 673 187 157 2908 2834 610 383 227
cat_boundaries=0 1
cat_threshold=16836
is_linear=0
shrinkage=0.03


Tree=232
num_leaves=15
num_cat=0
split_feature=0 4 2 0 6 1 0 0 6 6 2 3 0 0
split_gain=6.35281 3.71102 5.01164 4.6851 7.47898 7.01146 5.23856 7.33941 7.17947 4.43223 3.90722 3.97502 3.81651 3.27638
threshold=3.0705205000000002 1.0000000180025095e-35 1040.5000000000002 16.253675000000005 103.50000000000001 1.5000000000000002 21.684185000000003 25.564024500000006 140.50000000000003 133.50000000000003 589.50000000000011 79683.272000000012 17.479973500000003 12.152323000000001
decision_type=2 2 2 2 2 2 2 2 2 2 2 2 2 2
left_child=-1 2 10 4 -3 -6 9 -8 -9 -5 -2 12 -12 -7
right_child=1 3 -4 6 5 13 7 8 -10 -11 11 -13 -14 -15
leaf_value=-1.9027391735074684 0.014833360240786532 0.53341671918503375 -1.0483312570365706 -0.26722137135048002 -1.3442500276738838 0.062223515360069537 -2.4687691332739132 -0.62894329647458103 3.7749993947859344 2.1562623816365782 0.92267485447487607 -0.20695738113683432 2.1613858907303607 -0.81794843931629657
leaf_weight=60 3186 31 30 42 131 79 49 47 34 78 51 30 44 37
leaf_count=60 3186 31 30 42 131 79 49 47 34 78 51 30 44 37
internal_value=-0.000313057 -0.000162833 0.000206525 -0.0025 -0.00517986 -0.00692308 0.00048 -0.00369231 0.00185185 0.005 0.000317125 0.00552 0.00852632 -0.00155172
internal_weight=3929 3869 3341 528 278 247 250 130 81 120 3311 125 95 116
internal_count=3929 3869 3341 528 278 247 250 130 81 120 3311 125 95 116
is_linear=0
shrinkage=0.03


Tree=233
num_leaves=15
num_cat=3
split_feature=9 7 0 9 0 0 0 7 9 5 6 7 3 0
split_gain=6.35535 6.02029 8.27917 12.5184 9.0488 7.26 5.71667 5.2195 7.491 6.02939 6.97587 8.51645 5.12801 5.1216
threshold=0 242.50000000000003 14.215615000000001 1 9.5176385000000021 7.972462000000001 12.152323000000001 257.50000000000006 2 14.500000000000002 183.50000000000003 265.50000000000006 54227.311000000009 21.310856000000005
decision_type=9 2 2 9 2 2 2 2 9 2 2 2 2 2
left_child=12 -2 3 4 -3 -5 -6 -4 13 10 11 -10 -1 -9
right_child=1 2 7 5 6 -7 -8 8 9 -11 -12 -13 -14 -15
leaf_value=-0.19438388466696324 -0.047214785611490694 -0.99289826941845605 0.88000419219583703 0.74626169322607039 0.63309052483547812 -0.023834670357063031 -1.4208532489666299 3.0000164914444416 -1.6932239207790529 0.62238239284750763 -2.1709071368953015 0.60816364698636105 -0.77780363001251318 0.27627718117952099
leaf_weight=823 1617 182 282 150 70 242 42 62 33 109 36 65 121 46
leaf_count=823 1617 182 282 150 70 242 42 62 33 109 36 65 121 46
internal_value=-0.000262887 0.000427699 0.00193328 -0.000349854 -0.00493421 0.00313433 0.00160714 0.00440758 0.00196581 -0.00106719 -0.00537313 -0.00122449 -0.00238994 0.00813559
internal_weight=3880 2936 1319 686 294 392 112 633 351 243 134 98 944 108
internal_count=3880 2936 1319 686 294 392 112 633 351 243 134 98 944 108
cat_boundaries=0 1 2 3
cat_threshold=38145 2784 104
is_linear=0
shrinkage=0.03


Tree=234
num_leaves=15
num_cat=2
split_feature=9 4 2 7 9 6 5 7 3 6 3 7 6 5
split_gain=4.56856 5.40428 4.82219 3.94913 5.09115 5.76405 4.91159 7.38874 5.6094 4.79489 4.52838 6.41956 5.60941 5.77492
threshold=0 9.5000000000000018 1012.6000000000001 217.50000000000003 1 108.50000000000001 15.500000000000002 237.50000000000003 54145.830000000009 159.50000000000003 32162.123000000003 248.50000000000003 161.50000000000003 14.500000000000002
decision_type=9 2 2 2 9 2 2 2 2 2 2 2 2 2
left_child=-1 2 3 9 6 -6 7 8 -5 -2 -9 -12 -13 -14
right_child=1 -3 -4 4 5 -7 -8 10 -10 -11 11 12 13 -15
leaf_value=-1.0780086096602497 -0.046233385979933248 1.3100608369556328 -0.71387900953565342 -0.52342686864629506 1.0761027305190669 0.26926112174140709 0.46581921203094906 0.13197868120303155 -1.3725566428310652 -2.0674504963046272 0.5488863097055855 -1.5122189574289007 0.48707958265608792 -1.4231494501479618
leaf_weight=134 881 34 51 355 88 788 447 849 34 61 41 54 42 37
leaf_count=134 881 34 51 355 88 788 447 849 34 61 41 54 42 37
internal_value=0.000246407 0.000445387 0.000337983 0.000465053 0.00104205 0.00291196 0.000144462 -0.00072238 -0.00424165 -0.00121019 0.000615836 -0.0037931 -0.00699248 -0.00189873
internal_weight=3896 3762 3728 3677 2735 876 1859 1412 389 942 1023 174 133 79
internal_count=3896 3762 3728 3677 2735 876 1859 1412 389 942 1023 174 133 79
cat_boundaries=0 1 2
cat_threshold=1 113760
is_linear=0
shrinkage=0.03


Tree=235
num_leaves=15
num_cat=0
split_feature=8 7 3 3 3 3 6 6 3 1 5 3 3 2
split_gain=4.75478 6.40641 8.71117 6.33457 6.03 5.90937 9.18032 9.21769 9.17221 6.70549 6.40554 5.35809 4.98723 5.59769
threshold=1.5000000000000002 215.50000000000003 11497.529 15611.993500000002 5944.2975000000015 11792.620000000001 197.50000000000003 123.50000000000001 5941.3690000000015 1.5000000000000002 14.500000000000002 24271.930000000004 3948.7310000000002 53.500000000000007
decision_type=2 2 2 2 2 2 2 2 2 2 2 2 2 2
left_child=11 2 4 -4 -2 6 7 10 -9 -10 -3 12 13 -1
right_child=1 5 3 -5 -6 -7 -8 8 9 -11 -12 -13 -14 -15
leaf_value=-1.1005857789669347 -0.39753771413321715 0.3437742700232343 1.6832463286672099 -0.044846384400532312 -1.8921504416178412 -0.030565477843685469 -0.85854416662712085 0.26901556465344584 1.8663963455960901 0.3523729759608682 -1.9496470478960599 0.043394882177447011 -0.62710930250107133 0.087810557458167293
leaf_weight=40 274 55 65 231 91 974 51 681 198 108 50 305 557 241
leaf_count=40 274 55 65 231 91 974 51 681 198 108 50 305 557 241
internal_value=-0.000497322 0.000172786 -0.00240545 0.00141892 -0.00550685 0.000977799 0.00244094 0.00302198 0.00392097 0.00823529 -0.00542857 -0.00212598 -0.00336516 -0.000106762
internal_weight=3921 2778 661 296 365 2117 1143 1092 987 306 105 1143 838 281
internal_count=3921 2778 661 296 365 2117 1143 1092 987 306 105 1143 838 281
is_linear=0
shrinkage=0.03


Tree=236
num_leaves=15
num_cat=2
split_feature=2 2 6 6 9 3 5 3 9 6 6 6 2 7
split_gain=6.57084 6.22594 6.18324 5.48291 6.76316 7.69138 6.19355 6.07214 5.1237 5.47034 5.58193 7.84787 4.06252 5.10158
threshold=119.05000000000001 63.45000000000001 120.50000000000001 177.50000000000003 0 10431.669000000002 13.500000000000002 3357.4650000000006 1 188.50000000000003 115.50000000000001 93.500000000000014 134.55000000000004 203.50000000000003
decision_type=2 2 2 2 9 2 2 2 9 2 2 2 2 2
left_child=1 2 -1 4 5 6 -3 -5 9 10 11 -2 -12 -14
right_child=8 3 -4 7 -6 -7 -8 -9 -10 -11 12 -13 13 -15
leaf_value=1.3652012480821485 1.0382898203225364 -1.4184908829800043 -0.19331975306098001 -0.11824935897632713 0.53946435490459865 -1.8334682652890797 0.49282502597579647 1.6832302897941485 -0.1611192140693356 -1.6680649476012945 -0.71301539077371445 -1.7892928795127887 3.3953608163592661 0.67008985476917815
leaf_weight=35 45 31 527 53 654 63 93 162 1793 33 48 43 50 253
leaf_count=35 45 31 527 53 654 63 93 162 1793 33 48 43 50 253
internal_value=2.3178e-05 0.00148331 -0.00106762 0.00284091 0.00174792 -0.00319797 0.000967742 0.00711628 -0.00101987 0.00174274 0.00266515 -0.00409091 0.00435897 0.00564356
internal_weight=3883 1618 562 1056 841 187 124 215 2265 472 439 88 351 303
internal_count=3883 1618 562 1056 841 187 124 215 2265 472 439 88 351 303
cat_boundaries=0 1 2
cat_threshold=82033 66976
is_linear=0
shrinkage=0.03


Tree=237
num_leaves=15
num_cat=3
split_feature=9 3 0 9 4 0 4 0 2 6 9 0 3 2
split_gain=5.46424 7.77778 4.15054 5.98753 13.8696 7.30057 6.51329 6.33449 8.26046 5.36376 5.31729 15.3572 5.47485 5.35603
threshold=0 8208.6670000000031 16.253675000000005 1 1.0000000180025095e-35 15.458598500000003 1.5000000000000002 14.111803500000002 284.50000000000006 177.50000000000003 2 26.261371000000004 661.22350000000017 52.500000000000007
decision_type=9 2 2 9 2 2 2 2 2 2 9 2 2 2
left_child=1 -1 3 4 7 6 9 -2 -9 -5 11 13 -12 -4
right_child=2 -3 10 5 -6 -7 -8 8 -10 -11 12 -13 -14 -15
leaf_value=0.68001693381449968 -0.28854251458066127 -1.9955369506658507 -2.2528318900056501 -0.017727049282191272 -1.4008677527472757 -0.63797801622129557 0.78790626700192889 0.078117152041886587 3.0676649761590715 0.77535397875898071 -1.0079948613165106 9.0778679602330161 0.043776601905565253 0.70798341314517976
leaf_weight=45 550 81 41 718 150 59 52 132 36 131 38 42 1599 235
leaf_count=45 550 81 41 718 150 59 52 132 36 131 38 42 1599 235
internal_value=-0.000268611 -0.00617647 -5.53651e-05 -0.00108315 -0.00287016 0.000556701 0.00123196 -0.00116992 0.00392857 0.000600707 0.000905371 0.00439024 0.000200364 0.00195652
internal_weight=3909 126 3783 1828 868 960 901 718 168 849 1955 318 1637 276
internal_count=3909 126 3783 1828 868 960 901 718 168 849 1955 318 1637 276
cat_boundaries=0 1 2 3
cat_threshold=1 7372 708
is_linear=0
shrinkage=0.03


Tree=238
num_leaves=15
num_cat=1
split_feature=3 2 9 0 0 3 4 3 7 7 3 4 7 0
split_gain=6.56317 7.05739 7.02591 9.46772 8.25755 6.14732 6.3956 5.00513 5.36267 5.79997 5.47443 4.29378 3.94811 8.73311
threshold=661.22350000000017 103.10000000000001 0 4.2788670000000009 32.584254000000008 5689.6920000000009 1.5000000000000002 4702.6290000000017 271.50000000000006 202.50000000000003 2214.2880000000005 3.5000000000000004 207.50000000000003 16.340982000000004
decision_type=2 2 9 2 2 2 2 2 2 2 2 2 2 2
left_child=1 -1 3 -2 5 7 12 8 9 -5 -10 -4 13 -7
right_child=2 -3 11 4 -6 6 -8 -9 10 -11 -12 -13 -14 -15
leaf_value=0.015746108435359927 -0.84465753256067777 -2.114965920311406 0.10505259823096366 2.3185497680468381 -6.2434637784916589 -0.22924540534482502 -0.42442400328537983 -2.4741226916642609 -0.20781484375503054 -0.49926032367585549 1.6563641736364854 2.6251549680605875 0.01739927947097385 3.107193362693506
leaf_weight=39 58 45 2087 30 31 47 110 38 36 298 49 38 917 85
leaf_count=39 58 45 2087 30 31 47 110 38 36 298 49 38 917 85
internal_value=-0.000276356 -0.00857143 -9.41423e-05 -0.00152721 -0.00111517 -0.000819876 0.000336497 -0.00379157 -0.00283293 -0.00457317 0.00388235 0.00105386 0.00105815 0.00590909
internal_weight=3908 84 3824 1699 1641 1610 1159 451 413 328 85 2125 1049 132
internal_count=3908 84 3824 1699 1641 1610 1159 451 413 328 85 2125 1049 132
cat_boundaries=0 1
cat_threshold=46661
is_linear=0
shrinkage=0.03


Tree=239
num_leaves=15
num_cat=3
split_feature=3 7 9 0 3 7 0 9 5 0 8 9 0 0
split_gain=3.9817 9.45361 4.41149 10.3503 6.31241 8.97788 4.88612 6.07931 9.12526 6.66824 6.89557 6.44587 6.4 10
threshold=661.22350000000017 240.50000000000003 0 5.061961000000001 5395.344000000001 271.50000000000006 15.961149500000003 1 14.500000000000002 5.8645015000000003 5.5000000000000009 2 13.803611500000001 9.1326195000000023
decision_type=2 2 9 2 2 2 2 9 2 2 2 9 2 2
left_child=1 -1 3 -2 5 -5 7 9 11 -4 -11 12 13 -9
right_child=2 -3 6 4 -6 -7 -8 8 -10 10 -12 -13 -14 -15
leaf_value=-2.0963585275845467 -1.5931088951834038 0.24963920663845782 -1.0137795402583321 -1.0297960142737996 0.026852086504065936 1.3226993658834636 0.21552223701930528 -2.4339129608228949 0.75648146917944248 -0.34807538518698267 1.3169785497059023 0.042148778758985372 -3.6909218444245697 0.63610161448840474
leaf_weight=44 46 41 89 281 756 56 1300 45 336 513 60 269 30 45
leaf_count=44 46 41 89 281 756 56 1300 45 336 513 60 269 30 45
internal_value=-0.000283815 -0.00670588 -0.00014114 -0.00169713 -0.00112534 -0.00454006 0.000522803 -0.000713771 0.00118367 -0.00276786 -0.00162304 -0.00192802 -0.00738462 -0.004
internal_weight=3911 85 3826 1139 1093 337 2687 1387 725 662 573 389 120 90
internal_count=3911 85 3826 1139 1093 337 2687 1387 725 662 573 389 120 90
cat_boundaries=0 1 2 3
cat_threshold=34377 6320 73728
is_linear=0
shrinkage=0.03


Tree=240
num_leaves=15
num_cat=1
split_feature=2 9 4 6 6 7 2 6 2 7 8 2 7 0
split_gain=5.75403 5.4367 6.55377 5.82492 6.33721 7.83557 7.10265 6.57811 5.25083 4.88405 8.59197 6.33225 5.54167 5.79912
threshold=117.45000000000002 0 1.5000000000000002 110.50000000000001 136.50000000000003 241.50000000000003 357.45000000000005 148.50000000000003 111.10000000000001 243.50000000000003 2.5000000000000004 127.60000000000001 255.50000000000003 20.194773500000004
decision_type=2 9 2 2 2 2 2 2 2 2 2 2 2 2
left_child=8 2 3 -2 5 -5 7 -6 -1 11 -11 -3 13 -12
right_child=1 9 -4 4 6 -7 -8 -9 -10 10 12 -13 -14 -15
leaf_value=0.098533932903399082 -0.45340971542708758 -0.97858709434534141 -1.0286918354267662 1.933979173258972 -1.5605037173684695 -0.44994384086108763 1.1888462749972892 -0.30445904893990244 2.1776186681980594 -0.22764791263980441 1.6993599149495093 -0.095457739515863976 0.18676694151542961 0.011416540859198675
leaf_weight=1551 175 47 67 133 61 36 40 267 84 254 77 847 243 32
leaf_count=1551 175 47 67 133 61 36 40 267 84 254 77 847 243 32
internal_value=-9.19775e-05 -0.00106626 -0.00307985 -0.00227528 -0.000726257 0.00408284 -0.00293478 -0.00439024 0.00126606 0 0.00207921 -0.0014094 0.00511364 0.0107339
internal_weight=3914 2279 779 712 537 169 368 328 1635 1500 606 894 352 109
internal_count=3914 2279 779 712 537 169 368 328 1635 1500 606 894 352 109
cat_boundaries=0 1
cat_threshold=49757
is_linear=0
shrinkage=0.03


Tree=241
num_leaves=15
num_cat=0
split_feature=3 6 3 2 5 3 2 2 0 6 5 0 0 0
split_gain=3.98601 10.3827 4.70115 7.35423 6.51879 4.29755 4.69288 5.01927 4.63927 4.1903 6.09875 5.44095 7.01825 5.63706
threshold=661.22350000000017 150.50000000000003 1085.865 186.45000000000002 14.500000000000002 3091.2000000000003 103.10000000000001 82.500000000000014 3.9449575000000006 177.50000000000003 16.500000000000004 22.125774500000002 19.369722000000007 17.947233500000007
decision_type=2 2 2 2 2 2 2 2 2 2 2 2 2 2
left_child=1 -1 3 4 -2 6 7 -4 -7 10 -10 12 13 -11
right_child=2 -3 5 -5 -6 8 -8 -9 9 11 -12 -13 -14 -15
leaf_value=-2.2111047033719999 1.5897410917410308 0.23919401245220343 -0.16401687303970106 2.1774874387845102 -0.73201606097873761 -0.74566773170985245 -0.78824723454448076 1.26098433118858 -0.06788335469610729 0.30347487436015397 1.1760610375505962 -0.64819752618753679 3.7175028783049311 -1.0278484439839042
leaf_weight=43 42 41 182 36 39 89 261 54 2589 316 55 109 53 30
leaf_count=43 42 41 182 36 39 89 261 54 2589 316 55 109 53 30
internal_value=-0.000677837 -0.00714286 -0.000536965 0.00538462 0.00037037 -0.000722311 -0.00331992 -0.000254237 -0.000323974 -0.000133249 -0.000612708 0.0023622 0.00398496 0.00242775
internal_weight=3939 84 3855 117 81 3738 497 236 3241 3152 2644 508 399 346
internal_count=3939 84 3855 117 81 3738 497 236 3241 3152 2644 508 399 346
is_linear=0
shrinkage=0.03


Tree=242
num_leaves=15
num_cat=3
split_feature=9 4 6 4 6 3 8 7 6 9 8 3 9 7
split_gain=5.53536 3.53467 3.59067 3.19752 6.41492 5.03501 5.93036 6.12785 4.65753 7.22934 15.7828 12.9343 3.97065 5.22692
threshold=0 10.500000000000002 61.500000000000007 1.0000000180025095e-35 98.500000000000014 42810.897000000004 2.5000000000000004 216.50000000000003 98.500000000000014 1 3.5000000000000004 22981.305000000004 2 237.50000000000003
decision_type=9 2 2 2 2 2 2 2 2 9 2 2 9 2
left_child=-1 2 -2 8 -5 6 -6 -8 9 11 -11 -4 13 -10
right_child=1 -3 3 4 5 -7 7 -9 12 10 -12 -13 -14 -15
leaf_value=-1.6340957148463928 1.7120109429424137 0.420458971481317 -0.5117189815410188 1.0580290492830067 -1.0387191380571448 -1.2558234277618066 -0.99035582542264244 1.08278267344509 0.86398256528634421 -2.2054099955700246 -0.098773406406495498 1.6534116303355539 -0.0028441321523837359 -0.036902359687221629
leaf_weight=134 30 30 65 44 193 83 30 123 82 46 70 45 2934 72
leaf_count=134 30 30 65 44 193 83 30 123 82 46 70 45 2934 72
internal_value=-0.000474755 -0.000256676 -0.000337962 -0.000419857 -0.00272727 -0.00384615 -0.00225434 0.00215686 -9.0525e-05 -0.00424779 -0.00904762 0.0015 0.000213731 0.0047561
internal_weight=3981 3847 3817 3787 473 429 346 153 3314 226 116 110 3088 154
internal_count=3981 3847 3817 3787 473 429 346 153 3314 226 116 110 3088 154
cat_boundaries=0 1 2 3
cat_threshold=1 12308 16896
is_linear=0
shrinkage=0.03


Tree=243
num_leaves=15
num_cat=1
split_feature=9 0 0 6 2 8 0 3 6 6 2 3 1 8
split_gain=6.30694 7.15025 5.85919 5.71924 3.98858 7.96343 10.7568 8.20812 7.00952 5.07658 4.90505 6.60052 6.36278 5.96842
threshold=0 3.0705205000000002 37.370455500000013 192.50000000000003 361.50000000000006 5.5000000000000009 14.478176500000002 22627.978500000001 132.50000000000003 113.50000000000001 234.45000000000002 28926.988000000001 1.5000000000000002 2.5000000000000004
decision_type=9 2 2 2 2 2 2 2 2 2 2 2 2 2
left_child=2 -2 3 4 10 6 -6 -8 9 -9 11 -1 -13 -14
right_child=1 -3 -4 -5 5 -7 7 8 -10 -11 -12 12 13 -15
leaf_value=-0.079988462382806338 -1.8562994936050348 0.15077932497923482 1.9795015625366885 -1.4183578823759739 -1.3539036958497377 0.68418844196162687 -0.46026167455751532 1.1038856060607962 -0.90747907550052331 3.5476988232896711 0.33211341385533272 -1.6536535539615898 0.18882952949309129 -0.90495157799229786
leaf_weight=1280 39 1554 37 69 124 46 110 37 56 32 358 59 64 76
leaf_count=1280 39 1554 37 69 124 46 110 37 56 32 358 59 64 76
internal_value=-0.000312104 0.00114161 -0.00129771 -0.00149286 -0.00123104 -0.00392593 -0.00543175 -0.00165957 0.0036 0.01 -0.000636908 -0.00139959 -0.00648241 -0.003
internal_weight=3941 1593 2348 2311 2242 405 359 235 125 69 1837 1479 199 140
internal_count=3941 1593 2348 2311 2242 405 359 235 125 69 1837 1479 199 140
cat_boundaries=0 1
cat_threshold=81665
is_linear=0
shrinkage=0.03


Tree=244
num_leaves=15
num_cat=0
split_feature=0 3 6 2 2 3 6 3 7 7 8 2 3 3
split_gain=5.19397 5.44941 5.33718 6.81577 7.14706 5.63767 4.6111 4.58182 4.5617 7.68658 7.68578 6.43339 5.03155 4.55078
threshold=3.9449575000000006 3091.2000000000003 189.50000000000003 130.50000000000003 98.050000000000011 13300.377000000002 66.500000000000014 4142.8970000000008 195.50000000000003 218.50000000000003 2.5000000000000004 97.500000000000014 1320.9430000000002 2124.8955000000005
decision_type=2 2 2 2 2 2 2 2 2 2 2 2 2 2
left_child=7 8 6 4 5 -4 -3 -1 -2 -10 11 -11 -13 -12
right_child=1 2 3 -5 -6 -7 -8 -9 9 10 13 12 -14 -15
leaf_value=0.23111761389596608 1.0112751757286083 0.93731442724041925 1.6649984445493691 -0.44912371104956833 2.3698939615486498 -1.5461502156649998 0.01379696959042576 -1.0009590000391142 -1.1470148276285248 -0.034452545522059383 0.85650434158566324 -0.3715308967516785 -1.4863752472005767 -0.35615721140939055
leaf_weight=35 57 35 65 75 34 37 2876 77 117 108 178 51 56 103
leaf_count=35 57 35 65 75 34 37 2876 77 117 108 178 51 56 103
internal_value=-6.14754e-05 0.000126582 0.000653427 0.00526066 0.00926471 0.00529412 0.000319478 -0.00642857 -0.00232836 -0.0030832 -0.00145161 -0.00572093 -0.0109346 0.00181495
internal_weight=3904 3792 3122 211 136 102 2911 112 670 613 496 215 107 281
internal_count=3904 3792 3122 211 136 102 2911 112 670 613 496 215 107 281
is_linear=0
shrinkage=0.03


Tree=245
num_leaves=15
num_cat=1
split_feature=9 0 5 0 0 0 0 8 0 2 0 2 8 1
split_gain=5.84437 8.07027 5.72429 9.43366 9.31975 8.40717 8.58668 7.55078 7.41989 6.28019 8.19739 6.21832 6.73998 5.93605
threshold=0 37.370455500000013 14.500000000000002 23.092631500000003 21.105180000000001 24.359451500000002 29.448273000000004 2.5000000000000004 18.015126500000004 107.05000000000001 27.432842500000003 135.10000000000002 2.5000000000000004 2.5000000000000004
decision_type=9 2 2 2 2 2 2 2 2 2 2 2 2 2
left_child=1 2 5 4 7 8 9 -4 13 -7 -11 -5 -13 -1
right_child=-2 -3 3 11 -6 6 -8 -9 -10 10 -12 12 -14 -15
leaf_value=-0.35357841482553792 0.12641360872296445 2.1316140445206111 -0.36220900925277305 0.18672789444071553 4.9625224830439993 1.9606089212821984 -0.85408849394435038 0.36854343022216196 -1.0891917321769642 -0.3896943037594906 2.79621358520513 -0.091070397575208517 -1.8638183583260115 0.16794993494701202
leaf_weight=401 1534 33 362 104 65 52 125 539 278 54 38 80 103 122
leaf_count=401 1534 33 362 104 65 52 125 539 278 54 38 80 103 122
internal_value=-0.000154242 -0.00109045 -0.00130435 7.18276e-05 0.00149068 -0.00291589 0.00167286 0.000699223 -0.00445693 0.00666667 0.00195652 -0.00470383 -0.00803279 -0.00235182
internal_weight=3890 2356 2323 1253 966 1070 269 901 801 144 92 287 183 523
internal_count=3890 2356 2323 1253 966 1070 269 901 801 144 92 287 183 523
cat_boundaries=0 1
cat_threshold=109077
is_linear=0
shrinkage=0.03


Tree=246
num_leaves=15
num_cat=2
split_feature=0 9 5 6 2 1 6 8 0 7 0 9 0 6
split_gain=5.79814 5.08971 7.32022 9.82431 6.71374 7.78157 5.46145 5.32593 5.08412 4.65116 3.87213 4.95203 13.217 6.30857
threshold=40.576350500000011 0 14.500000000000002 101.50000000000001 61.500000000000007 2.5000000000000004 137.50000000000003 3.5000000000000004 13.846890500000002 202.50000000000003 14.478176500000002 1 26.261371000000004 157.50000000000003
decision_type=2 9 2 2 2 2 2 2 2 2 2 9 2 2
left_child=1 2 6 -4 -5 7 9 -6 -8 -1 -3 12 13 -12
right_child=-2 10 3 4 5 -7 8 -9 -10 -11 11 -13 -14 -15
leaf_value=2.1203815727876552 5.9306110241303118 -0.073213095949298576 -2.333858356840901 -0.56775790314021146 0.13042942124909815 -0.90714261497752424 0.0674245303066624 1.4633367236583468 -1.0998381851760177 -1.8283582019802769 -1.0622883449047276 0.030356460149279198 9.0870970706530283 1.0912269165670385
leaf_weight=43 31 1335 31 54 202 59 56 126 206 43 60 1540 40 115
leaf_count=43 31 1335 31 54 202 59 56 126 206 43 60 1540 40 115
internal_value=-0.000342553 -0.000445013 -0.00253012 -0.000127119 0.00102041 0.0024031 -0.00586207 0.00420732 -0.00801527 0.000697674 0.000116129 0.00104274 0.0052 0.00188571
internal_weight=3941 3910 820 472 441 387 348 328 262 86 3090 1755 215 175
internal_count=3941 3910 820 472 441 387 348 328 262 86 3090 1755 215 175
cat_boundaries=0 1 2
cat_threshold=99329 164
is_linear=0
shrinkage=0.03


Tree=247
num_leaves=15
num_cat=2
split_feature=9 4 3 3 2 8 3 3 1 6 9 2 6 2
split_gain=5.96889 3.72241 4.0754 6.42738 6.38232 6.08894 6.38557 6.0333 5.71299 4.7036 3.55295 7.73707 9.75741 7.36026
threshold=0 1.0000000180025095e-35 20327.968500000006 19241.609500000002 144.40000000000003 1.5000000000000002 29255.844000000001 24766.354500000005 3.5000000000000004 181.50000000000003 1 55.500000000000007 147.50000000000003 364.40000000000003
decision_type=9 2 2 2 2 2 2 2 2 2 9 2 2 2
left_child=-1 2 3 10 5 6 -4 -7 9 -6 13 12 -12 -2
right_child=1 -3 4 -5 8 7 -8 -9 -10 -11 11 -13 -14 -15
leaf_value=-1.4441342463062414 -0.089145133877964897 -0.26942144252101113 -2.4049554288717432 -1.5785248214545708 1.0469408056883047 1.7567304375535013 -0.25013456311938626 -0.25648030072336953 0.0066392263416798864 -0.50697093111398317 0.37447009220730704 0.21403036853373805 -1.3191011650651829 -2.2607678667477487
leaf_weight=129 570 501 38 30 343 63 45 144 208 35 54 1503 174 47
leaf_count=129 570 501 38 30 343 63 45 144 208 35 54 1503 174 47
internal_value=-0.00015448 7.17131e-05 0.000442532 -0.00020185 0.00219178 -0.00144828 -0.00831325 0.00130435 0.00399317 0.00619048 -2.55537e-05 0.000672028 -0.00447368 -0.00196172
internal_weight=3884 3755 3254 2378 876 290 83 207 586 378 2348 1731 228 617
internal_count=3884 3755 3254 2378 876 290 83 207 586 378 2348 1731 228 617
cat_boundaries=0 1 2
cat_threshold=1 69968
is_linear=0
shrinkage=0.03


Tree=248
num_leaves=15
num_cat=0
split_feature=3 0 0 7 3 0 3 2 0 3 7 0 6 7
split_gain=5.37003 3.15409 3.03761 3.03939 4.51076 6.08301 5.32013 8.40354 4.98908 4.12291 5.55989 4.48616 6.27966 7.26147
threshold=428.15550000000007 39.373733000000009 2.3840500000000007 221.50000000000003 1609.1135000000002 22.534478000000004 3091.2000000000003 119.05000000000001 16.165595000000003 9511.7760000000017 195.50000000000003 21.105180000000001 130.50000000000003 212.50000000000003
decision_type=2 2 2 2 2 2 2 2 2 2 2 2 2 2
left_child=-1 2 -2 9 5 8 7 -6 -5 10 -4 -12 -13 -14
right_child=1 -3 3 4 6 -7 -8 -9 -10 -11 11 12 13 -15
leaf_value=-1.1013454122477651 -1.7951917657478618 4.1452035718720506 0.32154833789658427 0.67335754963537164 0.11472299158019268 2.6079138603695537 0.061939107735377093 -1.3138870170575574 -0.32436802022316669 0.028791153879426473 -1.0831603915508889 -1.3245716931443485 -0.083733606873947791 3.7821648768846763
leaf_weight=43 34 44 162 106 149 41 2182 94 55 611 203 39 66 41
leaf_count=43 34 44 162 106 149 41 2182 94 55 611 203 39 66 41
internal_value=7.75194e-05 0.000195976 0.000103093 0.000184049 0.000742292 0.0050495 0.000383505 -0.00382716 0.00242236 -0.00112299 -0.00311155 -0.00524355 -0.00123288 0.00252336
internal_weight=3870 3827 3783 3749 2627 202 2425 243 161 1122 511 349 146 107
internal_count=3870 3827 3783 3749 2627 202 2425 243 161 1122 511 349 146 107
is_linear=0
shrinkage=0.03


Tree=249
num_leaves=15
num_cat=0
split_feature=0 6 6 0 0 5 7 6 0 2 0 7 7 6
split_gain=4.21904 3.89776 5.43701 4.95639 7.00137 6.72033 7.79725 5.84405 6.65631 5.64842 4.76546 7.46844 9.51679 8.13148
threshold=2.3840500000000007 204.50000000000003 177.50000000000003 27.253774000000003 28.515407500000006 15.500000000000002 198.50000000000003 101.50000000000001 29.198172000000003 48.500000000000007 18.015126500000004 276.50000000000006 264.50000000000006 164.50000000000003
decision_type=2 2 2 2 2 2 2 2 2 2 2 2 2 2
left_child=-1 2 3 5 -5 10 -7 -6 -9 -10 -2 12 13 -12
right_child=1 -3 -4 4 7 6 -8 8 9 -11 11 -13 -14 -15
leaf_value=-1.8768381262305729 -0.037988038330521473 -1.3554147872758835 0.25720576112844012 2.2400865047369507 -1.2874863907495273 -1.2562960874004772 0.41814779477248748 -1.7178667082783794 -1.1990201627782016 0.53031818150677512 -0.66399827120540744 1.1751492299832376 -1.7353412670610804 2.2823641323813968
leaf_weight=32 1314 41 594 93 33 41 530 49 30 374 566 33 48 104
leaf_count=32 1314 41 594 93 33 41 530 49 30 374 566 33 48 104
internal_value=-0.000401855 -0.000311688 -0.000212654 -0.000699844 0.00181347 -0.0012519 0.00162872 0.00037037 0.00125828 0.00252475 -0.00204843 -0.00395473 -0.0045961 -0.00367164
internal_weight=3882 3850 3809 3215 579 2636 571 486 453 404 2065 751 718 670
internal_count=3882 3850 3809 3215 579 2636 571 486 453 404 2065 751 718 670
is_linear=0
shrinkage=0.03


Tree=250
num_leaves=15
num_cat=2
split_feature=9 2 0 5 9 0 5 3 2 0 0 0 0 3
split_gain=7.06009 5.95762 5.82859 8.57215 6.8189 14.5956 6.93206 8.02445 7.6839 6.51554 8.98197 6.42882 8.47781 5.65857
threshold=0 604.40000000000009 10.075625000000002 15.500000000000002 1 25.780628000000004 15.500000000000002 27658.936000000005 105.50000000000001 12.449120000000002 14.028341500000002 25.780628000000004 22.298487500000004 12554.240000000002
decision_type=9 2 2 2 9 2 2 2 2 2 2 2 2 2
left_child=-1 2 3 -2 5 9 8 -8 -6 -4 -11 12 -10 -12
right_child=1 -3 4 -5 6 -7 7 -9 11 10 13 -13 -14 -15
leaf_value=-0.10620484343184329 -0.028858844700614554 0.79955903868621137 1.0214402408977321 -2.0458819365135184 0.33328998754787559 8.1169325039676234 1.1442126095132197 3.928299419099917 -0.40276911040323399 -1.518779497353562 1.1250315202346792 0.48744012359483346 -1.8732005685511102 -0.11659668987638042
leaf_weight=1928 357 91 58 46 345 50 173 33 272 35 168 161 81 119
leaf_count=1928 357 91 58 46 345 50 173 33 272 35 168 161 81 119
internal_value=0.00014552 0.0013957 0.0010432 -0.00215881 0.00190635 0.00504545 0.000586047 0.00553398 -0.000593714 0.00315789 0.00149068 -0.00291829 -0.00518414 0.00324042
internal_weight=3917 1989 1898 403 1495 430 1065 206 859 380 322 514 353 287
internal_count=3917 1989 1898 403 1495 430 1065 206 859 380 322 514 353 287
cat_boundaries=0 1 2
cat_threshold=111877 736
is_linear=0
shrinkage=0.03


Tree=251
num_leaves=15
num_cat=1
split_feature=9 5 0 0 5 0 7 7 4 0 6 0 5 6
split_gain=4.34359 6.69761 7.58797 6.37698 5.84798 4.97204 4.14603 6.99915 6.71139 5.60972 6.84815 5.4467 5.20195 11.3087
threshold=0 13.500000000000002 18.940977 15.236264 16.500000000000004 10.849332500000001 240.50000000000003 248.50000000000003 1.0000000180025095e-35 27.113121000000003 101.50000000000001 25.985458500000004 15.500000000000002 117.50000000000001
decision_type=9 2 2 2 2 2 2 2 2 2 2 2 2 2
left_child=1 2 3 5 6 -1 9 -8 11 12 -11 -9 -3 -14
right_child=-2 4 -4 -5 -6 -7 7 8 -10 10 -12 -13 13 -15
leaf_value=-1.2889748751528101 0.073778053864650694 -0.76546951401148022 -0.20937553029521266 -4.7879024720132133 1.5609742259637254 0.45494684166598859 0.61203754661791432 0.071835884118272589 -0.61456761785029757 -1.0496580568832632 1.0482353524117594 -1.1530513595767422 -2.1817042886600655 1.1201470861095755
leaf_weight=32 1610 545 114 34 59 30 198 685 124 36 180 54 46 184
leaf_count=32 1610 545 114 34 59 30 198 685 124 36 180 54 46 184
internal_value=-0.000343424 -0.00117117 -0.00628571 -0.0125 -0.00066793 -0.00677419 -0.000935673 0.000367578 -0.000799537 -0.00233098 0.00194444 0.000284168 -0.00352258 0.00026087
internal_weight=3931 2321 210 96 2111 62 2052 1061 863 991 216 739 775 230
internal_count=3931 2321 210 96 2111 62 2052 1061 863 991 216 739 775 230
cat_boundaries=0 1
cat_threshold=48225
is_linear=0
shrinkage=0.03


Tree=252
num_leaves=15
num_cat=1
split_feature=3 1 3 7 0 9 3 2 2 3 7 6 6 7
split_gain=3.98813 6.33535 4.36212 6.25689 5.49904 4.98032 6.95365 5.70703 10.6058 5.38418 5.0802 7.90008 5.2236 6.66218
threshold=109861.22300000001 10.500000000000002 5298.148000000001 271.50000000000006 4.5129270000000004 0 737.10000000000014 372.50000000000006 203.10000000000002 1085.865 240.50000000000003 142.50000000000003 150.50000000000003 218.50000000000003
decision_type=2 2 2 2 2 9 2 2 2 2 2 2 2 2
left_child=2 -2 3 5 -4 9 -7 8 -8 -1 11 -11 -13 -14
right_child=1 -3 4 -5 -6 6 7 -9 -10 10 -12 12 13 -15
leaf_value=0.1932796335873718 -0.8276336876251662 0.079578205967518439 -0.63806907472123331 0.85354443846086037 0.091353104148033701 -1.4754294540488921 -0.0034388332560308754 -2.9247153744951251 1.8117491507180465 0.57483342205379129 -1.4838324269578334 -2.1259608196175961 -1.4888888698284881 0.053853494045825415
leaf_weight=60 55 44 106 184 2483 45 359 39 82 122 145 35 39 70
leaf_count=60 55 44 106 184 2483 45 359 39 82 122 145 35 39 70
internal_value=0.000186143 -0.00575758 0.000342266 -0.00116949 0.00103129 -0.00210843 -5.60748e-05 0.001 0.00197279 -0.00430353 -0.00562044 -0.00315789 -0.00791667 -0.0046789
internal_weight=3868 99 3769 1180 2589 996 525 480 441 471 411 266 144 109
internal_count=3868 99 3769 1180 2589 996 525 480 441 471 411 266 144 109
cat_boundaries=0 1
cat_threshold=102989
is_linear=0
shrinkage=0.03


Tree=253
num_leaves=15
num_cat=3
split_feature=9 6 0 0 0 4 6 0 9 5 9 7 0 7
split_gain=8.82339 6.01946 9.675 14.5443 5.74465 5.50752 9.67322 4.96228 6.36759 8.73411 5.49299 8.57062 8.38487 5.15282
threshold=0 124.50000000000001 14.689959000000002 11.048334500000001 5.8645015000000003 1.0000000180025095e-35 136.50000000000003 9.4258725000000023 1 13.500000000000002 2 285.50000000000006 8.5029650000000014 234.50000000000003
decision_type=9 2 2 2 2 2 2 2 9 2 9 2 2 2
left_child=1 2 3 -1 -3 -6 -7 10 9 -9 -2 12 13 -12
right_child=7 4 -4 -5 5 6 -8 8 -10 -11 11 -13 -14 -15
leaf_value=0.0544583580094627 -0.62437789722664883 -1.3046119833036458 -0.26523605244062765 -3.2721255600282482 0.056812118492962325 -3.010368157746742 -0.14462093373402921 0.67005390339402759 0.14442213566904002 1.9108365413903583 -0.0981294006816779 1.2005366572768865 -1.7282936746163897 0.23458395946928362
leaf_weight=37 110 85 328 50 1403 34 155 75 1087 82 114 33 94 198
leaf_count=37 110 85 328 50 1403 34 155 75 1087 82 114 33 94 198
internal_value=7.72201e-06 -0.00131304 -0.00455422 -0.0134483 -0.000518784 -0.000113065 -0.00492063 0.00154742 0.0026045 0.00808383 -0.000819672 0.000734967 -0.00044335 0.00192308
internal_weight=3885 2092 415 87 1677 1592 189 1793 1244 157 549 439 406 312
internal_count=3885 2092 415 87 1677 1592 189 1793 1244 157 549 439 406 312
cat_boundaries=0 1 2 3
cat_threshold=40201 96 96
is_linear=0
shrinkage=0.03


Tree=254
num_leaves=15
num_cat=2
split_feature=0 3 9 3 0 0 6 6 9 7 6 6 3 6
split_gain=4.525 3.49213 8.79118 10.1399 8.42083 8.47385 7.56314 6.71682 5.45447 3.44592 4.03156 8.3066 4.88235 4.52018
threshold=2.3840500000000007 31896.329000000002 0 38166.090500000006 13.730037500000002 9.0578770000000013 149.50000000000003 142.50000000000003 1 243.50000000000003 159.50000000000003 162.50000000000003 22981.305000000004 148.50000000000003
decision_type=2 2 9 2 2 2 2 2 9 2 2 2 2 2
left_child=-1 8 3 -3 5 7 -7 -4 9 10 12 -12 13 -2
right_child=1 2 4 -5 -6 6 -8 -9 -10 -11 11 -13 -14 -15
leaf_value=-2.4089503620349029 -0.33425164992804185 -0.89915862019024984 1.0079595236869976 0.73789420171726194 -0.08496935344012399 -3.5667827777780166 -1.0871665519781912 -1.0931972511009724 0.18728290752666224 0.080056022062301502 -1.9797561492526699 -0.20142737527759436 0.93266510876411302 1.1537506437224874
leaf_weight=32 585 56 34 206 337 37 41 41 1180 847 62 165 68 183
leaf_count=32 585 56 34 206 337 37 41 41 1180 847 62 165 68 183
internal_value=-1.54879e-05 7.80843e-05 -0.00175532 0.00264706 -0.00408 -0.01 -0.0169231 -0.0028 0.000524272 -0.00046875 -0.00160865 -0.00515419 -0.000645933 -0.00132813
internal_weight=3874 3842 752 262 490 153 78 75 3090 1910 1063 227 836 768
internal_count=3874 3842 752 262 490 153 78 75 3090 1910 1063 227 836 768
cat_boundaries=0 1 2
cat_threshold=74328 44632
is_linear=0
shrinkage=0.03


Tree=255
num_leaves=15
num_cat=1
split_feature=6 9 0 6 7 4 7 7 6 5 0 7 0 0
split_gain=6.37459 5.70846 6.52869 6.83473 6.27247 4.59104 4.58175 3.97501 7.88068 7.8278 6.39912 5.83198 5.62484 4.76505
threshold=66.500000000000014 0 7.5820965000000013 155.50000000000003 216.50000000000003 1.5000000000000002 251.50000000000003 236.50000000000003 123.50000000000001 12.500000000000002 21.605471000000005 247.50000000000003 9.7689590000000024 13.803611500000001
decision_type=2 9 2 2 2 2 2 2 2 2 2 2 2 2
left_child=-1 -2 3 4 -3 7 -7 9 -9 13 12 -10 -11 -4
right_child=1 2 5 -5 -6 6 -8 8 11 10 -12 -13 -14 -15
leaf_value=1.4205199818378538 -0.090597711762152353 -0.6167886591367141 2.5478755028430076 -0.93678981361445945 1.0829939440469547 -1.7473627444843918 0.042518121462236422 -0.64597381576401858 -0.64807816631683746 2.1114609144638505 6.0668187196923578 0.52339317913576444 0.3274819579206803 -0.47282051920845902
leaf_weight=45 2313 30 37 132 57 47 38 96 138 41 74 468 192 216
leaf_count=45 2313 30 37 132 57 47 38 96 138 41 74 468 192 216
internal_value=0.000107034 -2.32019e-05 0.00137056 -0.00342466 0.00310345 0.00216036 -0.00458824 0.0026149 0.00111111 0.0045 0.00771987 0.00237624 0.00527897 0.000592885
internal_weight=3924 3879 1566 219 87 1347 85 1262 702 560 307 606 233 253
internal_count=3924 3879 1566 219 87 1347 85 1262 702 560 307 606 233 253
cat_boundaries=0 1
cat_threshold=109841
is_linear=0
shrinkage=0.03


Tree=256
num_leaves=15
num_cat=2
split_feature=9 6 6 2 0 8 7 6 0 6 8 9 2 0
split_gain=3.53682 7.26857 11.7168 5.74861 5.33224 3.93049 3.14824 10.8698 4.73353 5.45732 5.76817 3.82212 5.44453 3.998
threshold=0 111.50000000000001 81.500000000000014 59.500000000000007 14.299988000000001 5.5000000000000009 217.50000000000003 160.50000000000003 9.8219325000000008 136.50000000000003 5.5000000000000009 1 115.50000000000001 23.673807500000006
decision_type=9 2 2 2 2 2 2 2 2 2 2 9 2 2
left_child=1 2 -1 4 -3 -5 7 8 -2 -10 11 12 -11 -13
right_child=6 3 -4 5 -6 -7 -8 -9 9 10 -12 13 -14 -15
leaf_value=2.373998540366224 -0.57183568408760033 -1.2670758497467745 -0.94780879237097337 -0.022572300382214507 -0.0055872854080598697 1.3207821627525935 0.07890526767788629 -2.1684193309827333 0.63351326817601938 2.4661172652583261 -2.9292829032395136 -2.0573373068104526 -0.3509068999825149 0.049083956887361634
leaf_weight=34 117 44 152 574 49 62 2278 51 316 33 31 58 86 80
leaf_count=34 117 44 152 574 49 62 2278 51 316 33 31 58 86 80
internal_value=-0.00015889 -0.00178378 -0.00709677 -0.000452675 -0.00741935 0.000566038 0.000333333 -0.00132124 -0.00037448 0.000695364 -0.00229167 -0.000817121 0.00302326 -0.00405405
internal_weight=3965 915 186 729 93 636 3050 772 721 604 288 257 119 138
internal_count=3965 915 186 729 93 636 3050 772 721 604 288 257 119 138
cat_boundaries=0 1 2
cat_threshold=34593 6272
is_linear=0
shrinkage=0.03


Tree=257
num_leaves=15
num_cat=1
split_feature=9 7 0 8 7 7 7 6 1 0 6 6 1 0
split_gain=4.24872 5.28655 7.40944 5.11747 4.33764 7.74454 6.57045 7.90223 6.83514 6.76273 6.93868 5.1208 4.20119 6.53923
threshold=0 177.50000000000003 39.373733000000009 1.5000000000000002 273.50000000000006 286.50000000000006 267.50000000000006 162.50000000000003 1.5000000000000002 32.018938000000006 153.50000000000003 189.50000000000003 2.5000000000000004 21.684185000000003
decision_type=9 2 2 2 2 2 2 2 2 2 2 2 2 2
left_child=1 -1 4 12 6 -6 9 -8 -9 11 -11 -3 13 -2
right_child=3 2 -4 -5 5 -7 7 8 -10 10 -12 -13 -14 -15
leaf_value=1.172187389801038 -0.39848604011445671 -0.18112221403527881 3.3355762309803412 0.16850961619998542 1.0893534773483582 -0.49794458102557826 -2.8865188794831784 -1.557969820578474 0.7354739709151169 -0.2093281701373462 -1.1337364567086661 1.4828142307352754 0.14384612164325516 0.58637623785606707
leaf_weight=66 375 1041 39 1534 160 112 34 62 39 85 56 41 129 124
leaf_count=66 375 1041 39 1534 160 112 34 62 39 85 56 41 129 124
internal_value=5.38876e-05 -0.00104871 -0.00138406 0.000939227 -0.00169325 0.00176471 -0.00238586 -0.00866667 -0.00445545 -0.00169256 -0.00787234 -0.000887246 -0.00133758 -0.00258517
internal_weight=3897 1735 1669 2162 1630 272 1358 135 101 1223 141 1082 628 499
internal_count=3897 1735 1669 2162 1630 272 1358 135 101 1223 141 1082 628 499
cat_boundaries=0 1
cat_threshold=103529
is_linear=0
shrinkage=0.03


Tree=258
num_leaves=15
num_cat=1
split_feature=9 3 7 7 3 5 7 2 0 7 0 0 3 3
split_gain=7.08458 5.30756 5.47996 5.27975 4.92592 3.96618 7.71988 4.69367 5.89395 5.08221 4.63275 8.81051 7.48301 6.8
threshold=0 2347.3820000000005 184.50000000000003 173.50000000000003 1187.1150000000002 13.500000000000002 221.50000000000003 43.500000000000007 5.8645015000000003 264.50000000000006 8.4006795000000007 12.875887000000002 10726.892000000002 4401.2380000000012
decision_type=9 2 2 2 2 2 2 2 2 2 2 2 2 2
left_child=5 4 3 -3 -2 6 -1 -7 9 -9 -10 12 13 -12
right_child=1 2 -4 -5 -6 7 -8 8 10 -11 11 -13 -14 -15
leaf_value=-1.644310714041719 0.48322307026686984 0.31945335384447615 0.27821380157511499 -2.7801932996719732 -0.39885148083848204 -0.72936464908719123 -0.071397659886555401 -1.0298849538799675 0.31799155052144212 0.077983316261380081 -0.93324146912710826 0.064047181055861976 -1.777351099421961 0.69682826035640233
leaf_weight=57 87 33 1213 34 103 78 128 77 159 46 85 1617 136 85
leaf_count=57 87 33 1213 34 103 78 128 77 159 46 85 1617 136 85
internal_value=0.000182834 0.00182432 0.00253125 -0.0058209 -0.00284211 -0.000799031 -0.00502703 -0.000459921 -0.000204082 -0.00658537 0.000172911 -0.000234009 -0.00490196 -0.000705882
internal_weight=3938 1470 1280 67 190 2468 185 2283 2205 123 2082 1923 306 170
internal_count=3938 1470 1280 67 190 2468 185 2283 2205 123 2082 1923 306 170
cat_boundaries=0 1
cat_threshold=114177
is_linear=0
shrinkage=0.03


Tree=259
num_leaves=15
num_cat=2
split_feature=9 8 0 4 0 5 3 0 8 0 7 9 2 0
split_gain=6.06575 7.22954 6.52657 5.76767 5.40145 5.29304 5.96858 7.98318 6.27553 4.17809 8.76308 7.55718 6.63124 5.97455
threshold=0 1.0000000180025095e-35 21.405957000000004 2.5000000000000004 12.875887000000002 16.500000000000004 10443.479000000001 8.1936115000000012 1.5000000000000002 22.803529500000003 223.50000000000003 1 114.45000000000002 29.198172000000003
decision_type=9 2 2 2 2 2 2 2 2 2 2 9 2 2
left_child=1 2 -1 4 5 6 8 -8 -3 10 -6 -12 -11 -14
right_child=-2 3 -4 -5 9 -7 7 -9 -10 12 11 -13 13 -15
leaf_value=0.029889661321877838 0.088731523074815757 -1.6245274528090783 2.8077979454546722 -0.91679959570559044 -0.52506446061773659 0.6285024409562896 -0.087634004670497909 -2.2362025189656243 -0.010322184816895969 0.12724251951946824 -0.17760996304589979 1.6603008276583044 -1.0328449683660892 -0.036319085830907621
leaf_weight=155 1736 31 94 64 223 30 65 96 198 267 261 321 201 156
leaf_count=155 1736 31 94 64 223 30 65 96 198 267 261 321 201 156
internal_value=0.000230888 -0.000828729 0.0039759 -0.00145844 -0.00115197 -0.00414286 -0.00507692 -0.00950311 -0.00196507 -0.000272918 0.00115528 0.00309278 -0.00211538 -0.00478992
internal_weight=3898 2162 249 1913 1849 420 390 161 229 1429 805 582 624 357
internal_count=3898 2162 249 1913 1849 420 390 161 229 1429 805 582 624 357
cat_boundaries=0 1 2
cat_threshold=56393 5185
is_linear=0
shrinkage=0.03


Tree=260
num_leaves=15
num_cat=2
split_feature=9 7 7 2 2 5 3 8 7 3 9 5 4 1
split_gain=5.41708 8.28381 7.45415 6.5964 8.6373 7.77941 7.36757 6.14673 5.71044 6.80224 6.74478 6.18595 5.87154 5.63029
threshold=0 194.50000000000003 237.50000000000003 129.95000000000002 141.45000000000002 14.500000000000002 22143.343000000004 2.5000000000000004 188.50000000000003 22143.343000000004 1 14.500000000000002 1.5000000000000002 2.5000000000000004
decision_type=9 2 2 2 2 2 2 2 2 2 9 2 2 2
left_child=1 -1 -3 6 5 -5 -2 -7 11 -10 12 -6 -11 -12
right_child=3 2 -4 4 8 7 -8 -9 9 10 13 -13 -14 -15
leaf_value=-1.130440517262026 0.1482242414157065 0.84536577564399862 0.028110347656913743 -2.4102388607429814 3.2947026813426237 -0.6676740419315933 -0.76834482143761762 0.80174710558561402 -0.46415489435155222 -0.025449862491891507 -0.079715068483203588 -0.19845490746233735 -0.84531649048357393 1.0850221026024394
leaf_weight=76 1296 254 355 64 52 31 220 41 849 185 155 40 66 198
leaf_count=76 1296 254 355 64 52 31 220 41 849 185 155 40 66 198
internal_value=-0.000200927 0.00220144 0.00339901 -0.000720299 -0.00201666 -0.00926471 0.000712401 -0.0025 -0.00137864 -0.00183758 0.000596026 0.00586957 -0.00310345 0.00322314
internal_weight=3882 685 609 3197 1681 136 1516 72 1545 1453 604 92 251 353
internal_count=3882 685 609 3197 1681 136 1516 72 1545 1453 604 92 251 353
cat_boundaries=0 1 2
cat_threshold=17312 37957
is_linear=0
shrinkage=0.03


Tree=261
num_leaves=15
num_cat=0
split_feature=6 3 6 3 3 2 2 7 2 2 6 5 5 7
split_gain=4.42195 5.14761 2.83375 3.00271 6.60095 6.08163 7.25325 5.85858 5.69836 5.53846 7.0908 7.21549 6.17686 5.5501
threshold=199.50000000000003 9511.7760000000017 195.50000000000003 5298.148000000001 4702.6290000000017 214.40000000000003 125.05000000000001 287.50000000000006 361.50000000000006 65.500000000000014 145.50000000000003 12.500000000000002 12.500000000000002 241.50000000000003
decision_type=2 2 2 2 2 2 2 2 2 2 2 2 2 2
left_child=2 -2 3 4 5 6 7 9 -7 10 -1 -12 -11 -14
right_child=1 -3 -4 -5 -6 8 -8 -9 -10 12 11 -13 13 -15
leaf_value=0.29998978212808308 -1.324534880011613 0.052117733971625738 1.6287035001325194 0.044681931115109139 -2.2297938818116858 0.93713689589408089 -0.59541808934759499 1.391889044852046 -0.28794258446508819 -1.3250796518587651 5.3094140560598735 -0.95658235257405344 -0.028133534005301043 1.2783390508133856
leaf_weight=69 52 42 57 2650 42 136 247 31 75 54 30 148 172 135
leaf_count=69 52 42 57 2650 42 136 247 31 75 54 30 148 172 135
internal_value=4.56853e-05 -0.00638298 0.000202808 0.00010293 -0.00118525 -0.000738377 -0.00182844 -0.000140845 0.00383886 -0.000789474 -0.00425101 -0.00741573 0.00157895 0.00322476
internal_weight=3940 94 3846 3789 1139 1097 886 639 211 608 247 178 361 307
internal_count=3940 94 3846 3789 1139 1097 886 639 211 608 247 178 361 307
is_linear=0
shrinkage=0.03


Tree=262
num_leaves=15
num_cat=2
split_feature=3 2 0 9 7 6 0 7 6 9 7 2 7 6
split_gain=4.15922 3.99598 3.38215 8.03603 11.9123 11.4998 8.94205 5.84628 5.45115 5.41901 7.77803 6.47021 6.24168 6.73476
threshold=109861.22300000001 310.50000000000006 27.113121000000003 0 203.50000000000003 104.50000000000001 39.373733000000009 252.50000000000003 141.50000000000003 1 243.50000000000003 45.500000000000007 186.50000000000003 123.50000000000001
decision_type=2 2 2 9 2 2 2 2 2 9 2 2 2 2
left_child=2 -2 9 5 -5 -4 -6 8 -7 10 12 -12 -1 -14
right_child=1 -3 3 4 6 7 -8 -9 -10 -11 11 -13 13 -15
leaf_value=0.96726959760965192 -0.82632031023169816 -0.11560912641375352 -1.5264081226345183 1.678434157998804 -0.87853771941863434 1.1959104800052773 4.1146391401969415 -0.84784036738284152 4.5011201488129382 0.037328124470649302 -1.0638807964066699 0.048874816051585411 -1.7584910607896289 -0.86011666197528713
leaf_weight=31 32 69 32 124 198 109 30 45 103 2032 41 510 41 547
leaf_count=31 32 69 32 124 198 109 30 45 103 2032 41 510 41 547
internal_value=-0.000228195 -0.00623762 -7.02576e-05 0.00191888 -0.00116022 0.00551839 -0.00526316 0.00782101 0.00990566 -0.000468457 -0.00208475 0.000490018 -0.00441034 -0.00510204
internal_weight=3944 101 3843 641 352 289 228 257 212 3202 1170 551 619 588
internal_count=3944 101 3843 641 352 289 228 257 212 3202 1170 551 619 588
cat_boundaries=0 1 2
cat_threshold=34945 35969
is_linear=0
shrinkage=0.03


Tree=263
num_leaves=15
num_cat=0
split_feature=4 4 7 2 2 2 2 6 0 2 7 2 2 7
split_gain=5.80793 3.45129 5.67203 4.4043 3.50071 6.24538 5.90326 3.28556 3.22206 8.75636 5.89032 6.20683 5.28185 5.69962
threshold=9.5000000000000018 1.5000000000000002 216.50000000000003 212.05000000000004 589.50000000000011 1040.5000000000002 503.10000000000008 153.50000000000003 25.288895500000006 49.500000000000007 196.50000000000003 93.500000000000014 144.40000000000003 191.50000000000003
decision_type=2 2 2 2 2 2 2 2 2 2 2 2 2 2
left_child=1 4 -3 -4 6 7 8 -6 10 -10 11 -1 -13 -14
right_child=-2 2 3 -5 5 -7 -8 -9 9 -11 -12 12 13 -15
leaf_value=0.66695073824088014 2.1734638472714174 -3.2898330224625667 0.60684964640523387 -0.62265852727031412 0.40233366649042862 -1.3109845317143793 -0.96644596216950729 2.7138546000797925 -2.0550434147559824 0.46555079961360657 0.0042580020110460732 -1.7915170174844388 0.10137236280481829 -1.5755124258982993
leaf_weight=37 34 41 62 93 102 32 82 30 51 625 2574 45 78 35
leaf_count=37 34 41 62 93 102 32 82 30 51 625 2574 45 78 35
internal_value=7.65111e-06 -0.000100334 -0.00397959 -0.00135484 0.000105662 0.00439024 -9.35639e-05 0.00727273 9.5791e-05 0.00195266 -0.00035753 -0.00538462 -0.00797468 -0.00451327
internal_weight=3921 3887 196 155 3691 164 3527 132 3445 676 2769 195 158 113
internal_count=3921 3887 196 155 3691 164 3527 132 3445 676 2769 195 158 113
is_linear=0
shrinkage=0.03


Tree=264
num_leaves=15
num_cat=1
split_feature=0 9 6 7 3 3 7 7 7 3 2 5 0 7
split_gain=4.9688 3.49091 6.63624 6.19329 5.97569 4.70266 6.07672 4.55525 4.47144 4.42825 7.40816 4.40981 6.53797 4.46394
threshold=40.576350500000011 0 118.50000000000001 207.50000000000003 23764.157000000003 5944.2975000000015 184.50000000000003 199.50000000000003 209.50000000000003 7636.7180000000017 310.50000000000006 13.500000000000002 25.780628000000004 240.50000000000003
decision_type=2 9 2 2 2 2 2 2 2 2 2 2 2 2
left_child=1 2 9 4 5 -3 -7 -8 -5 -1 -11 13 -13 -4
right_child=-2 3 11 8 -6 6 7 -9 -10 10 -12 12 -14 -15
leaf_value=-1.6756801735066573 5.6016513520764075 0.38118206220110096 0.3716871301516676 -1.5372830986503299 1.5564529399340654 0.81355703955349323 -1.4420733423076262 -0.44450751251098608 -0.11974913172226592 0.26987201548246503 -1.2514600103268889 0.35853520528345822 7.7908411563015258 -0.58862038055360244
leaf_weight=57 30 163 286 44 123 39 64 57 2296 72 41 382 30 205
leaf_count=57 30 163 286 44 123 39 64 57 2296 72 41 382 30 205
internal_value=-0.000161995 -0.000256543 0.00119114 -0.000815451 0.00242152 0.000278638 -0.003375 -0.00669421 -0.0014359 -0.00423529 -0.00079646 0.00222591 0.00451456 0.000305499
internal_weight=3889 3859 1073 2786 446 323 160 121 2340 170 113 903 412 491
internal_count=3889 3859 1073 2786 446 323 160 121 2340 170 113 903 412 491
cat_boundaries=0 1
cat_threshold=16872
is_linear=0
shrinkage=0.03


Tree=265
num_leaves=15
num_cat=3
split_feature=1 6 9 6 7 5 9 7 2 5 5 9 6 7
split_gain=4.75114 3.4123 8.59679 6.22458 12.6143 6.03389 5.63496 7.96622 10.4881 6.46181 5.17149 4.83605 4.91811 4.52519
threshold=10.500000000000002 124.50000000000001 0 128.50000000000003 201.50000000000003 14.500000000000002 1 241.50000000000003 134.55000000000004 13.500000000000002 12.500000000000002 2 197.50000000000003 266.50000000000006
decision_type=2 2 9 2 2 2 9 2 2 2 2 9 2 2
left_child=1 2 -1 4 -3 6 10 -8 9 -9 -5 12 -7 -4
right_child=-2 3 13 5 -6 11 7 8 -10 -11 -12 -13 -14 -15
leaf_value=-0.6424643236537031 0.24920296854836577 5.9139170946038915 0.05435217864234005 1.6105736145801666 0.038555254276543563 0.01855742384197356 -0.35358917192277883 0.19229036272520944 -0.17378585484622816 1.5697722760491069 -0.46413039130461697 0.44430221864509573 -1.9391849801941929 0.67352095307344595
leaf_weight=449 63 33 316 35 89 814 474 151 149 107 608 563 30 31
leaf_count=449 63 33 316 35 89 814 474 151 149 107 608 563 30 31
internal_value=-7.66871e-05 -0.000210444 -0.0019598 0.00024566 0.00688525 -3.07062e-05 -0.00133858 0.00023569 0.00331695 0.00697674 -0.00344564 0.00138593 -7.02576e-05 0.00159664
internal_weight=3912 3849 796 3053 122 2931 1524 881 407 258 643 1407 844 347
internal_count=3912 3849 796 3053 122 2931 1524 881 407 258 643 1407 844 347
cat_boundaries=0 1 2 3
cat_threshold=55561 106673 11856
is_linear=0
shrinkage=0.03


Tree=266
num_leaves=15
num_cat=1
split_feature=9 0 2 2 8 7 7 2 2 0 8 5 2 7
split_gain=3.83117 15.4241 6.05378 4.42209 3.59152 4.2594 6.02996 6.40005 5.82424 5.01184 3.29401 4.55515 7.99073 7.59523
threshold=0 5.061961000000001 130.50000000000003 40.400000000000006 5.5000000000000009 218.50000000000003 242.50000000000003 243.50000000000003 109.45000000000002 17.153512500000001 1.0000000180025095e-35 14.500000000000002 60.45000000000001 211.50000000000003
decision_type=9 2 2 2 2 2 2 2 2 2 2 2 2 2
left_child=1 2 -1 -2 -5 -6 9 8 -8 -7 -3 12 -12 -13
right_child=3 10 -4 4 5 6 7 -9 -10 -11 11 13 -14 -15
leaf_value=-0.37671289604030789 0.62762798825720434 0.42794795486048542 -2.4745417144875046 0.0061800624231841536 -0.73674994408083194 2.5014915484734614 1.8407861331210205 1.6354662498499022 -1.5794268062850596 0.56155014963303984 0.1504024728441925 -0.36450117985854147 -0.18213909817772558 0.17171857701368592
leaf_weight=33 81 189 43 1720 58 38 48 30 40 33 114 175 632 699
leaf_count=33 81 189 43 1720 58 38 48 30 40 33 114 175 632 699
internal_value=7.62777e-06 -0.000965699 -0.0142105 0.00090379 0.000625318 0.0040081 0.00619048 0.0020339 -0.00204545 0.0130986 -0.000414594 -0.000851852 -0.00257373 0.000617849
internal_weight=3933 1885 76 2048 1967 247 189 118 88 71 1809 1620 746 874
internal_count=3933 1885 76 2048 1967 247 189 118 88 71 1809 1620 746 874
cat_boundaries=0 1
cat_threshold=36437
is_linear=0
shrinkage=0.03


Tree=267
num_leaves=15
num_cat=1
split_feature=9 0 3 5 0 0 0 3 0 3 3 0 6 5
split_gain=4.97581 10.0519 6.54176 5.22968 8.99663 13.5207 7.12765 6.35695 8.87282 6.34966 5.26886 4.74241 7.43305 7.21482
threshold=0 28.263640500000005 661.22350000000017 15.500000000000002 12.772709500000001 8.6741905000000017 24.891315000000002 26531.549500000005 20.905110500000003 3742.1800000000007 13257.596500000001 27.113121000000003 174.50000000000003 14.500000000000002
decision_type=9 2 2 2 2 2 2 2 2 2 2 2 2 2
left_child=2 -2 -1 11 5 -5 7 8 9 -6 -11 12 13 -4
right_child=1 -3 3 4 6 -7 -8 -9 -10 10 -12 -13 -14 -15
leaf_value=-1.1453214752363692 0.04387719064084649 7.9478930336308027 -0.78531591569879644 0.16656701970327389 -0.97371097332297041 -2.07511310788979 -1.652763547108193 3.7676365089263388 6.549751184255185 4.6466316205589484 -0.23729990440519486 0.14358410645612366 0.23042745214083424 -0.096032902519417568
leaf_weight=54 1237 31 642 99 47 46 38 51 30 65 41 567 405 584
leaf_count=54 1237 31 642 99 47 46 38 51 30 65 41 567 405 584
internal_value=-3.81001e-05 0.00150235 -0.000772676 -0.000562141 0.00251799 -0.00351724 0.00573529 0.00769231 0.00508197 0.00215686 0.00622642 -0.0011465 -0.00196812 -0.00313214
internal_weight=3937 1268 2669 2615 417 145 272 234 183 153 106 2198 1631 1226
internal_count=3937 1268 2669 2615 417 145 272 234 183 153 106 2198 1631 1226
cat_boundaries=0 1
cat_threshold=108873
is_linear=0
shrinkage=0.03


Tree=268
num_leaves=15
num_cat=2
split_feature=0 0 9 0 0 9 0 0 3 7 5 0 2 0
split_gain=3.80977 6.46125 5.65453 9.66715 8.21548 5.0531 8.76007 6.92502 7.02009 8.5816 7.574 7.10099 6.54871 5.67509
threshold=19.369722000000007 19.172023500000005 0 25.780628000000004 22.950258000000002 1 5.061961000000001 18.015126500000004 5298.148000000001 277.50000000000006 16.500000000000004 15.458598500000003 542.60000000000014 18.602377000000001
decision_type=2 2 9 2 2 9 2 2 2 2 2 2 2 2
left_child=1 5 3 4 -2 6 -1 8 9 -8 11 12 -10 -7
right_child=2 -3 -4 -5 -6 13 7 -9 10 -11 -12 -13 -14 -15
leaf_value=-1.1024470101759283 2.5378502171799893 -1.7728909665779793 0.042560874921621236 7.3247910892688486 -1.6230924335519739 0.022912417982704481 -0.94449964412327969 -1.0729832900029033 -0.0095974836051982496 1.4966782247937385 1.9408234799150181 1.2947808815676398 -1.8647959695005807 1.5253944545351952
leaf_weight=68 102 33 1349 58 65 1357 185 89 356 30 41 135 34 50
leaf_count=68 102 33 1349 58 65 1357 185 89 356 30 41 135 34 50
internal_value=0.000303644 -0.000454163 0.00144854 0.00574468 0.00233533 -0.000268657 -0.00196203 -0.00117241 -0.000268886 -0.00488372 0.0014841 0.000514286 -0.00153846 0.000868031
internal_weight=3952 2378 1574 225 167 2345 938 870 781 215 566 525 390 1407
internal_count=3952 2378 1574 225 167 2345 938 870 781 215 566 525 390 1407
cat_boundaries=0 1 2
cat_threshold=1220 38541
is_linear=0
shrinkage=0.03


Tree=269
num_leaves=15
num_cat=1
split_feature=6 3 6 9 2 3 6 6 6 3 3 6 6 6
split_gain=4.07935 4.34104 8.43622 3.40065 7.82096 6.04343 4.85157 5.50958 5.40439 4.96757 4.72765 4.23493 6.14989 3.803
threshold=204.50000000000003 661.22350000000017 150.50000000000003 0 1012.6000000000001 1085.865 66.500000000000014 78.500000000000014 93.500000000000014 13878.031000000001 75939.371000000014 100.50000000000001 104.50000000000001 114.50000000000001
decision_type=2 2 2 9 2 2 2 2 2 2 2 2 2 2
left_child=1 2 -1 13 5 -5 -7 -8 9 -9 11 -10 -13 -3
right_child=-2 3 -4 4 -6 6 7 8 10 -11 -12 12 -14 -15
leaf_value=-1.8962277474591018 -1.2702505762302678 -0.18508441284745003 0.6549803270821638 2.2436418321206859 -0.81585479787285287 2.0616127785092799 -0.94816259251567536 -0.13677163518241287 -0.66941711563928485 1.1371627877528043 1.687988466674617 2.0231910687196626 0.027328776598792501 -0.01506308721856385
leaf_weight=43 41 246 42 52 35 34 37 31 31 53 81 30 1277 1934
leaf_count=43 41 246 42 52 35 34 37 31 31 53 81 30 1277 1934
internal_value=-9.83111e-05 0 -0.00670588 0.000148399 0.00116697 0.00147601 0.00114358 0.000896104 0.00117764 0.00857143 0.000739958 0.000313901 0.000573833 -0.000630137
internal_weight=3967 3926 85 3841 1661 1626 1574 1540 1503 84 1419 1338 1307 2180
internal_count=3967 3926 85 3841 1661 1626 1574 1540 1503 84 1419 1338 1307 2180
cat_boundaries=0 1
cat_threshold=44613
is_linear=0
shrinkage=0.03


Tree=270
num_leaves=15
num_cat=3
split_feature=9 0 9 3 9 2 2 2 0 8 0 6 3 1
split_gain=4.91811 4.37754 11.1594 10.4066 8.65801 6.41605 6.69377 7.22051 7.27085 5.44236 5.26884 5.44278 5.13628 5.50476
threshold=0 13.285151500000001 1 69209.022000000012 2 44.500000000000007 131.05000000000004 226.10000000000002 11.347125000000002 2.5000000000000004 11.945274500000002 159.50000000000003 6035.625500000001 1.5000000000000002
decision_type=9 2 9 2 9 2 2 2 2 2 2 2 2 2
left_child=-1 2 3 10 -3 -4 -7 12 -9 -6 -2 -12 -8 -14
right_child=1 4 5 -5 9 6 7 8 -10 -11 11 -13 13 -15
leaf_value=-1.1361358053461867 -0.31105951482870237 2.0285280474183334 1.0704964235522123 -3.2565926835531118 -0.15775656971285115 -0.34425729974842623 0.040942556223653809 -0.3146688438805495 1.16100730050538 0.18118263460928119 -0.42655491261064982 -2.4987341936296832 1.318101808367951 0.39844904005367593
leaf_weight=237 376 176 36 30 967 325 71 206 34 1241 48 38 35 70
leaf_count=237 376 176 36 30 967 325 71 206 34 1241 48 38 35 70
internal_value=-0.000154242 0.00012285 -0.00130024 -0.00478088 0.000880872 0.000952986 0.000364372 0.00288462 -0.0005 0.000351668 -0.00376623 -0.0104651 0.0075 0.0117143
internal_weight=3890 3653 1269 492 2384 777 741 416 240 2208 462 86 176 105
internal_count=3890 3653 1269 492 2384 777 741 416 240 2208 462 86 176 105
cat_boundaries=0 1 2 3
cat_threshold=1025 6796 100
is_linear=0
shrinkage=0.03


Tree=271
num_leaves=15
num_cat=1
split_feature=1 6 9 2 6 0 2 2 0 3 6 3 1 3
split_gain=3.2779 3.96812 4.67832 6.76101 5.73516 5.60188 10.9708 4.46347 11.4255 5.044 4.16156 4.10759 6.65669 3.78372
threshold=15.500000000000002 61.500000000000007 0 435.10000000000008 192.50000000000003 14.957541000000001 395.15000000000003 245.60000000000002 18.755801500000004 28926.988000000001 123.50000000000001 22466.394000000004 1.5000000000000002 2330.2260000000001
decision_type=2 2 9 2 2 2 2 2 2 2 2 2 2 2
left_child=1 -1 4 -4 5 6 13 9 -9 10 -7 12 -5 -3
right_child=-2 2 3 11 -6 7 -8 8 -10 -11 -12 -13 -14 -15
leaf_value=1.2726654898147602 -0.84729476302607964 0.96044932331158628 0.024513394571665684 1.2219382121415969 -1.7860841093677675 -0.79532483168680868 -1.2545039357545897 2.0872304834462829 -0.27288992481769014 -0.75550605499096712 0.12885091413197186 1.2054055807798021 -0.31088576409746566 -0.34037456084361339
leaf_weight=31 30 80 1985 38 46 74 96 116 212 109 503 86 45 513
leaf_count=31 30 80 1985 38 46 74 96 116 212 109 503 86 45 513
internal_value=-0.00012109 -4.5755e-05 -0.000130669 0.000804067 -0.00127914 -0.00100411 -0.00309144 0.000414201 0.00329268 -0.000962099 0.000155979 0.00656805 0.00180723 -0.0015683
internal_weight=3964 3934 3903 2154 1749 1703 689 1014 328 686 577 169 83 593
internal_count=3964 3934 3903 2154 1749 1703 689 1014 328 686 577 169 83 593
cat_boundaries=0 1
cat_threshold=7445
is_linear=0
shrinkage=0.03


Tree=272
num_leaves=15
num_cat=4
split_feature=9 0 9 7 7 0 0 5 0 9 7 9 7 0
split_gain=4.13165 3.99306 3.90777 5.9445 4.22484 7.23167 7.16547 3.89178 7.52033 10.5752 8.64242 7.18271 6.58904 6.27003
threshold=0 39.373733000000009 1 273.50000000000006 203.50000000000003 29.448273000000004 20.614478000000002 15.500000000000002 27.113121000000003 2 219.50000000000003 3 197.50000000000003 16.165595000000003
decision_type=9 2 9 2 2 2 2 2 2 9 2 9 2 2
left_child=-1 2 3 4 -2 6 -6 8 11 -10 -11 -4 -9 -13
right_child=1 -3 7 -5 5 -7 -8 12 9 10 -12 13 -14 -15
leaf_value=0.15188616584883902 0.20842420168529088 2.4701177209702974 -0.44099396041539418 0.37864443683242827 -0.39845169621991883 -1.0958253000009517 1.4353390678090454 -1.1299687724421801 3.7489859144399724 1.7664460492661191 -0.68405113240501803 -0.11167633604377897 0.38057396102465246 0.45585452448340102
leaf_weight=214 105 52 879 54 237 48 69 34 133 151 150 746 580 472
leaf_count=214 105 52 879 54 237 48 69 34 133 151 150 746 580 472
internal_value=6.11621e-05 -0.000177419 -0.000295243 -0.00269598 -0.00385621 -0.00542373 -0.00372549 0.000104596 -0.000414856 0.00317972 -9.6463e-05 -0.0011588 0.00224756 0.00034202
internal_weight=3924 3710 3658 513 459 354 306 3145 2531 434 301 2097 614 1218
internal_count=3924 3710 3658 513 459 354 306 3145 2531 434 301 2097 614 1218
cat_boundaries=0 1 2 3 4
cat_threshold=16400 67072 2176 34945
is_linear=0
shrinkage=0.03


Tree=273
num_leaves=15
num_cat=0
split_feature=6 3 3 6 5 7 2 2 6 8 8 2 3 3
split_gain=3.88347 10.4059 6.98994 4.3701 5.95216 6.41068 4.4051 4.24773 6.40087 5.77259 5.71386 7.37162 4.23802 8.5155
threshold=111.50000000000001 3020.9970000000003 79683.272000000012 136.50000000000003 14.500000000000002 215.50000000000003 94.500000000000014 379.60000000000008 123.50000000000001 5.5000000000000009 2.5000000000000004 563.50000000000011 19984.095000000005 49361.643500000013
decision_type=2 2 2 2 2 2 2 2 2 2 2 2 2 2
left_child=1 -1 -3 7 5 6 -5 8 -2 -10 -9 -12 -7 -14
right_child=3 2 -4 4 -6 12 -8 10 9 -11 11 -13 13 -15
leaf_value=-0.9442717371363778 -0.19467239384648563 0.043441778959866041 -0.75460521777499245 -0.0035847683732890801 0.23715567414251779 0.042871171349443099 -1.4356135838315867 0.086132998219273976 0.24379905347318526 2.6182822125022582 2.2092187827533576 0.097070355543683026 -0.73891140726312066 0.20415944064268615
leaf_weight=49 233 410 56 81 1256 837 141 48 330 37 35 34 204 128
leaf_count=49 233 410 56 81 1256 837 141 48 330 37 35 34 204 128
internal_value=0.000270688 -0.00215534 -0.000772532 0.000642093 7.93351e-05 -0.00127247 -0.00594595 0.00271967 0.0017 0.00416894 0.00794872 0.0134783 -0.000384944 -0.00325301
internal_weight=3879 515 466 3364 2647 1391 222 717 600 367 117 69 1169 332
internal_count=3879 515 466 3364 2647 1391 222 717 600 367 117 69 1169 332
is_linear=0
shrinkage=0.03


Tree=274
num_leaves=15
num_cat=0
split_feature=6 2 0 3 2 3 6 3 3 2 2 8 4 0
split_gain=3.47792 3.71645 6.49836 9.99151 7.84404 6.12525 5.6978 5.50519 10.7163 7.46632 5.23236 6.06786 8.31319 5.21416
threshold=199.50000000000003 119.05000000000001 25.288895500000006 22466.394000000004 50.500000000000007 873.06250000000011 104.50000000000001 22143.343000000004 22981.305000000004 144.40000000000003 218.50000000000003 3.5000000000000004 1.0000000180025095e-35 32.357305500000002
decision_type=2 2 2 2 2 2 2 2 2 2 2 2 2 2
left_child=1 2 5 4 -4 -1 -7 -3 -9 -10 11 12 -11 -6
right_child=-2 7 3 -5 13 6 -8 8 9 10 -12 -13 -14 -15
leaf_value=-1.0582141097718334 -0.83910338729217981 -0.22676502782268471 -1.0442297932352813 -1.2838689400365262 3.7493645128016735 1.4450834229824614 0.012325949373674802 1.4338607027554098 -0.84237412926415345 1.915991948702749 -0.012842608420212969 -0.069075713733171826 -0.27681732203497628 1.0588598765619781
leaf_weight=58 83 1361 52 40 152 52 1157 34 80 97 534 85 41 73
leaf_count=58 83 1361 52 40 152 52 1157 34 80 97 534 85 41 73
internal_value=-6.92485e-05 6.28931e-05 0.00117424 0.00501577 0.00703971 0.000213102 0.000669975 -0.000725806 0.00113662 0.00046595 0.00138705 0.00524664 0.00913043 0.00946667
internal_weight=3899 3816 1584 317 277 1267 1209 2232 871 837 757 223 138 225
internal_count=3899 3816 1584 317 277 1267 1209 2232 871 837 757 223 138 225
is_linear=0
shrinkage=0.03


Tree=275
num_leaves=15
num_cat=3
split_feature=9 2 6 6 6 2 6 8 9 0 9 0 2 2
split_gain=5.29512 7.40641 6.54412 5.53306 5.3083 8.70554 4.96063 6.56374 6.00859 7.09317 5.43942 7.01538 6.87845 5.68007
threshold=0 44.500000000000007 78.500000000000014 191.50000000000003 177.50000000000003 40.400000000000006 151.50000000000003 5.5000000000000009 1 9.1326195000000023 2 30.170893000000003 291.25000000000006 60.45000000000001
decision_type=9 2 2 2 2 2 2 2 9 2 9 2 2 2
left_child=1 -1 -2 -3 5 -4 7 8 9 -7 12 13 -8 -12
right_child=2 3 4 -5 -6 6 10 -9 -10 -11 11 -13 -14 -15
leaf_value=-1.150497860429524 -1.4282129425112815 -0.11217178416814817 0.55088904992482923 -1.6549609266708012 0.55261139730289066 1.7562873174861828 -0.80500835631073864 0.49848913408157725 -0.035243021618948656 0.35516716835255008 -2.2142725000751691 2.7392955620937594 0.29943402496114796 0.045236493299995573
leaf_weight=47 65 1246 66 43 490 43 242 130 905 133 64 40 46 352
leaf_count=47 65 1246 66 43 490 43 242 130 905 133 64 40 46 352
internal_value=-0.000168712 -0.00169391 0.00062645 -0.00128006 0.000872162 0.000192974 -0.000168798 0.00101569 0.000249769 0.00516129 -0.00209677 0 -0.0052349 -0.00115385
internal_weight=3912 1336 2576 1289 2511 2021 1955 1211 1081 176 744 456 288 416
internal_count=3912 1336 2576 1289 2511 2021 1955 1211 1081 176 744 456 288 416
cat_boundaries=0 1 2 3
cat_threshold=3333 81920 74272
is_linear=0
shrinkage=0.03


Tree=276
num_leaves=15
num_cat=2
split_feature=4 9 1 3 1 0 3 0 3 7 0 9 1 5
split_gain=3.02777 4.77424 5.63723 5.41765 5.45105 5.38741 6.22384 3.94734 3.93072 4.6494 5.29692 3.10214 5.58638 5.48101
threshold=1.0000000180025095e-35 0 1.5000000000000002 14985.743500000002 3.5000000000000004 11.4810505 5741.732500000001 24.111666000000003 41797.034000000007 235.50000000000003 15.891963000000002 1 5.5000000000000009 12.500000000000002
decision_type=2 9 2 2 2 2 2 2 2 2 2 9 2 2
left_child=11 2 5 -4 -5 -2 -7 8 9 -3 -11 -1 13 -13
right_child=1 7 3 4 -6 6 -8 -9 -10 10 -12 12 -14 -15
leaf_value=-0.069299202653014619 -1.7512564751106185 1.5502129212758153 0.62022384880164283 -0.84382219103935308 0.1305449376741035 1.9211898924205342 -1.9869061330466513 4.3435584733229096 -0.84155217458134979 0.15070231099361536 -1.8666351769224343 1.5774671314784927 -0.62218948979679911 0.087985499438103715
leaf_weight=1775 41 57 33 53 55 30 62 34 62 57 35 117 41 1410
leaf_count=1775 41 57 33 53 55 30 62 34 62 57 35 117 41 1410
internal_value=0.000108752 -0.00202312 -0.00464789 -0.000638298 -0.00388889 -0.00924812 -0.00521739 0.00105882 -0.00042654 0.00221477 -0.00195652 0.000439725 0.00140684 0.00170923
internal_weight=3862 519 274 141 108 133 92 245 211 149 92 3343 1568 1527
internal_count=3862 519 274 141 108 133 92 245 211 149 92 3343 1568 1527
cat_boundaries=0 1 2
cat_threshold=108581 7513
is_linear=0
shrinkage=0.03


Tree=277
num_leaves=15
num_cat=1
split_feature=0 6 1 3 3 6 0 0 3 3 6 2 0 9
split_gain=5.17773 3.26152 3.29355 4.41176 6.62495 3.50417 3.75111 5.2108 3.08437 2.95842 9.5923 1.72043 1.69389 8.34792
threshold=2.3840500000000007 204.50000000000003 15.500000000000002 84154.221000000005 67879.617000000013 111.50000000000001 11.246637000000002 17.947233500000007 72772.829500000007 565.17600000000004 151.50000000000003 321.45000000000005 19.719260500000001 0
decision_type=2 2 2 2 2 2 2 2 2 2 2 2 2 9
left_child=-1 2 3 4 9 -5 -7 -8 -6 10 -2 -9 -11 -14
right_child=1 -3 -4 5 8 6 7 11 -10 12 -12 -13 13 -15
leaf_value=-1.8889136615406152 -1.7154384589478557 -0.76376655276676841 -0.96872382405033242 -0.26862740016222914 -1.4407453555422238 -0.022074035950088271 3.1507734471015669 -0.034593479378071376 -0.12075152147281415 -0.0074210296300191202 0.79973057008669113 3.6571903261736858 2.8014418759083584 0.044560197719647476
leaf_weight=33 41 46 32 38 30 39 38 32 53 2140 33 30 116 1243
leaf_count=33 41 46 32 38 30 39 38 32 53 2140 33 30 116 1243
internal_value=1.5213e-05 0.00011506 0.000209573 0.00028959 6.56455e-05 0.00491525 0.0071223 0.0102 -0.00831325 0.000260285 -0.00567568 0.00483871 0.000385825 0.00121413
internal_weight=3944 3911 3865 3833 3656 177 139 100 83 3573 74 62 3499 1359
internal_count=3944 3911 3865 3833 3656 177 139 100 83 3573 74 62 3499 1359
cat_boundaries=0 1
cat_threshold=640
is_linear=0
shrinkage=0.03


Tree=278
num_leaves=15
num_cat=0
split_feature=4 2 6 8 6 4 0 3 6 3 1 0 8 0
split_gain=4.95352 4.93319 4.29362 4.97007 4.27942 6.34462 5.72751 5.18211 7.9085 5.35742 6.76933 4.09661 3.92007 6.43464
threshold=1.0000000180025095e-35 1040.5000000000002 197.50000000000003 2.5000000000000004 103.50000000000001 1.5000000000000002 25.564024500000006 5298.148000000001 159.50000000000003 15728.661000000002 2.5000000000000004 18.440879500000005 2.5000000000000004 33.958348000000008
decision_type=2 2 2 2 2 2 2 2 2 2 2 2 2 2
left_child=1 2 12 -4 5 -2 7 8 -6 11 -11 -9 13 -1
right_child=4 -3 3 -5 6 -7 -8 9 -10 10 -12 -13 -14 -15
leaf_value=-0.15075353931757945 2.3127149666532523 -0.86644374362568666 0.34388565426290824 -1.1150800110737349 -2.2180077890925123 -0.85092992689148894 1.194738879025524 -0.15322807363439322 -0.43558466743544044 -3.0082609581937731 -0.058763889492599329 2.2953859179399476 0.092681017707658381 1.432007868292867
leaf_weight=1292 35 35 41 61 51 32 67 90 30 88 106 31 1893 73
leaf_count=1292 35 35 41 61 51 32 67 90 30 88 106 31 1893 73
internal_value=-0.000359236 6.18557e-05 0.000178571 -0.00588235 -0.0030566 0.00402985 -0.00408207 -0.00545455 -0.0122222 -0.00371429 -0.00680412 0.00123967 0.000368324 -0.000857143
internal_weight=3925 3395 3360 102 530 67 463 396 81 315 194 121 3258 1365
internal_count=3925 3395 3360 102 530 67 463 396 81 315 194 121 3258 1365
is_linear=0
shrinkage=0.03


Tree=279
num_leaves=15
num_cat=0
split_feature=0 6 3 0 3 2 0 0 0 6 2 3 0 6
split_gain=3.55843 3.06911 9.32668 6.66806 6.29094 5.00955 6.32748 6.12741 9.34383 7.06217 6.7759 6.44539 6.52459 5.90965
threshold=2.3840500000000007 150.50000000000003 661.22350000000017 37.370455500000013 944.08000000000004 39.500000000000007 15.138987000000002 19.369722000000007 21.221072000000003 167.50000000000003 589.50000000000011 24766.354500000005 14.759772000000002 169.50000000000003
decision_type=2 2 2 2 2 2 2 2 2 2 2 2 2 2
left_child=-1 2 -2 -4 -3 6 -6 10 9 -9 11 -7 -13 -10
right_child=1 4 3 -5 5 7 -8 8 13 -11 -12 12 -14 -15
leaf_value=-1.4359499458537619 -1.5710450143996626 1.7916797578975296 0.0082410203806114173 -2.0353660489037475 0.38619317171651346 0.054642330797103109 -2.5406957163281412 0.78854777394372833 0.9977502513029799 3.5328136380820112 1.4257062574826569 -0.08294649656972751 -0.97696800749614909 -0.32234688979522158
leaf_weight=30 37 79 1818 38 43 874 45 66 307 67 40 163 72 221
leaf_count=30 37 79 1818 38 43 874 45 66 307 67 40 163 72 221
internal_value=0.000292308 0.000372093 -0.000491284 -0.000193966 0.00119879 0.00085353 -0.00613636 0.00119337 0.0034947 0.0106015 -0.000130548 -0.000568079 -0.00497872 0.00170455
internal_weight=3900 3870 1893 1856 1977 1898 88 1810 661 133 1149 1109 235 528
internal_count=3900 3870 1893 1856 1977 1898 88 1810 661 133 1149 1109 235 528
is_linear=0
shrinkage=0.03


Tree=280
num_leaves=15
num_cat=2
split_feature=9 4 6 2 0 0 9 7 2 0 6 6 6 0
split_gain=4.69474 5.84832 4.34513 6.73846 6.13423 3.90191 3.30142 5.10678 8.65335 6.71708 5.47373 7.78745 8.72538 4.68802
threshold=0 2.5000000000000004 114.50000000000001 642.30000000000007 5.7379890000000007 29.448273000000004 1 226.50000000000003 327.60000000000008 26.683263500000006 134.50000000000003 172.50000000000003 161.50000000000003 21.995953000000004
decision_type=9 2 2 2 2 2 9 2 2 2 2 2 2 2
left_child=1 2 5 4 -4 -1 13 -8 9 10 -9 12 -12 -6
right_child=-2 -3 3 -5 6 -7 7 8 -10 -11 11 -13 -14 -15
leaf_value=-0.24494242232544364 0.088789835557904553 -0.87091531121325594 -1.1178313140778908 1.6952640652989497 -0.045780176589498747 -1.1713639895660117 -1.3907002905329273 -1.6214852184221604 -2.9650775198319965 -1.845069243646601 0.72332129924495803 0.016281891814564915 3.1978064902803363 1.6584271671590807
leaf_weight=146 2621 56 50 40 248 37 215 32 36 62 81 114 47 156
leaf_count=146 2621 56 50 40 248 37 215 32 36 62 81 114 47 156
internal_value=0.000235981 -0.00121805 -0.000806962 -8.32562e-05 -0.00054755 -0.00508197 -3.02725e-05 -0.00145729 0.000645161 0.00214286 0.00416058 0.00570248 0.0107812 0.00202899
internal_weight=3941 1320 1264 1081 1041 183 991 587 372 336 274 242 128 404
internal_count=3941 1320 1264 1081 1041 183 991 587 372 336 274 242 128 404
cat_boundaries=0 1 2
cat_threshold=38409 33281
is_linear=0
shrinkage=0.03


Tree=281
num_leaves=15
num_cat=0
split_feature=2 2 8 1 1 2 7 5 3 7 3 0 7 2
split_gain=2.94532 2.67355 4.81891 5.25763 4.02115 3.114 6.84719 4.71722 2.79442 7.1138 3.47782 6.2435 5.30196 3.07787
threshold=30.500000000000004 490.15000000000003 5.5000000000000009 11.500000000000002 6.5000000000000009 589.50000000000011 220.50000000000003 14.500000000000002 967.68450000000018 238.50000000000003 1471.3920000000003 19.719260500000001 234.50000000000003 428.40000000000003
decision_type=2 2 2 2 2 2 2 2 2 2 2 2 2 2
left_child=-1 8 3 4 5 6 -3 -7 9 -2 11 12 -10 -12
right_child=1 2 -4 -5 -6 7 -8 -9 10 -11 13 -13 -14 -15
leaf_value=-1.8416604238260446 -0.78320309567911406 0.46275625519233926 0.75326411324344689 0.45954574722450953 -1.474405370822119 -0.36786699529754741 -1.4338348038268076 1.146084647047046 2.840356915363536 0.14428856054140624 -0.0043502969172072876 2.4810967507289137 -0.39227748459185474 0.80913742737313321
leaf_weight=39 86 31 35 46 42 55 55 58 34 85 3195 58 51 84
leaf_count=39 86 31 35 46 42 55 55 58 34 85 3195 58 51 84
internal_value=-0.000257967 -0.000176245 -0.00279503 -0.00407666 -0.00585062 -0.00407035 -0.00837209 -0.00079646 5.8447e-05 -0.00368421 0.00024547 0.00482517 -0.000352941 4.57457e-05
internal_weight=3954 3915 322 287 241 199 86 113 3593 171 3422 143 85 3279
internal_count=3954 3915 322 287 241 199 86 113 3593 171 3422 143 85 3279
is_linear=0
shrinkage=0.03


Tree=282
num_leaves=15
num_cat=2
split_feature=6 2 7 7 6 2 7 2 9 2 0 9 6 0
split_gain=4.66773 4.87059 3.92516 3.89473 7.01371 6.17752 6.94853 8.06875 7.02715 9.36387 6.5104 6.11251 10.9498 6.62681
threshold=197.50000000000003 65.500000000000014 285.50000000000006 217.50000000000003 154.50000000000003 94.500000000000014 214.50000000000003 194.55000000000004 0 127.60000000000001 26.965247500000004 1 131.50000000000003 30.747997500000004
decision_type=2 2 2 2 2 2 2 2 9 2 2 9 2 2
left_child=3 -2 -3 4 5 -1 8 -8 9 -7 -11 12 -5 -14
right_child=1 2 -4 11 -6 6 7 -9 -10 10 -12 -13 13 -15
leaf_value=0.65950800383294106 0.36057321303156642 -0.19110025301490621 -1.1220888231621802 -1.1277507310095041 -1.4316022785943858 -1.8477526677982405 0.17671503375995767 -2.5227476815343013 0.30439215674741715 -0.79425505947744568 1.6077266933393457 0.15277666056528913 -0.016116133351222289 1.0089410116627437
leaf_weight=178 34 50 31 197 100 51 30 49 337 192 70 1698 789 60
leaf_count=178 34 50 31 197 100 51 30 49 337 192 70 1698 789 60
internal_value=-4.65598e-05 -0.006 -0.01 0.000135964 -0.00145978 -0.000628445 -0.00185185 -0.0102532 -0.000830769 -0.00399381 -0.00183206 0.000721574 -0.00107955 0.000388693
internal_weight=3866 115 81 3751 1007 907 729 79 650 313 262 2744 1046 849
internal_count=3866 115 81 3751 1007 907 729 79 650 313 262 2744 1046 849
cat_boundaries=0 1 2
cat_threshold=2825 104065
is_linear=0
shrinkage=0.03


Tree=283
num_leaves=15
num_cat=1
split_feature=9 1 0 6 7 0 6 7 2 7 6 0 2 2
split_gain=5.47645 3.18187 4.45839 2.8504 5.86776 4.05244 8.24235 5.38011 5.30745 5.07553 5.13984 4.47358 7.46583 5.72832
threshold=0 3.5000000000000004 14.028341500000002 130.50000000000003 270.50000000000006 25.780628000000004 141.50000000000003 211.50000000000003 95.050000000000011 232.50000000000003 164.50000000000003 22.950258000000002 183.45000000000002 313.50000000000006
decision_type=9 2 2 2 2 2 2 2 2 2 2 2 2 2
left_child=1 -1 -3 4 -2 11 -7 -8 -9 -10 -11 13 -13 -5
right_child=3 2 -4 5 -6 6 7 8 9 10 -12 12 -14 -15
leaf_value=-0.18472621410560577 0.11770648177008979 -1.12753716214851 -0.17993201211882934 -0.047390017728976087 0.64651326295615485 -0.66444505895642125 -0.40070421717646237 4.5607221250457766 3.3699033262751752 -1.4060778282734918 1.581173717931972 -0.020681176609716658 -1.5694501504553817 0.50179740156819319
leaf_weight=1081 650 39 101 1311 40 84 49 82 51 37 32 101 59 236
leaf_count=1081 650 39 101 1311 40 84 49 82 51 37 32 101 59 236
internal_value=-6.83026e-05 -0.0017303 -0.006 0.000678337 0.00234783 0.000117532 0.00313433 0.00585657 0.0080198 0.004 -0.00130435 -0.000474517 -0.00525 1.93924e-05
internal_weight=3953 1221 140 2732 690 2042 335 251 202 120 69 1707 160 1547
internal_count=3953 1221 140 2732 690 2042 335 251 202 120 69 1707 160 1547
cat_boundaries=0 1
cat_threshold=5449
is_linear=0
shrinkage=0.03


Tree=284
num_leaves=15
num_cat=0
split_feature=8 6 3 3 3 2 7 3 8 7 7 3 5 4
split_gain=4.7108 8.20757 6.02462 8.43083 5.80705 13.3667 7.00197 6.93202 7.17656 5.88135 8.46795 5.51555 5.37528 4.36942
threshold=2.5000000000000004 197.50000000000003 5298.148000000001 4451.2520000000013 31896.329000000002 379.60000000000008 251.50000000000003 67879.617000000013 3.5000000000000004 214.50000000000003 193.50000000000003 11497.529 14.500000000000002 1.0000000180025095e-35
decision_type=2 2 2 2 2 2 2 2 2 2 2 2 2 2
left_child=2 4 3 -1 9 6 7 8 -6 10 11 12 -2 -7
right_child=1 -3 -4 -5 5 13 -8 -9 -10 -11 -12 -13 -14 -15
leaf_value=-0.13158453777985413 0.49931995555735625 -1.0507157015979272 0.010652898255564196 -2.6281951306814926 -1.1057912334943376 0.7601675885091197 -1.2374681798242977 -1.0781258745280502 1.2732987491577865 0.31399627097943722 -0.3886830906611658 1.2694980557392057 -0.85871802870246483 -0.074624294278931982
leaf_weight=471 56 69 1222 35 41 102 90 37 91 1327 249 54 43 36
leaf_count=471 56 69 1222 35 41 102 90 37 91 1327 249 54 43 36
internal_value=0.000130003 0.00105239 -0.00104167 -0.00379447 0.00138288 -0.00188917 -0.00590734 -0.00230769 0.000909091 0.00213418 -0.00104478 0.0045098 0.00030303 0.00565217
internal_weight=3923 2195 1728 506 2126 397 259 169 132 1729 402 153 99 138
internal_count=3923 2195 1728 506 2126 397 259 169 132 1729 402 153 99 138
is_linear=0
shrinkage=0.03


Tree=285
num_leaves=15
num_cat=0
split_feature=2 5 6 7 6 3 2 4 2 3 2 2 2 2
split_gain=5.74324 3.84942 6.70285 4.82185 4.21965 4.68838 6.00043 5.71537 4.82917 4.2059 7.46915 4.89412 4.52183 8.77465
threshold=1275.5000000000002 14.500000000000002 136.50000000000003 197.50000000000003 193.50000000000003 67879.617000000013 272.50000000000006 1.0000000180025095e-35 718.70000000000016 6868.8920000000007 99.500000000000014 155.05000000000004 142.10000000000002 189.45000000000002
decision_type=2 2 2 2 2 2 2 2 2 2 2 2 2 2
left_child=1 2 9 -3 5 8 -7 -8 -5 10 -1 -12 -11 -14
right_child=-2 3 -4 4 -6 6 7 -9 -10 12 11 -13 13 -15
leaf_value=0.61145588059424882 -0.90123571335929342 -0.23215417412804981 -0.22982585983708248 0.27912484012430694 -0.46939459446484305 -0.80815052646965224 0.99364514529023606 -0.68391954937555277 1.5280420304930453 -0.011174817484657068 -2.1794755913479866 -0.096315424135532332 1.9351989022608314 0.19704921670626957
leaf_weight=79 34 178 1392 1476 80 52 43 41 33 109 45 85 51 208
leaf_count=79 34 178 1392 1476 80 52 43 41 33 109 45 85 51 208
internal_value=-7.68049e-05 3.09917e-05 -0.000898933 0.000993169 0.00147826 0.00180547 -0.00352941 0.00142857 0.00228628 0.00181976 -0.00157895 -0.006 0.00375 0.00590734
internal_weight=3906 3872 1969 1903 1725 1645 136 84 1509 577 209 130 368 259
internal_count=3906 3872 1969 1903 1725 1645 136 84 1509 577 209 130 368 259
is_linear=0
shrinkage=0.03


Tree=286
num_leaves=15
num_cat=1
split_feature=9 6 0 0 0 5 3 0 3 3 6 3 0 6
split_gain=3.95063 7.13799 5.35825 4.46717 4.07388 4.47018 3.90625 6.96326 7.66343 3.83523 3.26324 3.23949 3.23339 8.25298
threshold=0 194.50000000000003 37.370455500000013 35.960008000000009 32.357305500000002 14.500000000000002 42810.897000000004 15.961149500000003 86800.085000000006 661.22350000000017 142.50000000000003 59701.482500000006 29.638791000000001 123.50000000000001
decision_type=9 2 2 2 2 2 2 2 2 2 2 2 2 2
left_child=1 2 4 12 6 -6 9 11 -9 -1 -5 -8 -2 -14
right_child=3 -3 -4 10 5 -7 7 8 -10 -11 -12 -13 13 -15
leaf_value=-1.4042474645836092 0.096340424545860517 -1.0636166874405761 1.7268513425424135 -3.1963772879106749 -0.1261775961285366 -0.82706770227036941 -0.73087696123396428 -1.0364156461138305 0.81042192579217498 0.024626857003945585 0.16212289964473711 -1.2758029392588128 -0.59955118908267424 4.0452561672112051
leaf_weight=47 1757 45 30 40 59 39 51 106 55 1472 31 58 38 105
leaf_count=47 1757 45 30 40 59 39 51 106 55 1472 31 58 38 105
internal_value=9.91609e-05 -0.000851927 -0.00057903 0.00104493 -0.000779014 -0.00673469 -0.000452767 -0.00377778 0.000186335 0.000138249 -0.00633803 -0.00963303 0.00132632 0.00566434
internal_weight=3933 1962 1917 1971 1887 98 1789 270 161 1519 71 109 1900 143
internal_count=3933 1962 1917 1971 1887 98 1789 270 161 1519 71 109 1900 143
cat_boundaries=0 1
cat_threshold=73505
is_linear=0
shrinkage=0.03


Tree=287
num_leaves=15
num_cat=2
split_feature=4 4 9 2 2 3 3 6 0 9 3 1 6 0
split_gain=2.46149 2.42099 6.78146 5.65086 5.88697 5.525 6.75225 4.76167 3.52072 3.82536 6.23889 8.06582 6.9736 5.99538
threshold=9.5000000000000018 1.0000000180025095e-35 0 232.50000000000003 126.50000000000001 41797.034000000007 3450.1600000000003 176.50000000000003 2.7785910000000005 1 20678.645000000004 2.5000000000000004 89.500000000000014 25.780628000000004
decision_type=2 2 9 2 2 2 2 2 2 9 2 2 2 2
left_child=1 8 3 4 -3 6 -4 -8 -1 10 11 -10 -12 -11
right_child=-2 2 5 -5 -6 -7 7 -9 9 13 12 -13 -14 -15
leaf_value=0.75407648483591849 0.64024281868218169 1.5967299294351869 -1.1447590550334341 1.6796622025468593 -1.8637440977694006 -1.2651112557586552 0.28607895287458857 -0.53005005011340467 -0.065962061244395048 0.030303718513607691 2.0287074939733123 -0.95643876867074817 0.050896100729485166 1.4583701795653496
leaf_weight=33 33 49 62 45 42 102 193 33 1235 1266 54 87 467 230
leaf_count=33 33 49 62 45 42 102 193 33 1235 1266 54 87 467 230
internal_value=2.28949e-05 -4.61775e-05 -0.00193916 0.00369863 -0.00032967 -0.0039 -0.001875 0.000530973 0.00024911 0.00015274 -0.000760928 -0.00186082 0.00201536 0.0012749
internal_weight=3931 3898 526 136 91 390 288 226 3372 3339 1843 1322 521 1496
internal_count=3931 3898 526 136 91 390 288 226 3372 3339 1843 1322 521 1496
cat_boundaries=0 1 2
cat_threshold=8280 111384
is_linear=0
shrinkage=0.03


Tree=288
num_leaves=15
num_cat=1
split_feature=4 6 9 8 2 0 2 0 0 0 0 6 2 2
split_gain=4.94392 3.51301 4.34002 5.10542 6.64422 6.56861 4.89035 5.21271 5.0333 4.77584 9.25187 4.58595 4.57585 4.98286
threshold=9.5000000000000018 61.500000000000007 0 4.5000000000000009 422.50000000000006 13.363864000000001 49.500000000000007 4.8585930000000008 6.974247000000001 35.960008000000009 31.587555500000004 174.50000000000003 435.10000000000008 490.15000000000003
decision_type=2 2 9 2 2 2 2 2 2 2 2 2 2 2
left_child=1 -1 3 4 6 -6 -3 -8 -9 10 12 -5 -4 -14
right_child=-2 2 9 11 5 -7 7 8 -10 -11 -12 -13 13 -15
leaf_value=1.238280608572935 1.9480128249289947 -0.67413148774551468 -0.016898539023634383 -0.070931717837419223 -1.4251397068345681 -0.11815427572881163 0.65454018821300564 -1.0140675702876114 -0.099089057244963211 -1.1519245903684328 3.6221488247178968 1.5252406644563825 1.6715106260820789 0.16213597310108296
leaf_weight=30 30 46 2346 212 31 47 33 33 568 76 109 62 51 207
leaf_count=30 30 46 2346 212 31 47 33 33 568 76 109 62 51 207
internal_value=-0.000131409 -0.000225915 -0.000306203 -0.00195777 -0.00324538 -0.0115385 -0.00229412 -0.00160883 -0.00224626 0.000310825 0.00051972 0.00153285 0.00016129 0.00395349
internal_weight=3881 3851 3821 1032 758 78 680 634 601 2789 2713 274 2604 258
internal_count=3881 3851 3821 1032 758 78 680 634 601 2789 2713 274 2604 258
cat_boundaries=0 1
cat_threshold=67377
is_linear=0
shrinkage=0.03


Tree=289
num_leaves=15
num_cat=0
split_feature=3 6 6 3 0 6 2 2 3 0 6 0 0 8
split_gain=4.12942 6.53536 4.08632 9.6079 2.85862 7.95267 6.51422 4.71883 4.24152 2.30628 9.11368 8.80984 4.375 6.43832
threshold=661.22350000000017 151.50000000000003 199.50000000000003 10206.648000000003 33.958348000000008 163.50000000000003 144.40000000000003 248.15000000000003 7812.0905000000012 28.515407500000006 101.50000000000001 27.781954000000002 30.170893000000003 1.5000000000000002
decision_type=2 2 2 2 2 2 2 2 2 2 2 2 2 2
left_child=1 -1 4 -4 9 6 8 -8 -6 11 -11 -2 13 -12
right_child=2 -3 3 -5 5 -7 7 -9 -10 10 12 -13 -14 -15
leaf_value=-1.7018967310585276 0.011943806605429472 0.37539580253032112 -1.52604738608984 0.72842593402974098 0.0041283657880285315 4.4962885677445819 2.9869068946816943 -0.089026276384897754 -2.4338835663437837 -1.7505038167065368 1.6117066484645601 2.0719784826289946 0.34722873046947367 -1.1747565662751753
leaf_weight=43 3217 39 43 34 43 36 36 31 30 30 31 62 168 89
leaf_count=43 3217 39 43 34 43 36 36 31 30 30 31 62 168 89
internal_value=7.6297e-05 -0.00658537 0.000218182 -0.00662338 0.000357805 0.00409091 0.000857143 0.00761194 -0.00534247 0.000175146 -0.00226415 0.000411711 -0.000625 -0.005
internal_weight=3932 82 3850 77 3773 176 140 67 73 3597 318 3279 288 120
internal_count=3932 82 3850 77 3773 176 140 67 73 3597 318 3279 288 120
is_linear=0
shrinkage=0.03


Tree=290
num_leaves=15
num_cat=3
split_feature=3 6 9 9 2 2 3 3 6 3 9 0 3 2
split_gain=4.462 9.89953 9.58045 5.6927 11.1824 6.92096 5.61485 9.58773 4.71922 6.01809 5.3767 4.57596 4.5314 4.14404
threshold=3091.2000000000003 191.50000000000003 0 1 49.500000000000007 63.45000000000001 2670.8880000000004 2305.3485000000005 91.500000000000014 84154.221000000005 2 7.2407740000000009 7812.0905000000012 65.500000000000014
decision_type=2 2 9 9 2 2 2 2 2 2 9 2 2 2
left_child=1 2 -1 4 -2 -6 7 13 -7 10 11 -10 -12 -4
right_child=3 -3 6 -5 5 8 -8 -9 9 -11 12 -13 -14 -15
leaf_value=-0.40638484484412285 -0.96380905720024534 -2.2455458857187702 -0.36630405132531452 0.083597013780426999 1.6271403686848884 0.90965089032997859 -1.3606645174416963 2.3782249628083991 -1.0508089555350546 0.3185156468539469 -0.036886342821396738 0.026295307985517411 -1.911348487721666 0.34514282501419075
leaf_weight=409 30 43 37 2671 31 66 36 33 33 32 41 229 103 105
leaf_count=409 30 43 37 2671 31 66 36 33 33 32 41 229 103 105
internal_value=0.000115414 -0.0021267 -0.00116129 0.000574784 -0.00213913 -0.00117757 0.00393665 0.00634286 -0.00202381 -0.00315068 -0.00413793 -0.00132353 -0.00857143 0.00295775
internal_weight=3899 663 620 3236 565 535 211 175 504 438 406 262 144 142
internal_count=3899 663 620 3236 565 535 211 175 504 438 406 262 144 142
cat_boundaries=0 1 2 3
cat_threshold=97544 1557 1540
is_linear=0
shrinkage=0.03


Tree=291
num_leaves=15
num_cat=2
split_feature=6 6 2 6 5 7 2 7 7 9 3 3 9 3
split_gain=5.09826 3.70085 2.95703 7.58212 6.00897 5.76156 5.40541 3.94091 4.56333 3.78497 5.28594 14.4783 5.65432 7.66577
threshold=204.50000000000003 66.500000000000014 62.050000000000004 172.50000000000003 14.500000000000002 267.50000000000006 50.500000000000007 270.50000000000006 260.50000000000006 0 9896.6910000000007 8521.5230000000029 1 55164.203000000009
decision_type=2 2 2 2 2 2 2 2 2 9 2 2 9 2
left_child=1 -1 3 5 7 -3 -6 8 -5 10 11 -4 -12 -14
right_child=-2 2 9 4 6 -7 -8 -9 -10 -11 12 -13 13 -15
leaf_value=1.2076595784523845 -1.4128995879355761 -0.092349452522244066 -0.23996325379398512 -1.1047467600023559 -0.61380159883652363 0.58719963711096568 -1.5808649570972284 -2.491086507512116 2.9094388202022468 0.040976456619716828 -0.76163920806426966 -1.9715678913921357 0.63080752640712945 -0.58706808993798854
leaf_weight=40 43 304 262 50 37 48 37 30 30 2527 126 38 246 83
leaf_count=40 43 304 262 50 37 48 37 30 30 2527 126 38 246 83
internal_value=-0.000192258 -7.77605e-05 -0.000172865 -0.00223881 -0.00717391 0.000340909 -0.0137838 -0.00272727 0.00075 0.000164534 -0.00168627 -0.0048 0.00032967 0.00238938
internal_weight=3901 3858 3818 536 184 352 74 110 80 3282 755 300 455 329
internal_count=3901 3858 3818 536 184 352 74 110 80 3282 755 300 455 329
cat_boundaries=0 1 2
cat_threshold=4881 17
is_linear=0
shrinkage=0.03


Tree=292
num_leaves=15
num_cat=0
split_feature=0 7 5 6 8 2 5 0 7 7 6 7 0 2
split_gain=4.00008 3.54916 5.54241 6.33978 7.57738 5.20626 5.06019 7.38919 6.58688 11.6145 6.6212 6.92872 5.8737 4.83284
threshold=2.3840500000000007 271.50000000000006 12.500000000000002 197.50000000000003 3.5000000000000004 1275.5000000000002 15.500000000000002 14.957541000000001 257.50000000000006 261.50000000000006 161.50000000000003 264.50000000000006 25.124023500000003 201.45000000000002
decision_type=2 2 2 2 2 2 2 2 2 2 2 2 2 2
left_child=-1 5 -3 -4 -5 6 8 -8 -2 -10 11 -11 -9 -12
right_child=1 2 3 4 -6 -7 7 12 9 10 13 -13 -14 -15
leaf_value=-1.6134648785928651 -0.014786422377744655 1.6172697889894447 0.29169076586443338 0.32697253797673054 -2.4606291549009924 -1.0976381046156576 -0.11013695885294965 2.9241247514586028 -1.54108492228896 0.035927139839934626 -0.057727394452085717 -2.1905926298269058 -1.3424745149970068 1.5319289717855236
leaf_weight=36 2297 39 504 41 36 31 248 267 123 36 169 67 37 39
leaf_count=36 2297 39 504 41 36 31 248 267 123 36 169 67 37 39
internal_value=-4.53401e-05 4.5755e-05 0.00212903 0.00139415 -0.00662338 -0.000343995 -0.00022845 0.0023913 -0.000757964 -0.00414747 -0.00106109 -0.00728155 0.00552632 0.00201923
internal_weight=3970 3934 620 581 77 3314 3283 552 2731 434 311 103 304 208
internal_count=3970 3934 620 581 77 3314 3283 552 2731 434 311 103 304 208
is_linear=0
shrinkage=0.03


Tree=293
num_leaves=15
num_cat=1
split_feature=9 6 6 6 7 7 6 7 3 6 4 2 3 7
split_gain=4.48509 6.53347 5.60245 8.48777 5.1926 7.70168 5.19884 4.55681 4.54545 5.43687 3.98217 4.40889 5.06134 4.29049
threshold=0 114.50000000000001 115.50000000000001 121.50000000000001 278.50000000000006 286.50000000000006 117.50000000000001 261.50000000000006 42394.913500000002 81.500000000000014 1.0000000180025095e-35 515.10000000000014 25193.166500000003 222.50000000000003
decision_type=9 2 2 2 2 2 2 2 2 2 2 2 2 2
left_child=1 8 7 -4 6 -6 -3 -2 9 -1 -5 12 13 -12
right_child=2 4 3 10 5 -7 -8 -9 -10 -11 11 -13 -14 -15
leaf_value=2.2278361228068571 0.20687260231059668 0.9092113699487322 -1.7509907788207966 0.085312056489992183 1.718161836889941 -0.043173938953073046 -0.12369812697538464 1.3012532020345953 -1.4047614531901194 -0.654674460805453 0.65280617905826488 2.058888328985959 -1.7508053535756176 -0.57540950267997681
leaf_weight=43 266 36 81 1992 58 86 819 41 73 156 44 30 77 114
leaf_count=43 266 36 81 1992 58 86 819 41 73 156 44 30 77 114
internal_value=7.66088e-05 -0.00138173 0.000779661 0.000282293 -0.00027027 0.005 -0.00115789 0.00459283 -0.00551471 -0.00316583 0.000624723 -0.00283019 -0.00421277 -0.00113924
internal_weight=3916 1271 2645 2338 999 144 855 307 272 199 2257 265 235 158
internal_count=3916 1271 2645 2338 999 144 855 307 272 199 2257 265 235 158
cat_boundaries=0 1
cat_threshold=38721
is_linear=0
shrinkage=0.03


Tree=294
num_leaves=15
num_cat=2
split_feature=9 5 0 0 0 0 3 0 0 9 6 3 3 0
split_gain=4.25655 6.71402 9.48829 16.7119 6.47081 6.23038 8.18939 6.86095 4.91525 11.6968 13.6259 5.30068 5.82907 5.92593
threshold=0 15.500000000000002 23.580761000000006 20.533569000000004 3.0705205000000002 12.772709500000001 24212.465000000004 9.2166080000000026 25.780628000000004 1 151.50000000000003 38166.090500000006 15728.661000000002 28.515407500000006
decision_type=9 2 2 2 2 2 2 2 2 9 2 2 2 2
left_child=1 8 3 5 -2 7 -7 -3 -1 10 -10 12 13 -11
right_child=4 2 -4 -5 -6 6 -8 -9 9 11 -12 -13 -14 -15
leaf_value=-0.26571275716118858 -0.98816485442233892 0.069543146778429446 -2.1192900763640705 6.7997444176621045 0.090036005276408551 1.1953805386118483 2.5764565776048891 -1.7854012024973405 -0.10443305040967062 0.98493915772567675 5.4452703481361961 2.4836623204409558 -1.1529782801520674 -0.47350946686552331
leaf_weight=1516 33 122 32 46 1345 150 36 52 87 54 78 50 82 216
leaf_count=1516 33 122 32 46 1345 150 36 52 87 54 78 50 82 216
internal_value=-3.84714e-05 -0.000770446 0.00260274 0.00384236 0.00129683 0.00166667 0.00548387 -0.00241379 -0.00148344 0.000899471 0.00737143 -0.0018932 -0.00323864 -0.00111111
internal_weight=3899 2521 438 406 1378 360 186 174 2083 567 165 402 352 270
internal_count=3899 2521 438 406 1378 360 186 174 2083 567 165 402 352 270
cat_boundaries=0 1 2
cat_threshold=76681 2176
is_linear=0
shrinkage=0.03


Tree=295
num_leaves=15
num_cat=2
split_feature=9 0 7 3 0 3 0 1 0 3 9 0 0 3
split_gain=4.03453 4.69175 3.6442 3.47411 4.67991 4.50587 3.3729 3.83193 4.70603 4.07012 4.60198 9.02732 4.67861 4.57792
threshold=0 32.357305500000002 226.50000000000003 73709.108000000022 11.246637000000002 98520.758500000011 39.373733000000009 2.5000000000000004 19.268703000000002 9151.845000000003 1 8.0770035000000018 6.1749660000000004 3242.7670000000003
decision_type=9 2 2 2 2 2 2 2 2 2 9 2 2 2
left_child=1 -1 -3 6 -5 -6 7 9 -9 10 11 12 -2 -12
right_child=3 2 -4 4 5 -7 -8 8 -10 -11 13 -13 -14 -15
leaf_value=-0.039026379686115435 -0.1506714448405421 -1.7735121341328386 -0.52612411780462021 -0.6450672055690142 4.9396503974884283 0.77747873717125227 2.8476690118361625 -0.008454799970154454 -1.3225400881628184 0.29439724896550218 -0.024102796330364527 -0.012052574404663119 -1.1255123151112445 1.2099602878905125
leaf_weight=2152 45 36 31 31 33 34 36 117 51 642 93 512 34 102
leaf_count=2152 45 36 31 31 33 34 36 117 51 642 93 512 34 102
internal_value=0.000159534 -0.000686406 -0.00850746 0.00124138 0.00673469 0.011194 0.000919118 0.000714286 -0.00357143 0.00121849 -0.000229008 -0.00154742 -0.0110127 0.00365854
internal_weight=3949 2219 67 1730 98 67 1632 1596 168 1428 786 591 79 195
internal_count=3949 2219 67 1730 98 67 1632 1596 168 1428 786 591 79 195
cat_boundaries=0 1 2
cat_threshold=47873 65740
is_linear=0
shrinkage=0.03


Tree=296
num_leaves=15
num_cat=1
split_feature=2 2 0 7 9 3 3 3 0 3 7 3 7 3
split_gain=5.75489 6.74074 5.85897 4.52253 4.51417 8.27586 6.627 6.5251 9.31994 8.08781 5.33965 5.5196 7.90603 4.50844
threshold=117.45000000000002 111.10000000000001 18.089131000000005 292.50000000000006 0 22143.343000000004 19241.609500000002 31896.329000000002 16.925735000000003 37004.689500000008 194.50000000000003 8208.6670000000031 212.50000000000003 11343.527000000002
decision_type=2 2 2 2 9 2 2 2 2 2 2 2 2 2
left_child=1 3 -3 -1 5 6 10 8 -7 -9 -2 -12 -13 -14
right_child=4 2 -4 -5 -6 7 -8 9 -10 -11 11 12 13 -15
leaf_value=0.036163511927876472 0.57518198380922969 2.2556717003712152 0.070329738656614613 1.8728887426473146 0.012000899232436951 1.6181200017614468 -2.1450448385119283 -1.2442787669288895 -0.25632400986604809 0.061489934564119719 -0.69671509041649293 -1.2555506706983306 0.37798163965870341 -0.11710273938508066
leaf_weight=1490 67 37 31 48 1309 47 37 43 43 237 276 35 55 133
leaf_count=1490 67 37 31 48 1309 47 37 43 43 237 276 35 55 133
internal_value=-3.08642e-05 0.00134496 0.0105882 0.000936281 -0.000999124 -0.00253306 -0.00472637 0.000972973 0.008 -0.00128571 -0.00392226 -0.00498998 -0.00147982 0.000957447
internal_weight=3888 1606 68 1538 2282 973 603 370 90 280 566 499 223 188
internal_count=3888 1606 68 1538 2282 973 603 370 90 280 566 499 223 188
cat_boundaries=0 1
cat_threshold=74457
is_linear=0
shrinkage=0.03


Tree=297
num_leaves=15
num_cat=1
split_feature=9 5 6 6 0 0 7 3 3 6 5 1 3 0
split_gain=3.09947 3.53771 3.46526 7.02293 3.21041 7.8808 6.58271 3.70467 3.06217 4.92768 4.92766 4.59946 4.45453 4.11782
threshold=0 16.500000000000004 66.500000000000014 77.500000000000014 21.851732500000004 17.698246500000003 237.50000000000003 6641.6420000000007 67879.617000000013 157.50000000000003 14.500000000000002 4.5000000000000009 84154.221000000005 21.684185000000003
decision_type=9 2 2 2 2 2 2 2 2 2 2 2 2 2
left_child=4 2 -2 -4 5 -1 -6 -7 11 12 -11 -5 -10 -14
right_child=1 -3 3 8 6 7 -8 -9 9 10 -12 -13 13 -15
leaf_value=-0.067987300619206506 0.4835669430647101 2.1861446768618542 -1.6182077005341033 0.0067239707850239938 9.7533986196444449 -0.35685856196907706 -1.5693135393282045 -1.1296767823131881 -1.1399228409999675 1.8544699090622361 -0.11341432761571468 0.65010050755972659 0.046828957560198316 -0.50810701904214284
leaf_weight=322 42 47 41 2921 49 39 65 59 48 33 31 82 82 33
leaf_count=322 42 47 41 2921 49 39 65 59 48 33 31 82 82 33
internal_value=-0.000215716 0.000124629 9.05524e-06 -0.000100887 -0.00231618 -0.00357143 0.00210526 -0.0110204 5.57276e-05 -0.00330396 0.00375 0.00030969 -0.00607362 -0.00286957
internal_weight=3894 3360 3313 3271 534 420 114 98 3230 227 64 3003 163 115
internal_count=3894 3360 3313 3271 534 420 114 98 3230 227 64 3003 163 115
cat_boundaries=0 1
cat_threshold=1541
is_linear=0
shrinkage=0.03


Tree=298
num_leaves=15
num_cat=2
split_feature=7 0 0 0 5 1 2 7 9 5 8 0 0 9
split_gain=3.61629 4.44187 5.46117 5.70108 3.26551 7.17452 6.70432 4.76644 3.0401 5.56678 7.05641 10.8568 6.67303 6.87399
threshold=198.50000000000003 21.995953000000004 12.772709500000001 16.597970000000004 14.500000000000002 1.5000000000000002 140.05000000000004 184.50000000000003 0 15.500000000000002 1.5000000000000002 13.4889165 3.7082735000000002 1
decision_type=2 2 2 2 2 2 2 2 9 2 2 2 2 9
left_child=1 2 -1 -4 6 -6 7 -3 -2 12 -11 -12 -10 -14
right_child=8 4 3 -5 5 -7 -8 -9 9 10 11 -13 13 -15
leaf_value=0.17578008478912693 -0.12528236459770256 -2.7478986642994094 -1.8690546928316996 -0.014163105490172256 1.7675626996708569 -1.3921937014163541 3.0253298011493848 2.0093291385283534 -1.3927782946182821 -0.51994802902004722 -0.23301658705385647 2.9433935419050612 -0.2648714577367377 0.033151022110743042
leaf_weight=103 762 31 44 74 41 39 62 30 64 122 110 169 861 1406
leaf_count=103 762 31 44 74 41 39 62 30 64 122 110 169 861 1406
internal_value=-0.000352221 0.00226415 -0.000678733 -0.00508475 0.00546798 0.00075 0.00853659 0.00147541 -0.00066972 -0.000196937 0.00306733 0.00569892 -0.000759331 -0.000489634
internal_weight=3918 424 221 118 203 80 123 61 3494 2732 401 279 2331 2267
internal_count=3918 424 221 118 203 80 123 61 3494 2732 401 279 2331 2267
cat_boundaries=0 1 2
cat_threshold=70145 10496
is_linear=0
shrinkage=0.03


Tree=299
num_leaves=15
num_cat=2
split_feature=5 0 9 0 2 4 5 4 7 2 7 2 9 2
split_gain=3.28456 3.31632 12.998 9.38837 8.22281 6.03948 5.00527 4.54228 4.40833 3.88298 4.12832 5.78 3.80399 5.06664
threshold=16.500000000000004 15.891963000000002 0 15.346214500000002 40.400000000000006 1.0000000180025095e-35 14.500000000000002 1.5000000000000002 250.50000000000003 490.15000000000003 276.50000000000006 115.50000000000001 1 52.500000000000007
decision_type=2 2 9 2 2 2 2 2 2 2 2 2 9 2
left_child=1 2 5 4 -4 9 -7 -6 -8 10 -1 -12 -3 -14
right_child=-2 12 3 -5 7 6 8 -9 -10 -11 11 -13 13 -15
leaf_value=-0.069394333530244698 0.77718177427633006 -0.053108511722589354 0.86894402736942988 -0.80072880034122129 0.04201074147780446 -0.047519970032194575 -2.4954083972986756 0.70435424670514069 -0.63538502128497321 -1.50500343671334 -2.2290426286694718 -0.38111643794621269 -0.47104287033977016 0.33081582604694176
leaf_weight=577 67 880 41 41 755 47 48 54 32 42 40 50 97 1098
leaf_count=577 67 880 41 41 755 47 48 54 32 42 40 50 97 1098
internal_value=0.000131817 1.57812e-05 -0.000955414 0.00156493 0.00225882 -0.00361702 -0.00968504 0.00159456 -0.01425 -0.0025811 -0.00202399 -0.008 0.000824096 0.00191701
internal_weight=3869 3802 1727 891 850 836 127 809 80 709 667 90 2075 1195
internal_count=3869 3802 1727 891 850 836 127 809 80 709 667 90 2075 1195
cat_boundaries=0 1 2
cat_threshold=23724 41561
is_linear=0
shrinkage=0.03


Tree=300
num_leaves=15
num_cat=0
split_feature=3 0 0 0 0 7 3 0 7 0 5 0 0 5
split_gain=3.34561 7.94037 2.63451 2.68559 5.26809 5.94552 4.20901 3.32169 12.0491 6.13077 6.49021 4.30002 3.80672 3.38964
threshold=862.85400000000016 16.695889500000003 2.3840500000000007 34.952504500000011 37.370455500000013 198.50000000000003 9731.4915000000019 27.113121000000003 254.50000000000003 28.683753500000005 13.500000000000002 22.950258000000002 30.890120000000003 13.500000000000002
decision_type=2 2 2 2 2 2 2 2 2 2 2 2 2 2
left_child=1 -1 -2 7 5 -5 -6 11 9 10 -9 -4 -10 -11
right_child=2 -3 3 4 6 -7 -8 8 12 13 -12 -13 -14 -15
leaf_value=0.37966772722410042 -1.1374867934281507 -0.54785447923794661 0.019169064269957514 0.99513784696022867 1.7046113438993278 -1.2174871450125693 -1.8956197723261174 -0.56489043149783358 -3.1966507314993597 3.2390931285297437 1.8969901513609284 -0.39688486409689172 -0.60733800738400756 0.0079322588934155648
leaf_weight=59 31 57 2752 31 35 47 32 33 32 75 83 394 30 205
leaf_count=59 31 57 2752 31 35 47 32 33 32 75 83 394 30 205
internal_value=-0.000154004 -0.00517241 0 7.20192e-05 -0.00393103 -0.00923077 0.00223881 0.000233074 0.00262009 0.00454545 0.0103448 -0.000114431 -0.00967742 0.00214286
internal_weight=3896 116 3780 3749 145 78 67 3604 458 396 116 3146 62 280
internal_count=3896 116 3780 3749 145 78 67 3604 458 396 116 3146 62 280
is_linear=0
shrinkage=0.03


Tree=301
num_leaves=15
num_cat=0
split_feature=1 7 6 2 2 3 3 3 3 0 0 0 1 2
split_gain=2.41582 4.91156 2.85459 4.98873 3.86092 2.71563 8.89465 5.79304 5.56598 5.19697 9.0381 4.39744 4.15264 3.77729
threshold=7.5000000000000009 240.50000000000003 78.500000000000014 302.55000000000007 589.50000000000011 78004.292000000016 59701.482500000006 109861.22300000001 44739.588000000011 16.801208500000005 10.930705000000001 21.018669500000005 4.5000000000000009 335.50000000000006
decision_type=2 2 2 2 2 2 2 2 2 2 2 2 2 2
left_child=2 -2 3 -1 5 6 8 -7 12 10 -10 -8 13 -4
right_child=1 -3 4 -5 -6 7 11 -9 9 -11 -12 -13 -14 -15
leaf_value=0.37983881256718632 0.35712761798917653 -0.40352887093740147 -0.0060816312633971848 -1.3449500845868214 0.60994461038854753 1.0087158371901603 -0.18915055353419233 -0.1862650089079966 1.1026336293070846 2.5624665881910436 -0.82132547796687727 -1.6075174346687275 1.217579890245206 -0.47570496191364781
leaf_weight=40 42 56 2892 37 143 84 52 37 41 66 47 32 38 269
leaf_count=40 42 56 2892 37 143 84 52 37 41 66 47 32 38 269
internal_value=-0.000247678 -0.00489796 -0.000127051 -0.00584416 -8.10592e-06 -0.000202361 -0.00035787 0.00421488 -0.000116314 0.00545455 0.000681818 -0.01 -0.000384495 -0.000503005
internal_weight=3876 98 3778 77 3701 3558 3437 121 3353 154 88 84 3199 3161
internal_count=3876 98 3778 77 3701 3558 3437 121 3353 154 88 84 3199 3161
is_linear=0
shrinkage=0.03


Tree=302
num_leaves=15
num_cat=2
split_feature=3 6 6 9 3 9 4 8 1 3 3 7 3 8
split_gain=6.83525 7.28801 6.07211 6.56613 4.73964 3.3629 5.22434 5.57629 6.47175 5.13075 6.85376 4.95266 4.94069 4.1208
threshold=3396.1720000000005 150.50000000000003 142.50000000000003 0 1032.7680000000003 1 1.5000000000000002 1.5000000000000002 1.5000000000000002 63534.598500000007 40647.356000000007 201.50000000000003 19241.609500000002 1.0000000180025095e-35
decision_type=2 2 2 9 2 9 2 2 2 2 2 2 2 2
left_child=1 2 3 4 -1 13 7 8 11 10 12 -7 -10 -2
right_child=5 -3 -4 -5 -6 6 -8 -9 9 -11 -12 -13 -14 -15
leaf_value=-1.341096534308126 0.48425334497931088 -0.00872168163740639 -1.1480450546564498 0.1047177169695459 -0.33955856858955485 -3.0989698936300738 -0.41930219568738036 0.29497271430157979 0.70112646185418037 -0.38914615168065436 2.7631031485691242 -0.32665812598040017 -0.73955805264637653 -0.064233450611620807
leaf_weight=41 170 410 85 102 92 35 112 1026 71 34 31 213 40 1451
leaf_count=41 170 410 85 102 92 35 112 1026 71 34 31 213 40 1451
internal_value=-0.000176335 -0.00279452 -0.0061875 -0.00370213 -0.00776224 0.000424128 0.00141221 0.00190345 -0.000990566 0.00340909 0.00591549 -0.0041129 0.00243243 -0.000533415
internal_weight=3913 730 320 235 133 3183 1562 1450 424 176 142 248 111 1621
internal_count=3913 730 320 235 133 3183 1562 1450 424 176 142 248 111 1621
cat_boundaries=0 1 2
cat_threshold=14608 101169
is_linear=0
shrinkage=0.03


Tree=303
num_leaves=15
num_cat=2
split_feature=8 0 9 0 5 0 0 6 3 3 9 2 3 2
split_gain=3.53064 7.48479 6.12328 11.1112 8.39822 6.4001 5.80059 5.68742 7.44766 5.54581 5.44384 5.35433 6.10249 5.6718
threshold=1.5000000000000002 20.326764000000004 0 5.061961000000001 13.500000000000002 4.8585930000000008 15.346214500000002 157.50000000000003 25982.896000000004 2778.2700000000004 1 88.500000000000014 4142.8970000000008 259.10000000000008
decision_type=2 2 9 2 2 2 2 2 2 2 9 2 2 2
left_child=1 9 3 -2 6 -4 -5 11 -9 -1 -3 12 -6 -13
right_child=2 10 5 4 7 -7 -8 8 -10 -11 -12 13 -14 -15
leaf_value=-0.61211566147951768 -1.8631124270739803 2.5074348535289892 1.1817484595489371 0.040619446692394374 -0.79044990554311423 0.059295865290978328 -3.4358413215508401 0.88902084519166236 -0.49699707987822644 -0.26559387118735683 -0.026975051485926542 -0.72203677863922389 0.90002873716743692 0.014088657032420996
leaf_weight=90 46 109 83 39 50 1183 73 412 92 613 296 413 96 286
leaf_count=90 46 109 83 39 50 1183 73 412 92 613 296 413 96 286
internal_value=-0.000409688 -0.00184116 0.000162279 -0.00112722 -0.000677618 0.00169279 -0.00857143 -2.22387e-05 0.0025 -0.00371266 0.00140741 -0.00152663 0.00369863 -0.00261803
internal_weight=3881 1108 2773 1507 1461 1266 112 1349 504 703 405 845 146 699
internal_count=3881 1108 2773 1507 1461 1266 112 1349 504 703 405 845 146 699
cat_boundaries=0 1 2
cat_threshold=39377 33984
is_linear=0
shrinkage=0.03


Tree=304
num_leaves=15
num_cat=1
split_feature=3 2 6 9 0 7 2 6 6 0 3 7 0 6
split_gain=4.08796 4.7633 3.72152 2.97373 6.82348 7.80506 6.52101 6.45753 8.34446 5.52955 5.51945 4.81877 7.80561 5.44714
threshold=661.22350000000017 94.500000000000014 204.50000000000003 0 12.875887000000002 205.50000000000003 490.15000000000003 185.50000000000003 159.50000000000003 37.043250000000008 60111.059000000001 242.50000000000003 10.930705000000001 124.50000000000001
decision_type=2 2 2 9 2 2 2 2 2 2 2 2 2 2
left_child=1 -1 3 4 5 -2 -5 8 11 -6 -8 -7 13 -13
right_child=2 -3 -4 6 9 7 10 -9 -10 -11 -12 12 -14 -15
leaf_value=0.28923690902249516 0.29148358276626823 -1.4590742916321278 -0.65565219743947634 0.15618193768391164 0.079633449902981962 -0.60574634870350674 -0.87316159297453388 0.42238138656853264 -1.3254971948190815 -1.1953500856386585 0.049305134965929934 1.4069083232662705 -1.8214957679156167 0.053714666939438299
leaf_weight=34 61 46 40 1095 1832 174 47 81 225 54 31 36 37 94
leaf_count=34 61 46 40 1095 1832 174 47 81 225 54 31 36 37 94
internal_value=-3.85902e-05 -0.00675 0.000102443 0.000199097 -0.000368664 -0.00288136 0.00144548 -0.00384853 -0.00498233 0.000572641 -0.00692308 -0.00202346 0.00161677 0.00507692
internal_weight=3887 80 3807 3767 2594 708 1173 647 566 1886 78 341 167 130
internal_count=3887 80 3807 3767 2594 708 1173 647 566 1886 78 341 167 130
cat_boundaries=0 1
cat_threshold=47756
is_linear=0
shrinkage=0.03


Tree=305
num_leaves=15
num_cat=2
split_feature=9 3 6 7 5 2 7 3 7 9 3 3 5 3
split_gain=5.22887 5.92128 5.21745 4.99317 5.87913 13.203 6.32515 9.11259 4.44027 5.19268 5.38384 4.22204 4.47832 4.14747
threshold=0 565.17600000000004 114.50000000000001 191.50000000000003 13.500000000000002 121.50000000000001 211.50000000000003 23570.357000000004 218.50000000000003 1 2962.7735000000007 1187.1150000000002 15.500000000000002 9731.4915000000019
decision_type=9 2 2 2 2 2 2 2 2 9 2 2 2 2
left_child=2 -2 13 -4 5 -5 7 -6 -8 10 -10 -3 -13 -1
right_child=1 11 3 4 6 -7 8 -9 9 -11 -12 12 -14 -15
leaf_value=-1.8219968264824706 -0.97985850553418052 1.8477190886009396 0.62412990544710967 -4.4115443782169823 -1.0178372949730441 0.49518381467281869 1.2163042042427741 1.0428826820930532 -0.1990086394030095 -0.034993578273883941 0.98071386592823095 0.059697375420287239 1.0732731297830127 -0.12284740508919639
leaf_weight=94 32 59 47 75 141 64 117 40 30 1223 134 1559 125 201
leaf_count=94 32 59 47 75 141 64 117 40 30 1223 134 1559 125 201
internal_value=0.000327328 0.00152941 -0.000661765 -8.0171e-05 -0.000328947 -0.00625899 0.000160237 -0.00513812 0.000797872 0.000324441 0.00517241 0.00177281 0.00149644 -0.00437288
internal_weight=3941 1775 2166 1871 1824 139 1685 181 1504 1387 164 1743 1684 295
internal_count=3941 1775 2166 1871 1824 139 1685 181 1504 1387 164 1743 1684 295
cat_boundaries=0 1 2
cat_threshold=39873 320
is_linear=0
shrinkage=0.03


Tree=306
num_leaves=15
num_cat=2
split_feature=9 0 0 2 2 9 3 7 2 3 3 7 0 7
split_gain=3.82844 5.68328 3.67158 3.60224 5.68284 5.08316 5.44538 5.09708 4.89798 3.48389 4.02005 3.24228 7.53953 5.47709
threshold=0 3.4169730000000005 38.074008000000006 40.400000000000006 68.050000000000011 1 3574.8060000000005 260.50000000000006 51.500000000000007 118078.12400000003 88600.909000000014 195.50000000000003 22.950258000000002 183.50000000000003
decision_type=9 2 2 2 2 9 2 2 2 2 2 2 2 2
left_child=2 -2 9 -3 5 6 -5 -8 -7 10 11 12 -1 -14
right_child=1 3 -4 4 -6 8 7 -9 -10 -11 -12 -13 13 -15
leaf_value=-0.68060018967223868 -1.1612137937658302 0.59454748665580726 1.1910709903920313 -1.4759264599331754 0.14564547577573875 -1.0955792407989009 -1.6374860766953663 0.63634556176108847 1.2471971734861755 -0.46869803121920084 0.91154582488602953 -0.12491602096769383 0.16659718828871065 1.963134431830772
leaf_weight=111 48 55 64 51 1178 30 34 41 76 55 49 1965 72 78
leaf_count=111 48 55 64 51 1178 30 34 41 76 55 49 1965 72 78
internal_value=0.000222677 0.00139856 -0.000524126 0.00174061 0.00144681 -0.00284483 -0.00661765 -0.002 0.00206897 -0.00072103 -0.000540659 -0.000727763 0.00241379 0.0068
internal_weight=3907 1513 2394 1465 1410 232 126 75 106 2330 2275 2226 261 150
internal_count=3907 1513 2394 1465 1410 232 126 75 106 2330 2275 2226 261 150
cat_boundaries=0 1 2
cat_threshold=105737 8288
is_linear=0
shrinkage=0.03


Tree=307
num_leaves=15
num_cat=3
split_feature=3 4 7 8 9 8 9 7 2 4 3 3 7 9
split_gain=4.66336 3.47821 3.45113 3.44146 6.44837 4.1906 5.09805 5.72243 5.16143 4.6548 4.34761 6.74338 8.26759 4.30437
threshold=661.22350000000017 5.5000000000000009 240.50000000000003 1.0000000180025095e-35 0 1.5000000000000002 1 267.50000000000006 364.40000000000003 1.0000000180025095e-35 31375.123000000003 3948.7310000000002 247.50000000000003 2
decision_type=2 2 2 2 9 2 9 2 2 2 2 2 2 9
left_child=2 3 -1 4 -2 6 7 8 -5 10 11 12 -8 -7
right_child=1 -3 -4 5 -6 13 9 -9 -10 -11 -12 -13 -14 -15
leaf_value=-1.3784212372670572 -0.01539918737823882 0.45431692406116891 0.12723894546786596 0.63722701467527487 0.93903214060284768 -0.034344383151440068 -0.18154896371800761 -0.43778366918002348 -0.86608582297654946 -1.8238857616496624 1.7529868609197934 -0.93987404243928885 1.5824516572435958 0.099238464543243476
leaf_weight=42 225 59 34 169 220 1363 58 58 30 47 58 170 33 1341
leaf_count=42 225 59 34 169 220 1363 58 58 30 47 58 170 33 1341
internal_value=0.000253391 0.000399374 -0.00710526 0.00028632 0.00276404 -4.50857e-05 -0.00226324 0.00101124 0.00346734 -0.00446809 -0.00329154 -0.00494253 0.00164835 0.000465976
internal_weight=3907 3831 76 3772 445 3327 623 257 199 366 319 261 91 2704
internal_count=3907 3831 76 3772 445 3327 623 257 199 366 319 261 91 2704
cat_boundaries=0 1 2 3
cat_threshold=74509 70097 39809
is_linear=0
shrinkage=0.03


Tree=308
num_leaves=15
num_cat=2
split_feature=8 2 1 9 3 0 0 0 0 3 3 9 3 7
split_gain=6.70902 7.957 6.74078 5.34573 7.63085 6.83159 5.04059 4.86814 4.62763 4.55829 4.70711 4.58872 4.54596 4.52713
threshold=5.5000000000000009 428.40000000000003 1.5000000000000002 0 118078.12400000003 29.029170000000004 4.1092625000000007 13.285151500000001 28.683753500000005 9731.4915000000019 13257.596500000001 1 9169.0820000000022 229.50000000000003
decision_type=2 2 2 9 2 2 2 2 2 2 2 9 2 2
left_child=3 2 8 4 6 -5 -1 -4 -2 12 -11 -12 -8 -7
right_child=1 -3 7 5 -6 13 9 -9 -10 10 11 -13 -14 -15
leaf_value=-0.67186276929580002 0.8132634944236099 0.64495381636286986 -1.5437092834825943 -0.013529440848720924 -0.61119560513293436 0.12904377124467373 -0.15434840888953771 0.044989974752853643 -0.76018646768102138 1.1026128971649187 -0.67535540683948736 0.093007538722515617 -2.1746641199726731 1.9121252731021103
leaf_weight=45 218 48 45 1666 45 212 604 96 34 102 150 480 44 111
leaf_count=45 218 48 45 1666 45 212 604 96 34 102 150 480 44 111
internal_value=-1.53846e-05 0.00346939 0.00206107 -0.00045967 -0.00182432 0.000555278 -0.00145263 -0.00319149 0.005 -0.00113043 0.000491803 -0.00047619 -0.00296296 0.00455108
internal_weight=3900 441 393 3459 1470 1989 1425 141 252 1380 732 630 648 323
internal_count=3900 441 393 3459 1470 1989 1425 141 252 1380 732 630 648 323
cat_boundaries=0 1 2
cat_threshold=46433 32769
is_linear=0
shrinkage=0.03


Tree=309
num_leaves=15
num_cat=3
split_feature=9 1 6 0 7 5 9 9 6 7 0 0 6 7
split_gain=4.05795 6.62911 5.21878 4.53899 4.12903 3.86669 6.82328 5.13488 8.55071 8.77332 4.63547 5.92216 5.51196 4.13892
threshold=0 7.5000000000000009 78.500000000000014 4.8585930000000008 246.50000000000003 13.500000000000002 1 2 159.50000000000003 270.50000000000006 11.174585000000002 19.599459500000005 124.50000000000001 225.50000000000003
decision_type=9 2 2 2 2 2 9 9 2 2 2 2 2 2
left_child=1 2 -1 -4 -3 6 -5 8 10 -10 -7 12 -12 -8
right_child=-2 4 3 5 -6 7 13 -9 9 -11 11 -13 -14 -15
leaf_value=-1.1590275419611953 0.096688435657565602 -1.2480362405885488 -0.3960059830941674 -2.3098007594290286 -1.1341362136142925 -0.92586185321966696 -0.32310016958494886 0.13889806166664129 -1.0988809057369382 0.088715312323416812 0.083552072589778842 -0.017822050049207974 1.8865384591567533 0.25825025329227402
leaf_weight=39 1923 31 98 159 31 32 70 1027 97 46 32 117 44 144
leaf_count=39 1923 31 98 159 31 32 70 1027 97 46 32 117 44 144
internal_value=-3.08483e-05 -0.000986343 -0.000677165 -0.000450161 -0.0106452 -0.00010181 -0.00281501 0.000623656 -0.00238095 -0.00818182 0.0012 0.00295337 0.00947368 0.000803571
internal_weight=3890 1967 1905 1866 62 1768 373 1395 368 143 225 193 76 214
internal_count=3890 1967 1905 1866 62 1768 373 1395 368 143 225 193 76 214
cat_boundaries=0 1 2 3
cat_threshold=111173 8257 66052
is_linear=0
shrinkage=0.03


Tree=310
num_leaves=15
num_cat=2
split_feature=6 9 5 7 7 2 7 3 5 6 2 9 2 2
split_gain=3.4933 3.36556 7.32544 6.48114 3.71024 3.26667 3.05078 2.98816 2.95256 4.47935 4.2899 3.55763 7.56203 3.58782
threshold=61.500000000000007 0 13.500000000000002 194.50000000000003 283.50000000000006 98.050000000000011 191.50000000000003 1268.7375000000004 11.500000000000002 161.50000000000003 154.35000000000002 1 43.500000000000007 684.50000000000011
decision_type=2 9 2 2 2 2 2 2 2 2 2 9 2 2
left_child=-1 2 -2 -4 7 -6 -3 -5 9 10 -8 -10 -13 -14
right_child=1 6 3 4 5 -7 8 -9 11 -11 -12 12 13 -15
leaf_value=0.69090143200068554 -2.5282238191804183 0.22763396790881871 -1.8040198496580229 -0.81831916513824576 0.15485588557520827 -2.6339340778792701 2.2302957801335057 0.11438779932042507 -0.0322999491728342 -2.4045545989797117 -0.48677559555769789 -0.78794296502405015 0.19907463559150529 -0.36658407287918521
leaf_weight=30 159 212 53 35 30 30 41 598 1639 49 35 64 933 30
leaf_count=30 159 212 53 35 30 30 41 598 1639 49 35 64 933 30
internal_value=-0.00019807 -0.000276356 -0.00186885 -0.000643432 0.00012987 -0.007 0.000209094 0.000805687 -5.37442e-05 -0.00456 0 0.000157539 0.00153327 0.00221184
internal_weight=3938 3908 905 746 693 60 3003 633 2791 125 76 2666 1027 963
internal_count=3938 3908 905 746 693 60 3003 633 2791 125 76 2666 1027 963
cat_boundaries=0 1 2
cat_threshold=8513 104464
is_linear=0
shrinkage=0.03


Tree=311
num_leaves=15
num_cat=0
split_feature=6 4 2 6 2 2 2 7 6 6 3 3 2 3
split_gain=4.09843 3.35972 5.75634 2.88313 5.57929 4.57426 8.28968 6.02386 5.66786 4.02914 3.99046 3.19744 10.7888 3.07226
threshold=61.500000000000007 10.500000000000002 1170.2500000000002 191.50000000000003 90.450000000000017 40.400000000000006 44.500000000000007 226.50000000000003 165.50000000000003 189.50000000000003 7812.0905000000012 2962.7735000000007 63.45000000000001 22981.305000000004
decision_type=2 2 2 2 2 2 2 2 2 2 2 2 2 2
left_child=-1 2 3 5 11 7 -7 -2 -9 -8 -6 -5 -13 -12
right_child=1 -3 -4 4 10 6 9 8 -10 -11 13 12 -14 -15
leaf_value=0.89377933190772862 -0.66773049533559969 1.1940116714609394 -0.73239072091547308 -1.1660533933793522 -1.2936743804460729 -1.2483976088740598 -0.0095735968022268025 1.6698969199348095 0.06143519617373272 2.0520962155634699 0.43594865254518367 -0.81049146739104283 2.5967366040268143 -0.81999142927494173
leaf_weight=31 38 32 37 31 53 38 3421 40 56 31 30 42 36 37
leaf_count=31 38 32 37 31 53 38 3421 40 56 31 30 42 36 37
internal_value=-0.000220086 -0.000305966 -0.000385604 -0.000272515 -0.00353712 -6.62252e-05 -0.000275072 0.00537313 0.009375 -0.000121669 -0.008 0.00137615 0.00461538 -0.00313433
internal_weight=3953 3922 3890 3853 229 3624 3490 134 96 3452 120 109 78 67
internal_count=3953 3922 3890 3853 229 3624 3490 134 96 3452 120 109 78 67
is_linear=0
shrinkage=0.03


Tree=312
num_leaves=15
num_cat=2
split_feature=2 9 0 2 2 9 3 7 7 2 2 2 7 4
split_gain=4.31363 7.97073 9.75644 8.20161 7.42591 5.36349 9.7843 7.83556 6.56311 6.54783 5.95337 10.9667 6.98625 6.13958
threshold=117.45000000000002 0 25.780628000000004 40.400000000000006 102.45000000000002 1 20678.645000000004 253.50000000000003 280.50000000000006 186.45000000000002 243.50000000000003 402.50000000000006 235.50000000000003 1.5000000000000002
decision_type=2 9 2 2 2 9 2 2 2 2 2 2 2 2
left_child=1 2 3 -1 -3 6 8 10 -2 -9 12 -12 -8 -13
right_child=5 4 -4 -5 -6 -7 7 9 -10 -11 11 13 -14 -15
leaf_value=0.34509048845923701 -0.58166754712460367 0.1979188905123965 1.0188034000531501 -0.43055130646308382 1.993926963368301 0.012948526869131456 0.87275461371253527 -1.5875000817289469 0.45279914999112175 -0.072042618471149344 -1.1269429358337129 1.1460797095237376 1.9466878418747784 -0.11221983430399063
leaf_weight=58 610 604 173 672 77 1189 96 38 49 120 77 86 38 32
leaf_count=58 610 604 173 672 77 1189 96 38 49 120 77 86 38 32
internal_value=-0.000375096 0.000833333 -0.00101862 -0.00254795 0.00325615 -0.00119486 -0.00264706 0.000554415 -0.00505311 -0.00493671 0.00319149 -0.000153846 0.0080597 0.00559322
internal_weight=3919 1584 903 730 681 2335 1146 487 659 158 329 195 134 118
internal_count=3919 1584 903 730 681 2335 1146 487 659 158 329 195 134 118
cat_boundaries=0 1 2
cat_threshold=80289 46364
is_linear=0
shrinkage=0.03


Tree=313
num_leaves=15
num_cat=2
split_feature=2 6 7 2 2 3 9 6 3 2 9 6 2 8
split_gain=4.2963 9.25426 4.14781 7.26118 6.49249 5.01207 7.84321 6.9043 5.21131 4.78539 4.70368 5.74256 4.50928 4.06418
threshold=129.95000000000002 186.50000000000003 231.50000000000003 114.45000000000002 120.50000000000001 13300.377000000002 0 129.50000000000003 10206.648000000003 49.500000000000007 1 179.50000000000003 66.500000000000014 5.5000000000000009
decision_type=2 2 2 2 2 2 9 2 2 2 9 2 2 2
left_child=2 -2 3 13 5 6 8 -8 9 -4 -7 -12 -9 -1
right_child=1 -3 4 -5 -6 10 7 12 -10 -11 11 -13 -14 -15
leaf_value=-0.072234248634586037 -0.039601686452701866 -0.88966929252620952 1.0473445122654903 -1.1508721901408603 1.1584682392072101 0.43662341297080498 1.5697092623433468 0.020657105228103774 0.56952064544734982 -0.4999553136677673 -0.71537951880756512 0.1240528825392289 0.81199832670670502 1.201697564635491
leaf_weight=476 2035 117 33 94 76 109 37 221 36 166 127 61 272 52
leaf_count=476 2035 117 33 94 76 109 37 221 36 166 127 61 272 52
internal_value=-0.000383436 -0.00128253 0.000715909 -0.00125402 0.00179262 0.00118644 0.00247059 0.00444444 -0.00208163 -0.00407035 -0.00212121 -0.00484848 0.00359026 0.000113636
internal_weight=3912 2152 1760 622 1138 1062 765 530 235 199 297 188 493 528
internal_count=3912 2152 1760 622 1138 1062 765 530 235 199 297 188 493 528
cat_boundaries=0 1 2
cat_threshold=37252 45120
is_linear=0
shrinkage=0.03


Tree=314
num_leaves=15
num_cat=3
split_feature=8 9 0 9 4 8 0 0 2 2 0 0 9 0
split_gain=3.9743 6.17632 10.5149 4.80968 4.86848 4.73722 4.1167 9.84549 8.50119 6.23358 4.06789 6.16994 3.93177 5.6636
threshold=1.5000000000000002 0 23.580761000000006 1 1.5000000000000002 1.0000000180025095e-35 21.995953000000004 16.518237000000003 109.45000000000002 59.500000000000007 9.4258725000000023 14.759772000000002 2 8.1936115000000012
decision_type=2 9 2 9 2 2 2 2 2 2 2 2 9 2
left_child=1 2 10 4 -2 -3 7 12 9 -8 -1 -12 -5 -14
right_child=3 5 -4 6 -6 -7 8 -9 -10 -11 11 -13 13 -15
leaf_value=-0.35901974983749368 -0.066937478894617472 -0.031648135326154257 2.6900120712201123 -0.092293083445824778 -0.82331995761738419 -0.76443779779467946 -0.23647965809637753 0.66609074475923757 -0.61734742189539016 2.3543988170502734 0.70673010646078516 -0.33168977263057287 0.60134420421811341 0.0046039286984137107
leaf_weight=66 1172 323 98 437 66 442 35 337 212 59 78 109 157 315
leaf_count=66 1172 323 98 437 66 442 35 337 212 59 78 109 157 315
internal_value=-0.000368664 -0.00188172 0.00141274 0.000236559 -0.00115385 -0.00336774 0.00134443 0.00211878 -0.00176471 0.00574468 -0.00177866 0.000481283 0.00049505 0.00236515
internal_weight=3906 1116 351 2790 1238 765 1552 1246 306 94 253 187 909 472
internal_count=3906 1116 351 2790 1238 765 1552 1246 306 94 253 187 909 472
cat_boundaries=0 1 2 3
cat_threshold=99024 103561 2340
is_linear=0
shrinkage=0.03


Tree=315
num_leaves=15
num_cat=1
split_feature=9 0 6 0 0 6 0 8 0 2 2 8 6 0
split_gain=7.09296 6.65032 7.39058 4.00943 12.307 8.63714 7.09158 6.16137 6.57729 5.27096 4.39067 3.9549 4.00308 6.26426
threshold=0 5.061961000000001 114.50000000000001 15.819958500000002 21.995953000000004 159.50000000000003 24.516082500000003 2.5000000000000004 28.515407500000006 265.50000000000006 171.45000000000002 3.5000000000000004 154.50000000000003 10.132813500000003
decision_type=9 2 2 2 2 2 2 2 2 2 2 2 2 2
left_child=1 -1 -3 11 9 7 -7 10 -9 -5 -6 12 -4 -14
right_child=-2 2 3 4 5 6 -8 8 -10 -11 -12 -13 13 -15
leaf_value=-0.86097108938358358 0.053170579547656867 -0.89993483571011434 -0.49023156169222259 -1.026960652764102 -0.25999797710302575 0.97925029033997812 -1.3207467626939728 4.9168857816273608 0.091343537872871819 0.011890435578477536 2.5665678933173193 0.79330876305478337 -0.19147874017125388 1.6451724248409947
leaf_weight=33 3001 195 82 152 35 39 52 35 30 64 32 107 42 46
leaf_count=33 3001 195 82 152 35 39 52 35 30 64 32 107 42 46
internal_value=5.32319e-05 -0.00220126 -0.00174533 -0.000335196 -0.00211845 0.00282511 -0.00428571 0.00772727 0.0143077 -0.00722222 0.00134328 0.00249097 -0.000352941 0.00409091
internal_weight=3945 944 911 716 439 223 91 132 65 216 67 277 170 88
internal_count=3945 944 911 716 439 223 91 132 65 216 67 277 170 88
cat_boundaries=0 1
cat_threshold=38401
is_linear=0
shrinkage=0.03


Tree=316
num_leaves=15
num_cat=2
split_feature=0 9 6 0 0 9 6 3 3 6 0 4 6 6
split_gain=2.75486 9.76058 8.1058 7.79061 8.60692 6.40111 12.4663 7.57416 6.37031 6.69111 6.30725 5.24564 5.10772 4.35
threshold=15.891963000000002 0 101.50000000000001 28.515407500000006 23.353767000000001 1 82.500000000000014 28361.834000000006 3091.2000000000003 132.50000000000003 30.554211500000005 1.0000000180025095e-35 184.50000000000003 84.500000000000014
decision_type=2 9 2 2 2 9 2 2 2 2 2 2 2 2
left_child=5 2 -2 4 -3 6 -1 8 9 -8 -5 -10 -11 -7
right_child=1 3 -4 10 -6 13 7 -9 11 12 -12 -13 -14 -15
leaf_value=-2.8248611577600693 -1.3025983242389929 0.76806768531668013 -0.027245956410248479 5.0184696052381037 -0.47699381045133005 0.80156115673408634 -2.6444853939519488 -0.67188172017660741 0.18209068594110475 0.10361735233558932 3.3191861274901839 -0.57157159365942101 -1.2457530705656268 0.00841129424507585
leaf_weight=33 65 679 1058 30 228 52 34 172 409 84 85 69 34 889
leaf_count=33 65 679 1058 30 228 52 34 172 409 84 85 69 34 889
internal_value=-3.82555e-05 0.000685315 -0.00124448 0.0027907 0.00188534 -0.000912162 -0.00280473 -0.00209476 -0.000571429 -0.00592105 0.0101739 0.00112971 -0.00254237 0.000788644
internal_weight=3921 2145 1123 1022 907 1776 835 802 630 152 115 478 118 941
internal_count=3921 2145 1123 1022 907 1776 835 802 630 152 115 478 118 941
cat_boundaries=0 1 2
cat_threshold=108041 24032
is_linear=0
shrinkage=0.03


Tree=317
num_leaves=15
num_cat=2
split_feature=9 0 5 0 0 0 7 0 6 0 9 6 5 6
split_gain=3.47785 5.04204 8.9865 7.76511 5.10991 4.73581 4.63198 7.84821 8.5818 7.26078 7.02658 7.0733 5.94955 6.45714
threshold=0 37.370455500000013 13.500000000000002 12.558958000000002 19.599459500000005 37.043250000000008 275.50000000000006 10.132813500000003 120.50000000000001 23.580761000000006 1 183.50000000000003 15.500000000000002 185.50000000000003
decision_type=9 2 2 2 2 2 2 2 2 2 9 2 2 2
left_child=1 2 3 -1 -5 -2 7 8 -4 -8 -9 -12 13 -10
right_child=5 -3 6 4 -6 -7 9 10 12 -11 11 -13 -14 -15
leaf_value=0.17403597944820148 0.1314798458969767 2.194337072810947 0.57301056259525007 -5.0526806824313555 -2.1344435612533856 -2.9428525797024121 0.70526574052407109 0.88369663031864887 -0.25837478346707543 -1.1038478570008237 -0.010572123045267289 -1.4113939761870187 -1.4083489104677482 -2.394653451097795
leaf_weight=44 1699 32 50 43 62 49 170 124 148 40 1321 39 47 39
leaf_count=44 1699 32 50 43 62 49 170 124 148 40 1321 39 47 39
internal_value=0.000238034 -0.000567082 -0.000747532 -0.00785235 -0.0122857 0.00122867 -0.000212336 -0.00071267 -0.00528169 0.004 0.000161725 -0.000481752 -0.00769231 -0.00529412
internal_weight=3907 2159 2127 149 105 1748 1978 1768 284 210 1484 1360 234 187
internal_count=3907 2159 2127 149 105 1748 1978 1768 284 210 1484 1360 234 187
cat_boundaries=0 1 2
cat_threshold=105553 80
is_linear=0
shrinkage=0.03


Tree=318
num_leaves=15
num_cat=1
split_feature=6 6 9 7 7 8 8 3 7 2 7 7 6 3
split_gain=4.07545 3.69291 4.15815 6.17939 7.70088 9.93432 5.59077 3.89904 4.72765 3.35225 3.3462 6.43712 5.59488 4.95372
threshold=66.500000000000014 78.500000000000014 0 273.50000000000006 268.50000000000006 1.5000000000000002 5.5000000000000009 13257.596500000001 286.50000000000006 70.40000000000002 191.50000000000003 217.50000000000003 122.50000000000001 35068.966000000008
decision_type=2 2 9 2 2 2 2 2 2 2 2 2 2 2
left_child=-1 -2 10 4 6 -6 -4 9 -9 -5 -3 12 -12 -14
right_child=1 2 3 7 5 -7 -8 8 -10 -11 11 -13 13 -15
leaf_value=1.0698356752991043 -0.54935698947643574 0.37193319807597958 0.02107984106025242 0.11129305727396285 1.2227288336230793 -1.9086355831565309 0.47244672972457463 1.2170841086733775 -0.19796088434449075 1.0687114291131421 -1.1796433017930485 0.0016919802007805628 -0.62187783472759173 0.84048810635913007
leaf_weight=46 56 149 960 40 32 84 127 62 45 108 95 1718 328 53
leaf_count=46 56 149 960 40 32 84 127 62 45 108 95 1718 328 53
internal_value=0.000253651 0.000147783 0.000260458 0.00151226 0.000623441 -0.00672414 0.00140754 0.00576471 0.00140187 0.00891892 -0.000522737 -0.000820419 -0.00390756 -0.00228346
internal_weight=3903 3857 3801 1458 1203 116 1087 255 107 148 2343 2194 476 381
internal_count=3903 3857 3801 1458 1203 116 1087 255 107 148 2343 2194 476 381
cat_boundaries=0 1
cat_threshold=10653
is_linear=0
shrinkage=0.03


Tree=319
num_leaves=15
num_cat=0
split_feature=5 6 8 6 0 2 1 6 0 5 6 7 2 2
split_gain=3.40255 9.80136 5.68772 3.86902 5.50535 5.35828 6.68243 5.70707 5.65199 5.25274 5.20951 5.53018 5.20209 4.60119
threshold=11.500000000000002 161.50000000000003 2.5000000000000004 163.50000000000003 37.370455500000013 68.050000000000011 1.5000000000000002 172.50000000000003 6.814753500000001 16.500000000000004 189.50000000000003 272.50000000000006 75.450000000000017 109.45000000000002
decision_type=2 2 2 2 2 2 2 2 2 2 2 2 2 2
left_child=1 2 -1 4 9 7 8 -5 -7 -2 11 -9 -10 -8
right_child=3 -3 -4 5 -6 6 13 10 12 -11 -12 -13 -14 -15
leaf_value=3.0871717766235949 -0.019245828881812484 -3.2970361229421448 -1.0193916210737552 0.20573929237019511 -1.5407051859155694 -0.26013789104701002 -0.71905921583514776 -0.63873056716475041 1.9853041863096144 1.3543991172616268 0.46027389491409054 -2.0481828420477597 0.7968547538184384 0.039733575738123361
leaf_weight=39 2445 49 53 96 44 69 84 111 40 52 75 32 428 293
leaf_count=39 2445 49 53 96 44 69 84 111 40 52 75 32 428 293
internal_value=0.000107417 -0.00446809 0.00130435 0.000278588 -0.00038961 0.00166124 0.00282276 -0.00171975 0.00497207 -0.000204245 -0.00440367 -0.00776224 0.00615385 -0.000238727
internal_weight=3910 141 92 3769 2541 1228 914 314 537 2497 218 143 468 377
internal_count=3910 141 92 3769 2541 1228 914 314 537 2497 218 143 468 377
is_linear=0
shrinkage=0.03


Tree=320
num_leaves=15
num_cat=1
split_feature=9 6 6 5 0 0 0 0 0 7 6 5 0 6
split_gain=3.73386 4.11743 7.2586 5.20388 5.05618 8.50868 3.77007 3.39931 6.86665 3.22617 2.86411 5.61448 2.30178 8.33311
threshold=0 187.50000000000003 177.50000000000003 14.500000000000002 16.253675000000005 22.534478000000004 37.043250000000008 22.298487500000004 14.587288500000001 262.50000000000006 189.50000000000003 14.500000000000002 15.346214500000002 84.500000000000014
decision_type=9 2 2 2 2 2 2 2 2 2 2 2 2 2
left_child=10 2 6 7 9 -6 12 8 -3 -4 -1 -12 -2 -14
right_child=1 3 4 -5 5 -7 -8 -9 -10 -11 11 -13 13 -15
leaf_value=-0.10208889378726553 -0.015839863596973487 -0.53388297254981354 -0.14529014385210642 -1.7048288056550682 3.4846130453606836 -0.069855178212353625 -1.0095383850534607 -3.2038710775349135 1.3842238793337696 1.0502900631563079 -0.68882011271818555 1.1830512167282632 3.9730938809571623 0.12797430749742034
leaf_weight=1618 744 49 44 72 55 34 51 31 54 45 37 63 48 981
leaf_count=1618 744 49 44 72 55 34 51 31 54 45 37 63 48 981
internal_value=-0.000275089 0.000541028 0.000959041 -0.00349515 0.00674157 0.0117978 0.000394737 0 0.00262136 0.00168539 -0.00131944 0.0036 0.000626058 0.00154519
internal_weight=3926 2208 2002 206 178 89 1824 134 103 89 1718 100 1773 1029
internal_count=3926 2208 2002 206 178 89 1824 134 103 89 1718 100 1773 1029
cat_boundaries=0 1
cat_threshold=107141
is_linear=0
shrinkage=0.03


Tree=321
num_leaves=15
num_cat=1
split_feature=9 6 2 2 3 6 4 3 3 6 1 3 2 2
split_gain=5.36934 3.96233 3.83648 9.48643 7.24003 4.02795 4.27373 5.15079 4.60091 4.6378 6.58318 5.08474 5.34948 7.11634
threshold=0 71.500000000000014 63.45000000000001 75.450000000000017 1616.8680000000002 191.50000000000003 5.5000000000000009 42810.897000000004 39064.845000000008 155.50000000000003 2.5000000000000004 862.85400000000016 475.10000000000008 339.95000000000005
decision_type=9 2 2 2 2 2 2 2 2 2 2 2 2 2
left_child=2 -2 4 -4 -1 6 7 8 9 11 -11 -5 13 -13
right_child=1 -3 3 5 -6 -7 -8 -9 -10 10 -12 12 -14 -15
leaf_value=-0.87595449973252015 -0.71499730112995163 0.081978448386644226 0.67727796864857048 -1.1644448525226789 -0.16704142501522937 -0.7820316883814411 0.17856959050686327 -0.37622617941461156 3.0479125927823714 0.50084224249571097 -1.3251511545123389 -0.15134475980243906 0.39583288319461191 -1.2951670223767928
leaf_weight=39 34 1486 132 43 280 64 49 298 34 480 46 772 91 95
leaf_count=39 34 1486 132 43 280 64 49 298 34 480 46 772 91 95
internal_value=-9.89095e-05 0.00129412 -0.000974106 -0.000513308 -0.00404389 -0.00103448 -0.000786164 -0.00101668 -0.000326714 -0.000569745 0.00171103 -0.00176823 -0.00131524 -0.00204152
internal_weight=3943 1520 2423 2104 319 1972 1908 1859 1561 1527 526 1001 958 867
internal_count=3943 1520 2423 2104 319 1972 1908 1859 1561 1527 526 1001 958 867
cat_boundaries=0 1
cat_threshold=48513
is_linear=0
shrinkage=0.03


Tree=322
num_leaves=15
num_cat=4
split_feature=4 4 2 3 3 3 9 9 2 9 7 7 6 9
split_gain=4.71229 2.15495 5.85613 2.38104 2.18196 4.88588 5.61572 3.73376 3.67806 5.74466 6.64941 5.31327 4.5331 4.32154
threshold=10.500000000000002 2.5000000000000004 482.65000000000003 37860.848000000005 9151.845000000003 5944.2975000000015 0 1 133.50000000000003 2 241.50000000000003 198.50000000000003 112.50000000000001 3
decision_type=2 2 2 2 2 2 9 9 2 9 2 2 2 9
left_child=1 4 3 -3 5 8 -7 -6 9 10 -1 12 -10 -13
right_child=-2 2 -4 -5 7 6 -8 -9 11 -11 -12 13 -14 -15
leaf_value=0.031427934381266592 1.8980575328600848 -0.63062918198950912 -1.5831423518575434 0.43857835253028721 0.20308451102958769 -0.94712561020111474 -0.050369273109666324 -0.030167509371265167 -0.68269305423009541 -0.021226651031092843 0.81828948103669286 -0.609079301115803 2.9384786076320073 0.012624626220740537
leaf_weight=158 32 30 35 41 709 103 130 1353 34 618 145 293 47 178
leaf_count=158 32 30 35 41 709 103 130 1353 34 618 145 293 47 178
internal_value=-0.000215054 -0.000309757 -0.0045283 0.000422535 -0.000191083 -0.00098476 -0.00502146 0.000465567 -0.000346232 0.000814332 0.00412141 -0.00228261 0.00481481 -0.00350318
internal_weight=3906 3874 106 71 3768 1706 233 2062 1473 921 303 552 81 471
internal_count=3906 3874 106 71 3768 1706 233 2062 1473 921 303 552 81 471
cat_boundaries=0 1 2 3 4
cat_threshold=71936 4460 35348 68252
is_linear=0
shrinkage=0.03


Tree=323
num_leaves=15
num_cat=2
split_feature=9 0 0 7 0 0 2 2 9 6 2 2 2 7
split_gain=3.77134 16.0798 7.35458 5.03793 5.75483 5.52154 4.50718 4.6426 6.63806 4.27239 5.92001 4.17561 5.39764 4.94764
threshold=0 27.113121000000003 8.5029650000000014 232.50000000000003 11.048334500000001 11.753878000000002 62.050000000000004 40.400000000000006 1 163.50000000000003 35.500000000000007 117.45000000000002 111.10000000000001 286.50000000000006
decision_type=9 2 2 2 2 2 2 2 9 2 2 2 2 2
left_child=1 2 -1 4 -4 -5 7 9 -9 -2 -11 12 -8 -13
right_child=6 -3 3 5 -6 -7 11 8 -10 10 -12 13 -14 -15
leaf_value=0.59991135268496865 0.5611574933081328 7.4998474352594524 1.9466298927921593 -2.1213845285522348 -0.21245639582241324 -0.12437319027103967 0.093343820567772573 -0.71512805589792716 -0.27608346974634512 -2.0647500592023493 0.38630200219894506 -0.014232298826510713 2.317314026211069 -0.6205792381033689
leaf_weight=100 61 36 41 55 70 138 871 124 220 34 32 1948 68 96
leaf_count=100 61 36 41 55 70 138 871 124 220 34 32 1948 68 96
internal_value=-0.0001849 0.0024 0.000742574 -0.00157895 0.00351351 -0.00450777 -0.00051963 -0.00324841 -0.00505814 0.00165354 -0.00363636 -9.05129e-05 0.0015655 -0.000851272
internal_weight=3894 440 404 304 111 193 3454 471 344 127 66 2983 939 2044
internal_count=3894 440 404 304 111 193 3454 471 344 127 66 2983 939 2044
cat_boundaries=0 1 2
cat_threshold=16528 106528
is_linear=0
shrinkage=0.03


Tree=324
num_leaves=15
num_cat=2
split_feature=1 9 3 3 3 7 9 7 0 0 0 0 7 7
split_gain=2.62707 2.90727 4.59119 8.00795 3.85559 7.38771 5.65052 4.91512 5.12545 5.19444 4.62561 5.4303 3.82345 4.14815
threshold=14.500000000000002 0 22627.978500000001 24766.354500000005 13300.377000000002 199.50000000000003 1 226.50000000000003 20.709564500000003 10.489517500000002 19.599459500000005 14.689959000000002 212.50000000000003 190.50000000000003
decision_type=2 9 2 2 2 2 9 2 2 2 2 2 2 2
left_child=1 -1 4 -4 -3 -6 10 -8 9 -9 11 -7 13 -5
right_child=-2 2 3 12 5 6 7 8 -10 -11 -12 -13 -14 -15
leaf_value=-0.030642095171090202 -0.54376994034392623 0.034543312015646276 1.7475978238907555 -0.0036507599686819957 -1.0463998063653661 -0.54695920933942144 0.97217179667311704 -0.18358308648535113 -1.4336795736688963 0.5230895485031033 -2.1909538337515184 0.15834480673762527 0.015939967128294937 1.2215678527354317
leaf_weight=1793 40 1181 62 33 37 42 32 48 31 51 31 35 373 58
leaf_count=1793 40 1181 62 33 37 42 32 48 31 51 31 35 373 58
internal_value=0.000148167 0.000228526 0.00100791 0.00342205 0.00016129 -0.00283388 -0.00111111 0.00244186 0 0.00333333 -0.00610169 -0.00272727 0.00206897 0.00758242
internal_weight=3847 3807 2014 526 1488 307 270 162 130 99 108 77 464 91
internal_count=3847 3807 2014 526 1488 307 270 162 130 99 108 77 464 91
cat_boundaries=0 1 2
cat_threshold=3357 12800
is_linear=0
shrinkage=0.03


Tree=325
num_leaves=15
num_cat=0
split_feature=2 8 3 2 2 3 3 5 3 8 7 7 7 3
split_gain=3.34888 3.02202 5.4386 9.50441 6.82518 5.15741 8.36167 5.54051 5.4021 5.31868 4.43839 5.58106 4.92631 4.56748
threshold=944.40000000000009 2.5000000000000004 25982.896000000004 415.50000000000006 642.30000000000007 38166.090500000006 67879.617000000013 13.500000000000002 33906.827000000012 4.5000000000000009 216.50000000000003 198.50000000000003 218.50000000000003 11497.529
decision_type=2 2 2 2 2 2 2 2 2 2 2 2 2 2
left_child=1 -1 10 5 -5 8 7 -7 -4 -9 11 -3 -12 -13
right_child=-2 2 3 4 -6 6 -8 9 -10 -11 12 13 -14 -15
leaf_value=-0.016534658453757629 -0.46905777068233645 0.184811781640351 -0.90366547686125609 1.4070897361414472 -0.19383473645845697 4.3780804894182666 -0.60644690225906395 -1.0035022449590223 -2.7669363702729823 1.8077680986552649 2.6914612849896571 -1.1370304503707422 0.23098127032297497 0.42136611002431662
leaf_weight=1698 66 205 103 69 43 31 82 65 30 35 34 140 1250 67
leaf_count=1698 66 205 103 69 43 31 82 65 30 35 34 140 1250 67
internal_value=0.000336907 0.000451713 0.00119777 -0.00170306 0.00589286 -0.00416185 -0.00126761 0.00343511 -0.00879699 0 0.00198113 -0.000728155 0.00285047 -0.0042029
internal_weight=3918 3852 2154 458 112 346 213 131 133 100 1696 412 1284 207
internal_count=3918 3852 2154 458 112 346 213 131 133 100 1696 412 1284 207
is_linear=0
shrinkage=0.03


Tree=326
num_leaves=15
num_cat=3
split_feature=3 9 5 1 2 9 2 6 7 7 9 3 6 6
split_gain=4.69481 5.7392 4.83039 7.49825 4.26611 8.89868 8.33467 6.70789 4.66244 5 4.61938 4.56333 6.24815 8.71705
threshold=13300.377000000002 0 13.500000000000002 1.5000000000000002 133.50000000000003 1 475.10000000000008 187.50000000000003 211.50000000000003 194.50000000000003 2 8819.246000000001 152.50000000000003 168.50000000000003
decision_type=2 9 2 2 2 9 2 2 2 2 9 2 2 2
left_child=4 -2 3 -3 8 6 -6 10 9 -1 11 12 -7 -14
right_child=1 2 -4 -5 5 7 -8 -9 -10 -11 -12 -13 13 -15
leaf_value=0.13054812193533621 0.16348044169985881 -2.5450887854553126 -0.082855519935552596 -0.30277857821546605 -0.57834705215260329 -0.61044018314813686 0.63038153193338531 -1.7710810194122393 0.34350178768524298 -0.76145184212028649 0.50966614196908266 1.22121417637911 2.9546814115006828 -0.47563940078729045
leaf_weight=100 307 44 1158 85 349 172 46 37 1107 125 114 100 75 53
leaf_count=100 307 44 1158 85 349 172 46 37 1107 125 114 100 75 53
internal_value=-3.09917e-05 -0.0012798 -0.00215112 -0.00767442 0.000842845 -0.000697674 -0.00407407 0.00176471 0.00193694 -0.002 0.00268482 0.00102439 -0.0008 0.00421875
internal_weight=3872 1594 1287 129 2278 946 395 551 1332 225 514 400 300 128
internal_count=3872 1594 1287 129 2278 946 395 551 1332 225 514 400 300 128
cat_boundaries=0 1 2 3
cat_threshold=556 41757 22656
is_linear=0
shrinkage=0.03


Tree=327
num_leaves=15
num_cat=2
split_feature=6 9 6 8 2 8 6 6 9 7 2 2 2 3
split_gain=5.47099 4.52054 4.80842 6.6161 7.90916 4.01501 4.65129 3.8547 6.22327 7.11169 6.11103 5.47758 4.37576 3.57085
threshold=66.500000000000014 0 177.50000000000003 4.5000000000000009 63.45000000000001 1.0000000180025095e-35 119.50000000000001 114.50000000000001 1 206.50000000000003 321.45000000000005 257.05000000000007 140.05000000000004 737.10000000000014
decision_type=2 9 2 2 2 2 2 2 9 2 2 2 2 2
left_child=-1 2 5 4 -4 6 -2 8 9 -7 12 -11 -10 -3
right_child=1 13 3 -5 -6 7 -8 -9 10 11 -12 -13 -14 -15
leaf_value=1.6054723735955736 0.67456843710104519 -0.71278454366621413 -1.4549922635762333 1.1761103029160052 0.22069131652646945 2.7482440728967412 0.030670649239300473 -0.17281516810729727 -2.4795244740474049 0.023901516525959322 -0.053578889638401961 -1.1264817779577674 -1.7869271155290563 0.049407430755395582
leaf_weight=43 34 43 36 87 164 33 167 1420 45 41 43 31 54 1664
leaf_count=43 34 43 36 87 164 33 167 1420 45 41 43 31 54 1664
internal_value=-0.000176697 -0.000295184 -0.00120554 0.00240418 -0.0006 -0.0017666 0.00223881 -0.00224955 -0.0057085 0.00026087 -0.00947368 -0.005 -0.0142424 0.000856144
internal_weight=3905 3862 2155 287 200 1868 201 1667 247 105 142 72 99 1707
internal_count=3905 3862 2155 287 200 1868 201 1667 247 105 142 72 99 1707
cat_boundaries=0 1 2
cat_threshold=40233 6176
is_linear=0
shrinkage=0.03


Tree=328
num_leaves=15
num_cat=1
split_feature=3 7 9 2 5 8 7 6 6 2 2 2 2 3
split_gain=9.19391 4.87818 2.36718 6.32957 8.20381 7.06836 4.54584 4.1724 5.07877 4.89237 11.8998 8.31773 4.82529 4.05534
threshold=661.22350000000017 238.50000000000003 0 310.50000000000006 11.500000000000002 5.5000000000000009 271.50000000000006 192.50000000000003 189.50000000000003 313.50000000000006 267.50000000000006 335.50000000000006 91.500000000000014 96900.233000000022
decision_type=2 2 9 2 2 2 2 2 2 2 2 2 2 2
left_child=1 -1 7 4 -4 6 -5 8 9 10 -2 -11 -9 -13
right_child=2 -3 3 5 -6 -7 -8 12 -10 11 -12 13 -14 -15
leaf_value=-1.3907212155512114 0.00048341269001127784 -0.015306004544322604 -1.8373126461070797 -0.45738777957323801 0.19630736900109921 0.90105084891201381 0.37446299417358997 0.10196544583017157 0.9278717680072941 0.90561550176494043 -1.2351293614550423 0.011388950769951407 -0.70763195238025334 2.0677700333045275
leaf_weight=47 1606 33 36 274 1192 39 50 41 38 42 119 283 66 35
leaf_count=47 1606 33 36 274 1192 39 50 41 38 42 119 283 66 35
internal_value=0.000315304 -0.00975 0.00052604 0.00140537 0.002443 -0.00206612 -0.00351852 -0.000107143 0.000183702 -1.43885e-05 -0.000678261 0.00316667 -0.00588785 0.00150943
internal_weight=3901 80 3821 1591 1228 363 324 2230 2123 2085 1725 360 107 318
internal_count=3901 80 3821 1591 1228 363 324 2230 2123 2085 1725 360 107 318
cat_boundaries=0 1
cat_threshold=101033
is_linear=0
shrinkage=0.03


Tree=329
num_leaves=15
num_cat=1
split_feature=9 2 2 2 1 6 6 3 2 7 6 2 1 6
split_gain=3.031 6.34607 10.3666 7.68459 9.42561 7.23622 13.1054 7.04237 9.85199 6.84941 5.98405 7.37027 5.73409 5.40452
threshold=0 357.45000000000005 160.50000000000003 144.40000000000003 1.5000000000000002 136.50000000000003 98.500000000000014 18540.456000000002 234.45000000000002 288.50000000000006 161.50000000000003 220.50000000000003 1.5000000000000002 114.50000000000001
decision_type=9 2 2 2 2 2 2 2 2 2 2 2 2 2
left_child=-1 2 3 9 -5 6 -4 8 12 -2 11 -9 -7 -3
right_child=1 13 5 4 -6 7 -8 10 -10 -11 -12 -13 -14 -15
leaf_value=-0.043004865329455695 0.027681998021766956 -0.14863653032935645 -1.1980754806113874 -0.00084551116445936709 2.1506091270227898 -2.7049893129018145 0.53280524995485046 3.2607386837948806 -0.064806917512937615 1.5873102390540146 -0.73008786523521507 -1.0389096570060916 -1.6326339371875622 0.92694685701031854
leaf_weight=2077 986 83 49 40 43 66 160 30 66 42 60 33 30 171
leaf_count=2077 986 83 49 40 43 66 160 30 66 42 60 33 30 171
internal_value=-9.14634e-05 0.000786517 9.34579e-05 0.00170117 0.0104819 -0.00352227 0.000717703 -0.00663158 -0.0107407 0.000992218 -0.00121951 0.0052381 -0.016875 0.00519685
internal_weight=3936 1859 1605 1111 83 494 209 285 162 1028 123 63 96 254
internal_count=3936 1859 1605 1111 83 494 209 285 162 1028 123 63 96 254
cat_boundaries=0 1
cat_threshold=73136
is_linear=0
shrinkage=0.03


Tree=330
num_leaves=15
num_cat=1
split_feature=9 0 0 0 3 5 0 0 7 3 3 1 8 3
split_gain=5.01665 6.19389 6.72926 5.82525 4.50186 3.54792 7.85664 7.04381 7.60434 6.85148 4.45496 5.27161 4.97006 4.65472
threshold=0 35.193950500000007 29.448273000000004 21.851732500000004 118078.12400000003 15.500000000000002 10.849332500000001 8.0770035000000018 260.50000000000006 27013.831000000002 13300.377000000002 2.5000000000000004 1.0000000180025095e-35 9151.845000000003
decision_type=9 2 2 2 2 2 2 2 2 2 2 2 2 2
left_child=1 2 3 4 -1 10 7 8 -7 -8 11 13 -12 -2
right_child=5 -3 -4 -5 -6 6 9 -9 -10 -11 12 -13 -14 -15
leaf_value=-0.15368646971647648 0.030660008150239264 1.0150216973330817 -1.3632929836016865 0.82883829535448172 -0.55682171351443566 -0.38078554680787702 1.3527252003911234 -3.023638728870643 0.40834941427769195 2.6537172385595227 0.73091241517653427 -1.2423019641655981 -0.19979288215997712 0.53722361042927336
leaf_weight=1021 975 48 78 194 46 44 205 30 31 48 136 34 715 283
leaf_count=1021 975 48 78 194 46 44 205 30 31 48 136 34 715 283
internal_value=-0.000385802 -0.00182534 -0.00221807 -0.00168914 -0.00255858 0.00041816 0.00318436 -0.00371429 0.0012 0.00604743 -4.19972e-05 0.00106811 -0.00172738 0.00138315
internal_weight=3888 1387 1339 1261 1067 2501 358 105 75 253 2143 1292 851 1258
internal_count=3888 1387 1339 1261 1067 2501 358 105 75 253 2143 1292 851 1258
cat_boundaries=0 1
cat_threshold=71461
is_linear=0
shrinkage=0.03


Tree=331
num_leaves=15
num_cat=1
split_feature=4 4 9 2 6 7 2 8 3 7 5 6 3 3
split_gain=5.99051 4.05985 3.69692 4.73573 7.7457 11.5223 6.13349 7.49857 5.06587 7.94919 5.47043 4.32525 6.74486 4.26667
threshold=5.5000000000000009 2.5000000000000004 0 144.40000000000003 110.50000000000001 188.50000000000003 158.50000000000003 4.5000000000000009 49361.643500000013 250.50000000000003 14.500000000000002 160.50000000000003 11089.776000000003 22466.394000000004
decision_type=2 2 9 2 2 2 2 2 2 2 2 2 2 2
left_child=1 2 3 -1 -5 -6 -7 8 10 -10 -8 12 -12 -14
right_child=-2 -3 -4 4 5 6 7 -9 9 -11 11 -13 13 -15
leaf_value=-0.20729892386197321 0.38949427914029 -0.33582798112744283 0.039450073263389528 -0.32132582223388223 5.5607398585437791 1.0698857485938698 -0.85971883965260532 0.2604212792502682 2.4272532187146636 -0.19969412289676711 1.9347958769392106 -0.90585332616929004 -0.80806202060714094 0.89580498950761744
leaf_weight=1023 56 76 2092 77 39 55 171 126 43 35 35 47 30 30
leaf_count=1023 56 76 2092 77 39 55 171 126 43 35 35 47 30 30
internal_value=-9.91105e-05 -0.000239753 -0.000102551 -0.00113306 0.000784884 0.00191489 0.000839161 -0.000174081 -0.00222506 0.00461538 -0.00392971 0.000422535 0.00410526 -0.002
internal_weight=3935 3879 3803 1711 688 611 572 517 391 78 313 142 95 60
internal_count=3935 3879 3803 1711 688 611 572 517 391 78 313 142 95 60
cat_boundaries=0 1
cat_threshold=107561
is_linear=0
shrinkage=0.03


Tree=332
num_leaves=15
num_cat=1
split_feature=0 9 0 2 2 2 7 5 2 2 0 0 5 7
split_gain=3.74259 3.7988 7.44963 5.20059 4.8917 7.0896 5.0269 4.4205 4.11275 4.74309 4.56837 4.26105 4.73455 3.83882
threshold=2.3840500000000007 0 37.370455500000013 589.50000000000011 503.10000000000008 563.50000000000011 224.50000000000003 13.500000000000002 40.400000000000006 37.500000000000007 37.370455500000013 29.928446500000003 11.500000000000002 185.50000000000003
decision_type=2 9 2 2 2 2 2 2 2 2 2 2 2 2
left_child=-1 2 4 8 7 -6 -7 -2 9 -3 11 13 -13 -10
right_child=1 3 -4 -5 5 6 -8 -9 10 -11 -12 12 -14 -15
leaf_value=-1.6901859664110122 -1.4285437291647076 0.15317123074714573 3.2732659577463754 1.0228272136533281 -1.6819149098297304 -1.0014204185661417 0.24458617228054891 -0.01355447560313678 -1.6879533921993606 3.1452657227501026 -5.3184904654830003 -0.19768208270398416 3.4600093902125537 0.016007761558208242
leaf_weight=33 73 60 30 102 38 62 65 1612 40 31 41 44 103 1618
leaf_count=33 73 60 30 102 38 62 65 1612 40 31 41 44 103 1618
internal_value=6.07287e-05 0.000145445 -0.000825397 0.00103953 -0.00107027 -0.006 -0.00259843 -0.000587537 0.000696954 0.00692308 0.000390033 0.000614958 0.0055102 0.000180941
internal_weight=3952 3919 1880 2039 1850 165 127 1685 1937 91 1846 1805 147 1658
internal_count=3952 3919 1880 2039 1850 165 127 1685 1937 91 1846 1805 147 1658
cat_boundaries=0 1
cat_threshold=73473
is_linear=0
shrinkage=0.03


Tree=333
num_leaves=15
num_cat=0
split_feature=7 6 6 7 8 7 6 7 0 0 5 0 2 6
split_gain=4.41957 3.50496 5.35492 3.21966 3.72688 4.59667 4.72658 5.40541 4.55209 4.54953 3.38876 4.87966 4.80567 6.01912
threshold=182.50000000000003 83.500000000000014 127.50000000000001 191.50000000000003 1.5000000000000002 215.50000000000003 153.50000000000003 209.50000000000003 29.029170000000004 32.357305500000002 15.500000000000002 19.172023500000005 154.35000000000002 146.50000000000003
decision_type=2 2 2 2 2 2 2 2 2 2 2 2 2 2
left_child=1 -1 -3 -2 8 6 -6 -8 -5 -10 -7 12 -12 -14
right_child=3 2 -4 4 5 10 7 -9 9 -11 11 -13 13 -15
leaf_value=-2.2661571193069632 0.43527818062747997 0.15959686156353656 -2.8738967697046687 -0.16509313134344097 -0.015848533972259701 0.040098812722229697 -0.35563093643451338 -2.1051634806718265 3.5957447577235642 -0.11315184947391571 0.79516524227305807 1.4833399215798635 -1.1788626428076281 0.7490511312548005
leaf_weight=33 136 75 34 928 380 1735 37 37 41 46 129 95 71 91
leaf_count=33 136 75 34 928 380 1735 37 37 41 46 129 95 71 91
internal_value=0.000124095 -0.00507042 -0.00247706 0.000322061 0.000150418 0.000757282 -0.00198238 -0.00891892 -0.00138916 0.00517241 0.00134371 0.00388601 0.00195876 -0.00148148
internal_weight=3868 142 109 3726 3590 2575 454 74 1015 87 2121 386 291 162
internal_count=3868 142 109 3726 3590 2575 454 74 1015 87 2121 386 291 162
is_linear=0
shrinkage=0.03


Tree=334
num_leaves=15
num_cat=1
split_feature=9 6 6 6 2 2 7 0 0 6 3 2 5 0
split_gain=4.89677 4.8129 5.31788 4.56964 4.52338 7.42132 4.88086 4.25156 4.17656 6.36967 4.20543 6.87553 8.12906 4.32067
threshold=0 138.50000000000003 144.50000000000003 78.500000000000014 372.50000000000006 267.50000000000006 289.50000000000006 5.9831435000000015 8.2848845000000022 161.50000000000003 47765.489500000003 127.60000000000001 13.500000000000002 17.947233500000007
decision_type=9 2 2 2 2 2 2 2 2 2 2 2 2 2
left_child=3 7 -3 -1 5 6 8 -2 9 -4 11 12 -10 -14
right_child=1 2 4 -5 -6 -7 -8 -9 10 -11 -12 -13 13 -15
leaf_value=-0.80896453214850228 1.3617235754126453 1.5873799433304816 1.1037915012794099 -0.031695484648906813 2.0400179199395767 -1.0774127968156688 1.5641670263275738 -0.057656207303139126 0.078931656879980203 -0.59725493702044108 1.9404266951043654 -0.36513296135012979 0.17923664474746714 2.1904177766909445
leaf_weight=38 30 76 37 2336 50 57 46 474 256 93 53 174 110 76
leaf_count=38 30 76 37 2336 50 57 46 474 256 93 53 174 110 76
internal_value=0.000122888 0.00143969 0.00262646 -0.000729866 0.00201681 0.00152993 0.00223669 -0.000952381 0.00168961 -0.00323077 0.00264574 0.00194805 0.00393665 0.00870968
internal_weight=3906 1532 1028 2374 952 902 845 504 799 130 669 616 442 186
internal_count=3906 1532 1028 2374 952 902 845 504 799 130 669 616 442 186
cat_boundaries=0 1
cat_threshold=113668
is_linear=0
shrinkage=0.03


Tree=335
num_leaves=15
num_cat=1
split_feature=3 9 6 6 3 3 3 7 3 2 2 8 7 6
split_gain=3.41912 2.79481 8.33258 5.78532 3.85462 6.2651 5.97481 8.40508 8.09927 6.50744 5.09359 4.42092 5.22085 4.17691
threshold=118078.12400000003 0 77.500000000000014 177.50000000000003 86800.085000000006 67879.617000000013 38166.090500000006 240.50000000000003 31896.329000000002 284.50000000000006 684.50000000000011 5.5000000000000009 227.50000000000003 117.50000000000001
decision_type=2 9 2 2 2 2 2 2 2 2 2 2 2 2
left_child=1 2 -1 4 5 6 8 9 10 -8 11 13 -13 -3
right_child=-2 3 -4 -5 -6 -7 7 -9 -10 -11 -12 12 -14 -15
leaf_value=-1.4389416122881511 -0.27472431700465905 0.27434901344201362 -0.013109118873742318 0.35699483296808127 1.23995698745676 -1.1308761772498861 4.2435049902812185 -0.066347104514923094 -2.0291233988705528 0.37495226264793358 1.2486448195581623 -0.10412581733238198 0.86186751418439023 -0.11333315354923343
leaf_weight=36 98 216 1726 354 50 47 50 70 70 32 33 64 90 987
leaf_count=36 98 216 1726 354 50 47 50 70 70 32 33 64 90 987
internal_value=2.29416e-05 0.000164706 -0.000711061 0.000911722 0.000193095 -5.42495e-05 0.000260546 0.00592105 -0.000328767 0.012439 0.000172662 -0.000110538 0.00467532 -0.000723192
internal_weight=3923 3825 1762 2063 1709 1659 1612 152 1460 82 1390 1357 154 1203
internal_count=3923 3825 1762 2063 1709 1659 1612 152 1460 82 1390 1357 154 1203
cat_boundaries=0 1
cat_threshold=52881
is_linear=0
shrinkage=0.03


Tree=336
num_leaves=15
num_cat=1
split_feature=9 0 5 0 6 0 7 7 0 2 2 5 0 7
split_gain=3.06767 5.07009 8.19726 6.56434 5.48101 7.21683 5.00223 7.11358 3.47143 3.46099 3.846 3.1776 3.24448 4.48243
threshold=0 19.268703000000002 16.500000000000004 18.328822000000002 131.50000000000003 14.587288500000001 208.50000000000003 271.50000000000006 24.245028500000004 261.45000000000005 89.500000000000014 13.500000000000002 10.132813500000003 261.50000000000006
decision_type=9 2 2 2 2 2 2 2 2 2 2 2 2 2
left_child=1 2 3 4 5 -1 -3 9 -9 10 -8 -6 -13 -14
right_child=-2 6 -4 -5 11 -7 7 8 -10 -11 -12 12 13 -15
leaf_value=-3.0282925871084236 0.023297536419663058 7.5885040044644931 1.2452085620459934 -2.5075762102843826 -4.7777760481802733 -0.30162873629081788 0.26036041454102588 1.848675266090247 0.040334542795876588 0.65010773469239891 -2.4707575738806939 -0.72242251861664042 -0.25474172312166615 1.4752062894451388
leaf_weight=47 3216 39 51 31 31 57 41 40 30 35 69 80 86 59
leaf_count=47 3216 39 51 31 31 57 41 40 30 35 69 80 86 59
internal_value=9.20245e-05 -0.00169972 -0.00366516 -0.00514066 -0.004 -0.00980769 0.00165354 -0.000139535 0.00771429 -0.00393103 -0.00654545 -0.00164062 -0.0004 0.00227586
internal_weight=3912 696 442 391 360 104 254 215 70 145 110 256 225 145
internal_count=3912 696 442 391 360 104 254 215 70 145 110 256 225 145
cat_boundaries=0 1
cat_threshold=5185
is_linear=0
shrinkage=0.03


Tree=337
num_leaves=15
num_cat=1
split_feature=9 7 7 2 2 8 2 6 6 4 8 7 5 6
split_gain=3.54562 4.56635 14.2509 5.1758 4.57901 3.95211 5.40905 3.86385 3.66229 3.23603 2.96579 4.44034 5.30584 5.92361
threshold=0 271.50000000000006 267.50000000000006 740.50000000000011 259.10000000000008 5.5000000000000009 236.05000000000004 201.50000000000003 162.50000000000003 5.5000000000000009 2.5000000000000004 215.50000000000003 15.500000000000002 153.50000000000003
decision_type=9 2 2 2 2 2 2 2 2 2 2 2 2 2
left_child=1 2 3 5 -3 -1 -7 9 -4 10 -2 -12 -13 -14
right_child=7 4 8 -5 -6 6 -8 -9 -10 -11 11 12 13 -15
leaf_value=-0.14233879205488392 -0.019036666512201917 0.016085134463567102 -3.2829019234095038 -0.99646015722313896 1.2939888567064748 0.12152733791469245 1.7469993211606345 -0.90083263103604849 -0.54181276067595996 1.7164100261103254 -0.175730931758942 0.10764430862197059 1.6719344830590284 0.34133737099368772
leaf_weight=840 1097 224 31 37 54 79 32 44 52 38 356 914 74 84
leaf_count=840 1097 224 31 37 54 79 32 44 52 38 356 914 74 84
internal_value=-1.51668e-05 -0.00125828 -0.00215686 -0.00115385 0.00215827 -0.000725552 0.00459459 0.000630493 -0.0140964 0.000784237 0.000653465 0.00155462 0.00251866 0.00759494
internal_weight=3956 1349 1071 988 278 951 111 2607 83 2563 2525 1428 1072 158
internal_count=3956 1349 1071 988 278 951 111 2607 83 2563 2525 1428 1072 158
cat_boundaries=0 1
cat_threshold=38213
is_linear=0
shrinkage=0.03


Tree=338
num_leaves=15
num_cat=1
split_feature=9 0 7 0 4 3 5 0 6 6 0 7 8 7
split_gain=3.32019 4.43974 3.66721 4.62857 3.26258 2.724 3.23714 3.83674 7.32239 5.30845 8.7315 5.54299 5.46195 3.45643
threshold=0 37.043250000000008 184.50000000000003 28.515407500000006 5.5000000000000009 109861.22300000001 14.500000000000002 16.695889500000003 168.50000000000003 155.50000000000003 7.5820965000000013 260.50000000000006 2.5000000000000004 275.50000000000006
decision_type=9 2 2 2 2 2 2 2 2 2 2 2 2 2
left_child=2 4 3 -1 -2 6 13 9 -9 11 -11 12 -8 -4
right_child=1 -3 5 -5 -6 -7 7 8 -10 10 -12 -13 -14 -15
leaf_value=6.0470829194447573 0.020961919512647 -0.91746017871324959 -0.43575244856305062 -0.17363851719497916 1.6649177253270169 -0.47326622798197487 -0.7165031718803061 -0.025511373109696932 -1.1061206603488289 -0.18852616277185119 1.4391998903712759 -1.4976165226990314 0.60505885991431563 0.24034060699075097
leaf_weight=42 2547 64 378 30 40 46 56 290 63 55 104 58 78 58
leaf_count=42 2547 64 378 30 40 46 56 290 63 55 104 58 78 58
internal_value=-0.000299309 0.000304397 -0.00156151 0.005 0.000498647 -0.00197302 -0.00168421 -0.000426136 -0.00263456 0.00179487 0.00584906 -0.0015625 0.00179104 -0.0037156
internal_weight=3909 2651 1258 72 2587 1186 1140 704 353 351 159 192 134 436
internal_count=3909 2651 1258 72 2587 1186 1140 704 353 351 159 192 134 436
cat_boundaries=0 1
cat_threshold=103441
is_linear=0
shrinkage=0.03


Tree=339
num_leaves=15
num_cat=0
split_feature=0 3 3 3 7 2 2 0 4 5 2 0 6 4
split_gain=2.41194 4.70773 5.66361 5.05599 7.71827 4.54438 7.37027 3.69112 4.13342 3.49317 3.20527 5.35299 3.83835 5.8685
threshold=7.5820965000000013 54227.311000000009 1616.8680000000002 3948.7310000000002 239.50000000000003 259.10000000000008 348.45000000000005 7.8460675000000011 2.5000000000000004 16.500000000000004 45.500000000000007 27.432842500000003 125.50000000000001 1.0000000180025095e-35
decision_type=2 2 2 2 2 2 2 2 2 2 2 2 2 2
left_child=1 2 -1 4 -4 -5 -7 -2 9 10 11 -9 13 -12
right_child=7 -3 3 5 -6 6 -8 8 -10 -11 12 -13 -14 -15
leaf_value=-0.85181817393906434 0.31444897854145437 -1.8778607914619174 -0.33178795925695337 -0.19253476102762532 1.0366232282363637 1.3107548495286265 -0.78266050375913998 -0.18889974808524299 -0.55518019235429161 1.6101903097726209 -0.15734242947093549 -2.4365792006009404 0.073179101239529698 0.26069385562866842
leaf_weight=40 45 40 30 245 56 30 33 134 111 54 586 32 2383 84
leaf_count=40 45 40 30 245 56 30 33 134 111 54 586 32 2383 84
internal_value=-0.000146042 -0.0021519 -0.00124424 -0.000152284 0.00627907 -0.00194805 0.0052381 0.000131234 1.77305e-05 0.000210816 8.3877e-05 -0.0039759 0.000304618 -0.00170149
internal_weight=3903 474 434 394 86 308 63 3429 3384 3273 3219 166 3053 670
internal_count=3903 474 434 394 86 308 63 3429 3384 3273 3219 166 3053 670
is_linear=0
shrinkage=0.03


Tree=340
num_leaves=15
num_cat=2
split_feature=9 0 2 2 2 0 0 7 2 7 7 3 0 9
split_gain=3.33225 5.31039 3.95429 5.8562 5.51698 4.29954 7.84388 4.0311 6.48543 4.24678 3.85686 3.4139 2.94746 5.96846
threshold=0 22.534478000000004 259.10000000000008 534.90000000000009 117.45000000000002 8.5029650000000014 15.346214500000002 231.50000000000003 86.050000000000011 251.50000000000003 265.50000000000006 25193.166500000003 9.4258725000000023 1
decision_type=9 2 2 2 2 2 2 2 2 2 2 2 2 9
left_child=1 2 4 -4 7 -6 -7 8 -1 -9 -11 -3 13 -2
right_child=12 11 3 -5 5 6 -8 9 -10 10 -12 -13 -14 -15
leaf_value=-1.7019888902659124 -0.77813910921754081 4.0407393184577769 0.35515572673363976 -0.34793032127730156 -1.9154784122213344 0.018605348505773237 -1.9409483183807492 0.85569792119277166 0.10287946386041881 -0.62147634566268495 0.046897997627204403 -1.2662685082736971 0.0318743515653091 0.077314848199972627
leaf_weight=33 281 61 89 35 33 63 59 60 30 30 39 30 2671 393
leaf_count=33 281 61 89 35 33 63 59 60 30 30 39 30 2671 393
internal_value=-0.000191963 -0.00230769 -0.00363057 0.000967742 -0.00527378 -0.00948387 -0.00688525 -0.001875 -0.00809524 0.00116279 -0.00391304 0.00428571 0.000169896 -0.00160237
internal_weight=3907 562 471 124 347 155 122 192 63 129 69 91 3345 674
internal_count=3907 562 471 124 347 155 122 192 63 129 69 91 3345 674
cat_boundaries=0 1 2
cat_threshold=1541 2296
is_linear=0
shrinkage=0.03


Tree=341
num_leaves=15
num_cat=1
split_feature=9 5 3 3 1 3 0 6 3 3 3 7 1 0
split_gain=3.32431 6.68549 3.74667 3.09511 3.24659 5.17703 4.58558 3.91691 5.51183 5.42365 5.3864 5.33526 8.07105 7.7167
threshold=0 13.500000000000002 967.68450000000018 105990.39500000002 2.5000000000000004 32453.678500000005 18.510433000000003 148.50000000000003 25193.166500000003 19241.609500000002 15277.769000000002 222.50000000000003 1.5000000000000002 23.784892500000002
decision_type=9 2 2 2 2 2 2 2 2 2 2 2 2 2
left_child=1 -1 -3 4 5 7 -7 8 11 10 -9 12 13 -4
right_child=-2 2 3 -5 -6 6 -8 9 -10 -11 -12 -13 -14 -15
leaf_value=-3.6726816403656652 0.033774313217946883 -0.71052033108932844 -0.39243441686906405 -0.43728452785418309 0.28177199483563642 -1.9626305790508627 -0.40144009047550749 0.25132869186393236 1.0598039786148967 -0.69323809826987137 1.341253106141753 -0.85746369514579557 -1.6638735199011125 1.1466042807371615
leaf_weight=77 2338 67 115 37 230 51 63 514 30 82 47 137 63 70
leaf_count=77 2338 67 115 37 230 51 63 514 30 82 47 137 63 70
internal_value=-5.35578e-05 -0.00111111 -0.000677291 -0.000354413 -0.000128388 -0.000767918 -0.00684211 -0.000113422 -0.00238554 0.00135303 0.00240642 -0.00335065 -0.000725806 0.00243243
internal_weight=3921 1583 1506 1439 1402 1172 114 1058 415 643 561 385 248 185
internal_count=3921 1583 1506 1439 1402 1172 114 1058 415 643 561 385 248 185
cat_boundaries=0 1
cat_threshold=36161
is_linear=0
shrinkage=0.03


Tree=342
num_leaves=15
num_cat=0
split_feature=4 2 6 7 0 1 8 7 0 0 2 5 0 2
split_gain=3.01125 4.50426 6.01791 3.65246 5.54378 5.32854 4.96447 5.06247 5.19593 4.68 4.46263 3.23244 3.62092 4.45946
threshold=1.0000000180025095e-35 84.450000000000017 163.50000000000003 270.50000000000006 11.4810505 1.5000000000000002 1.0000000180025095e-35 198.50000000000003 25.780628000000004 8.4006795000000007 188.50000000000003 15.500000000000002 15.819958500000002 265.50000000000006
decision_type=2 2 2 2 2 2 2 2 2 2 2 2 2 2
left_child=-1 2 -2 4 5 -3 -6 -8 11 -7 -5 12 -9 -14
right_child=1 3 -4 10 6 9 7 8 -10 -11 -12 -13 13 -15
leaf_value=0.01703395865406037 -2.0081371647997548 -1.3412040950724031 0.0056441036055002768 1.8080107760624287 2.0082177483070653 0.34819466439098051 -2.2700460672632161 0.6065860385483256 1.4681135533123779 -0.5501926877822052 -0.012809328778957933 0.35410633155777987 -2.3043328244752912 0.25811984843079927
leaf_weight=3365 35 43 32 30 46 36 34 41 39 39 36 51 44 30
leaf_count=3365 35 43 32 30 46 36 34 41 39 39 36 51 44 30
internal_value=-3.84517e-05 -0.00212687 -0.00940299 -0.00108742 -0.00215881 -0.00762712 0.000105263 -0.0016318 0.000146341 -0.0028 0.00545455 -0.00216867 -0.00495652 -0.00891892
internal_weight=3901 536 67 469 403 118 285 239 205 75 66 166 115 74
internal_count=3901 536 67 469 403 118 285 239 205 75 66 166 115 74
is_linear=0
shrinkage=0.03


Tree=343
num_leaves=15
num_cat=1
split_feature=9 6 6 6 0 8 3 0 0 0 7 0 0 0
split_gain=3.35452 9.3249 5.93609 5.93471 5.09196 5.94295 6.22475 5.04123 4.83131 12.1602 4.89909 5.80776 4.66355 4.5786
threshold=0 138.50000000000003 114.50000000000001 72.500000000000014 29.332569500000002 4.5000000000000009 10431.669000000002 28.515407500000006 29.448273000000004 35.960008000000009 214.50000000000003 19.369722000000007 20.533569000000004 13.179389500000001
decision_type=9 2 2 2 2 2 2 2 2 2 2 2 2 2
left_child=2 -2 3 -1 7 6 -6 -4 10 -10 -3 13 -13 -12
right_child=1 8 4 -5 5 -7 -8 -9 9 -11 11 12 -14 -15
leaf_value=3.6174357940713069 0.28898753046555153 -0.55756391224718982 -0.0011997047639636094 -0.7504481410705216 3.1326029070249888 -0.70017190218610259 0.47050276838037003 -1.7499024651836679 -1.2945405998709452 0.072605555375398576 0.091937312448711728 2.2830646044179321 0.2849134386307105 -0.39692415002539971
leaf_weight=30 643 62 1642 222 108 68 98 38 44 33 466 34 138 249
leaf_count=30 643 62 1642 222 108 68 98 38 44 33 466 34 138 249
internal_value=0.000580645 0.00159023 -0.000189531 -0.00452381 0.000368475 0.00416058 0.00669903 -0.00025 -0.000175439 -0.0074026 0.000410959 0.000980834 0.00593023 -0.00020979
internal_weight=3875 1669 2206 252 1954 274 206 1680 1026 77 949 887 172 715
internal_count=3875 1669 2206 252 1954 274 206 1680 1026 77 949 887 172 715
cat_boundaries=0 1
cat_threshold=39305
is_linear=0
shrinkage=0.03


Tree=344
num_leaves=15
num_cat=1
split_feature=0 6 9 5 6 0 0 7 6 3 3 3 3 7
split_gain=4.22057 6.1293 4.22212 4.13152 5.46314 4.28434 6.60117 5.79601 4.60168 4.41532 8.98367 6.04456 4.82348 5.6097
threshold=38.074008000000006 152.50000000000003 0 11.500000000000002 161.50000000000003 29.198172000000003 33.283682000000006 219.50000000000003 103.50000000000001 67879.617000000013 44739.588000000011 19241.609500000002 5298.148000000001 287.50000000000006
decision_type=2 2 9 2 2 2 2 2 2 2 2 2 2 2
left_child=2 -2 -1 4 -4 7 -7 -5 -9 10 11 12 -10 -14
right_child=1 -3 3 5 -6 6 -8 8 9 -11 -12 -13 13 -15
leaf_value=-0.068829797360937167 -0.77119748845459746 4.0213634275479651 0.1986323420450708 -0.16891443402533013 -2.8967715117920125 6.9681502320603315 -0.29057155015242186 0.53965027760021256 -0.012755266977895871 -0.27526126844165444 1.7639577682099059 -0.26104302077897218 0.33100703374050794 -0.97292083746795699
leaf_weight=2104 30 32 81 338 45 46 43 70 360 78 66 178 408 30
leaf_count=2104 30 32 81 338 45 46 43 70 360 78 66 178 408 30
internal_value=-2.30238e-05 0.00774194 -0.000148167 0.000941244 -0.00428571 0.00135436 0.00775281 0.000981675 0.00196639 0.0015 0.00201536 0.00129098 0.00240602 0.00452055
internal_weight=3909 62 3847 1743 126 1617 89 1528 1190 1120 1042 976 798 438
internal_count=3909 62 3847 1743 126 1617 89 1528 1190 1120 1042 976 798 438
cat_boundaries=0 1
cat_threshold=105761
is_linear=0
shrinkage=0.03


Tree=345
num_leaves=15
num_cat=1
split_feature=9 7 1 3 7 7 7 3 3 8 6 7 5 3
split_gain=4.23034 4.26421 3.59993 3.02228 3.54532 4.63064 4.68801 3.90663 3.69073 3.24267 3.0999 3.0736 2.97527 2.85916
threshold=0 166.50000000000003 14.500000000000002 91150.570000000022 179.50000000000003 204.50000000000003 211.50000000000003 23570.357000000004 14328.790000000003 2.5000000000000004 120.50000000000001 186.50000000000003 14.500000000000002 1471.3920000000003
decision_type=9 2 2 2 2 2 2 2 2 2 2 2 2 2
left_child=13 -2 3 4 -3 7 8 11 -7 -10 -9 -6 -5 -1
right_child=1 2 -4 12 5 6 -8 10 9 -11 -12 -13 -14 -15
leaf_value=-0.75998901555907994 1.2655850415573662 -1.4200247981364826 -0.9647421916743224 1.4243556880834172 0.90516847334909467 -0.68711167627709635 0.03939480754087981 0.082104768695841129 0.79801384692004596 -0.4742095329804033 2.5945480968302124 0.034860004412798844 0.0096220667887178014 -0.091548657963430743
leaf_weight=34 30 57 32 48 51 122 2633 38 35 34 47 225 56 490
leaf_count=34 30 57 32 48 51 122 2633 38 35 34 47 225 56 490
internal_value=0.000350966 0.000737273 0.000639432 0.000735206 0.00057372 0.000706436 0.00029745 0.00390582 -0.00424084 0.00130435 0.00952941 0.00217391 0.00576923 -0.00213483
internal_weight=3932 3408 3378 3346 3242 3185 2824 361 191 69 85 276 104 524
internal_count=3932 3408 3378 3346 3242 3185 2824 361 191 69 85 276 104 524
cat_boundaries=0 1
cat_threshold=1297
is_linear=0
shrinkage=0.03


Tree=346
num_leaves=15
num_cat=1
split_feature=9 0 0 2 0 0 3 6 6 2 2 6 6 6
split_gain=4.52604 7.40499 8.73379 6.77387 5.12845 5.92469 4.87558 3.33744 8.45079 7.29875 3.32873 3.20002 5.91675 5.29415
threshold=0 35.960008000000009 29.638791000000001 259.10000000000008 9.8219325000000008 13.285151500000001 5941.3690000000015 160.50000000000003 178.50000000000003 127.60000000000001 121.50000000000001 161.50000000000003 176.50000000000003 147.50000000000003
decision_type=9 2 2 2 2 2 2 2 2 2 2 2 2 2
left_child=1 2 3 4 11 6 -6 9 -9 -7 -4 13 -13 -1
right_child=-2 -3 10 -5 5 7 -8 8 -10 -11 -12 12 -14 -15
leaf_value=0.16558783555056833 -0.031716402628558168 1.1237689429222655 -1.2654926624561675 -0.23101159044048927 0.48132252955136889 3.4960085410200521 2.6069105586370029 -1.3662831895556802 1.9840901257960513 -0.36699732369475668 -0.038658346422914748 1.0151691695353036 -0.19247748147781635 -1.5930938983119982
leaf_weight=43 3353 37 33 99 32 42 31 30 33 32 32 44 31 34
leaf_count=43 3353 37 33 99 32 42 31 30 33 32 32 44 31 34
internal_value=-9.21659e-05 0.00239787 0.00151163 0.00299335 0.00494318 0.0081 0.0157143 0.00459854 -0.00047619 0.00891892 -0.00876923 0.000789474 0.0052 -0.00350649
internal_weight=3906 553 516 451 352 200 63 137 63 74 65 152 75 77
internal_count=3906 553 516 451 352 200 63 137 63 74 65 152 75 77
cat_boundaries=0 1
cat_threshold=65584
is_linear=0
shrinkage=0.03


Tree=347
num_leaves=15
num_cat=1
split_feature=9 3 8 6 1 6 6 3 7 7 3 0 7 3
split_gain=3.20941 6.6578 5.31718 7.68434 6.47454 7.32095 5.11756 3.97475 7.23214 5.20833 3.81266 3.58079 5.62444 4.77482
threshold=0 4007.8580000000006 3.5000000000000004 111.50000000000001 1.5000000000000002 156.50000000000003 167.50000000000003 2124.8955000000005 261.50000000000006 231.50000000000003 1289.4210000000003 7.0913760000000012 249.50000000000003 12973.705000000002
decision_type=9 2 2 2 2 2 2 2 2 2 2 2 2 2
left_child=1 7 3 -3 5 -4 -6 10 9 -9 -1 12 -2 -14
right_child=11 2 4 -5 6 -7 -8 8 -10 -11 -12 -13 13 -15
leaf_value=-0.78533443998621466 -0.35153396674484383 -2.9122375700292036 -0.33955907026223714 -0.10537098359448918 0.063524734601430738 3.9585380966156913 -1.5658545572837739 -2.27827317037484 0.091312369355670164 -5.4702258634874701 0.90680578437209525 0.046477400186660134 -0.18486944521253121 0.21251956772796859
leaf_weight=52 150 45 53 337 77 75 40 48 32 32 37 2736 106 90
leaf_count=52 150 45 53 337 77 75 40 48 32 32 37 2736 106 90
internal_value=0 -0.00164678 -0.000143541 -0.00235602 0.00330612 0.00796875 -0.00179487 -0.00641791 -0.0101786 -0.015 -0.00168539 0.000446313 -0.00242775 0.000918367
internal_weight=3910 828 627 382 245 128 117 201 112 80 89 3082 346 196
internal_count=3910 828 627 382 245 128 117 201 112 80 89 3082 346 196
cat_boundaries=0 1
cat_threshold=329
is_linear=0
shrinkage=0.03


Tree=348
num_leaves=15
num_cat=1
split_feature=1 3 3 7 0 3 9 6 0 7 0 3 5 0
split_gain=5.19395 5.4148 3.2365 7.04511 5.70671 5.12402 5.28257 4.38771 4.87151 4.19492 4.12936 4.12022 3.89628 3.88932
threshold=14.500000000000002 158396.35750000001 5298.148000000001 285.50000000000006 30.170893000000003 4491.1425000000008 0 148.50000000000003 20.395902500000002 238.50000000000003 3.9449575000000006 22627.978500000001 14.500000000000002 23.430610500000004
decision_type=2 2 2 2 2 2 9 2 2 2 2 2 2 2
left_child=1 2 3 4 5 6 7 9 12 -1 11 -4 -9 -10
right_child=-2 -3 10 -5 -6 -7 -8 8 13 -11 -12 -13 -14 -15
leaf_value=-1.1604168236167254 -0.93624275585083405 1.287826154513998 -0.90435444648402263 0.63844966983004947 0.25941563685872099 -1.339847280727829 0.019303115830080059 -2.3453263245399252 7.0345187367890727 -2.9355738831192797 0.041972021770102397 0.18388090331326509 -0.071014362596416733 -0.77816100296561441
leaf_weight=142 38 31 44 75 115 73 515 77 31 34 2579 32 94 42
leaf_count=142 38 31 44 75 115 73 515 77 31 34 2579 32 94 42
internal_value=-1.52983e-05 9.2688e-05 -7.78614e-06 -0.00130217 -0.00189671 -0.00261905 -0.00202139 -0.00446512 -0.00196721 -0.00818182 0.000576271 -0.00631579 -0.00473684 0.00452055
internal_weight=3922 3884 3853 1198 1123 1008 935 420 244 176 2655 76 171 73
internal_count=3922 3884 3853 1198 1123 1008 935 420 244 176 2655 76 171 73
cat_boundaries=0 1
cat_threshold=22665
is_linear=0
shrinkage=0.03


Tree=349
num_leaves=15
num_cat=2
split_feature=3 3 3 9 3 3 8 6 6 9 6 6 6 0
split_gain=2.54398 4.79454 4.65577 5.08506 7.65819 6.95692 6.78102 5.90032 5.53538 5.02051 6.43796 12.7812 5.0169 6.80744
threshold=13300.377000000002 15277.769000000002 9896.6910000000007 0 8521.5230000000029 8521.5230000000029 1.5000000000000002 191.50000000000003 148.50000000000003 1 151.50000000000003 165.50000000000003 140.50000000000003 24.111666000000003
decision_type=2 2 2 9 2 2 2 2 2 9 2 2 2 2
left_child=2 -2 3 4 -1 7 -7 8 12 -4 -11 -12 -5 -14
right_child=1 -3 9 5 -6 6 -8 -9 -10 10 11 -13 13 -15
leaf_value=-0.042095932387358058 -0.61360188792116444 -0.019297775825540382 1.845496937251172 0.032176468161338789 -1.2115514796585158 -0.39960982049006361 1.4887487093393348 -1.0267376657370328 0.6289762415714869 0.48226180155640119 -1.7285084365251486 0.32521887041799802 -2.2480152155317228 0.60766468880459346
leaf_weight=690 143 1462 114 270 90 35 79 88 566 137 52 85 76 31
leaf_count=690 143 1462 114 270 90 35 79 88 566 137 52 85 76 31
internal_value=7.65697e-05 -0.000841121 0.000713359 0.000109091 -0.00174684 0.00137662 0.00842105 0.000611057 0.00130435 0.00371134 0.00126761 -0.00328467 -0.00151194 -0.00700935
internal_weight=3918 1605 2313 1925 780 1145 114 1031 943 388 274 137 377 107
internal_count=3918 1605 2313 1925 780 1145 114 1031 943 388 274 137 377 107
cat_boundaries=0 1 2
cat_threshold=14104 4424
is_linear=0
shrinkage=0.03


Tree=350
num_leaves=15
num_cat=2
split_feature=8 9 2 1 7 5 2 3 2 9 5 2 3 2
split_gain=5.40349 6.58049 8.44341 6.47508 8.69066 6.42216 6.00241 5.78235 5.01018 4.90232 7.48718 6.21698 5.34718 4.82805
threshold=1.5000000000000002 0 321.45000000000005 1.5000000000000002 224.50000000000003 13.500000000000002 72.500000000000014 1215.9915000000003 94.500000000000014 1 13.500000000000002 56.500000000000007 13300.377000000002 43.500000000000007
decision_type=2 9 2 2 2 2 2 2 2 9 2 2 2 2
left_child=1 2 6 7 -5 -6 -1 -3 -8 10 12 13 -2 -12
right_child=9 3 -4 4 5 -7 8 -9 -10 -11 11 -13 -14 -15
leaf_value=-0.89183842074266517 -0.83723455466891439 1.2753111218117277 -1.7559181648128934 1.2497703031533456 1.4565177805522944 -0.20809876715891276 2.7998147596117859 -0.38762152587536319 -0.24911355081491307 0.093025875452585755 -0.027246264894438352 -0.060867114590388377 -3.15149863146809 1.0284951159350475
leaf_weight=33 69 54 42 95 40 185 34 461 132 1620 49 992 32 66
leaf_count=33 69 54 42 95 40 185 34 461 132 1620 49 992 32 66
internal_value=-3.07377e-05 -0.00184015 -0.00609562 -0.000532544 0.0028125 -0.0004 -0.00376884 -0.00262136 -0.00144578 0.000657709 -0.000788177 -8.13008e-05 -0.00861386 0.00652174
internal_weight=3904 1076 241 835 320 225 199 515 166 2828 1208 1107 101 115
internal_count=3904 1076 241 835 320 225 199 515 166 2828 1208 1107 101 115
cat_boundaries=0 1 2
cat_threshold=83236 7361
is_linear=0
shrinkage=0.03


Tree=351
num_leaves=15
num_cat=1
split_feature=9 6 6 3 6 4 3 5 3 2 2 5 3 2
split_gain=3.74009 5.19382 6.57309 3.56665 3.10111 3.1903 3.55428 6.68889 5.07869 4.59853 6.4597 5.4534 5.18812 4.73823
threshold=0 192.50000000000003 189.50000000000003 9151.845000000003 187.50000000000003 1.0000000180025095e-35 39064.845000000008 13.500000000000002 59701.482500000006 94.500000000000014 101.05000000000001 12.500000000000002 22143.343000000004 88.500000000000014
decision_type=9 2 2 2 2 2 2 2 2 2 2 2 2 2
left_child=1 2 4 -3 5 6 9 8 -8 12 -11 -12 13 -1
right_child=-2 3 -4 -5 -6 -7 7 -9 -10 10 11 -13 -14 -15
leaf_value=0.19847580472717366 0.055061423378729157 -1.9337885834661392 1.0858641627963037 -0.13593698169351001 -1.3768152449575688 -0.54672410741182265 3.1714310957612839 0.033824646497962477 1.095151671758108 -2.5534155270824033 -1.406756872748524 -0.0070738150012959978 -1.2948011288456223 1.3599834631498493
leaf_weight=472 1595 47 32 49 35 282 37 172 43 68 127 886 44 46
leaf_count=472 1595 47 32 49 35 282 37 172 43 68 127 886 44 46
internal_value=9.91105e-05 -0.00066383 -0.000374332 -0.0075 -0.00056962 -0.000427193 1.58311e-05 0.00333333 0.0105 -0.000493001 -0.00163737 -0.00103653 0.00170819 0.00254826
internal_weight=3935 2340 2244 96 2212 2177 1895 252 80 1643 1081 1013 562 518
internal_count=3935 2340 2244 96 2212 2177 1895 252 80 1643 1081 1013 562 518
cat_boundaries=0 1
cat_threshold=88205
is_linear=0
shrinkage=0.03


Tree=352
num_leaves=15
num_cat=2
split_feature=7 0 9 0 6 3 3 6 2 9 0 7 0 3
split_gain=2.49782 6.89341 6.57741 6.30096 4.77153 6.75142 5.17883 4.58054 5.26882 4.37024 9.60633 7.8362 5.13778 6.79788
threshold=271.50000000000006 4.5129270000000004 0 23.430610500000004 134.50000000000003 29798.342000000004 15969.808000000003 157.50000000000003 216.40000000000003 1 5.3964650000000001 204.50000000000003 17.234947000000002 23570.357000000004
decision_type=2 2 9 2 2 2 2 2 2 9 2 2 2 2
left_child=9 -2 4 7 -3 6 -6 8 -4 10 -1 -12 13 -13
right_child=1 2 3 -5 5 -7 -8 -9 -10 -11 11 12 -14 -15
leaf_value=2.0084823325107202 -0.84077393704978753 0.29991845707183301 -0.48784790884312768 -0.12154771885641139 -0.17888393615301537 -2.4559899079643683 1.6476942221952253 1.4336430907310453 1.4796788411083992 -0.045255534324940068 -1.1080476019874594 0.70842772119126496 4.0760479559169855 -0.61661660681594865
leaf_weight=32 42 33 32 56 177 45 32 175 30 3018 73 107 30 43
leaf_count=32 42 33 32 56 177 45 32 175 30 3018 73 107 30 43
internal_value=-7.64331e-06 0.00173633 0.00258621 0.00564356 -0.000707071 -0.00212598 0.000143541 0.00797468 0.000967742 -0.000336058 0.00315254 0.00130435 0.00466667 0.0024
internal_weight=3925 622 580 293 287 254 209 237 62 3303 285 253 180 150
internal_count=3925 622 580 293 287 254 209 237 62 3303 285 253 180 150
cat_boundaries=0 1 2
cat_threshold=11172 16672
is_linear=0
shrinkage=0.03


Tree=353
num_leaves=15
num_cat=3
split_feature=0 9 1 2 0 9 7 8 0 0 9 7 0 2
split_gain=3.19647 2.85898 3.3745 3.1454 2.89846 6.49002 8.09683 4.65364 4.21739 6.42015 5.73202 9.33287 7.00468 6.99305
threshold=40.576350500000011 0 10.500000000000002 490.15000000000003 6.814753500000001 1 250.50000000000003 4.5000000000000009 22.683956000000006 25.288895500000006 2 204.50000000000003 26.965247500000004 335.50000000000006
decision_type=2 9 2 2 2 9 2 2 2 2 9 2 2 2
left_child=1 3 4 -1 5 6 -3 -7 -6 -10 13 -12 -13 -11
right_child=-2 2 -4 -5 8 7 -8 -9 9 10 11 12 -14 -15
leaf_value=-0.11093879292297287 3.8883582066740083 -1.682197481652272 0.35058085229918501 -0.78079938813659788 0.080492882646980207 -0.09498302387657645 -0.20996894484468953 0.47328091485587093 -0.46304655523497895 1.9551325211661015 1.0295478604850359 2.1678201979094252 -0.77997420587704247 -3.4556082753499822
leaf_weight=547 32 37 56 42 2156 157 76 46 254 173 119 32 201 31
leaf_count=547 32 37 56 42 2156 157 76 46 254 173 119 32 201 31
internal_value=-6.8199e-05 -0.000145149 0.000197133 -0.00205342 7.31261e-05 -0.00265823 -0.00804878 0.000704225 0.000364127 -0.00148148 0.000323741 -0.00198895 -0.00553648 0.00420561
internal_weight=3959 3927 3338 589 3282 316 113 203 2966 810 556 352 233 204
internal_count=3959 3927 3338 589 3282 316 113 203 2966 810 556 352 233 204
cat_boundaries=0 1 2 3
cat_threshold=50177 6352 2176
is_linear=0
shrinkage=0.03


Tree=354
num_leaves=15
num_cat=1
split_feature=2 2 2 9 5 6 3 2 2 7 6 2 3 7
split_gain=2.87935 2.10901 8.63847 3.58449 8.00027 6.36831 5.05961 4.54375 10.2447 3.97354 4.0466 8.03178 7.44675 9.70817
threshold=28.500000000000004 490.15000000000003 525.30000000000007 0 15.500000000000002 188.50000000000003 13257.596500000001 117.45000000000002 111.10000000000001 194.50000000000003 167.50000000000003 161.55000000000004 38166.090500000006 249.50000000000003
decision_type=2 2 2 9 2 2 2 2 2 2 2 2 2 2
left_child=-1 3 -3 4 7 -5 -7 8 -2 -9 12 -12 -11 -14
right_child=1 2 -4 5 -6 6 -8 9 -10 10 11 -13 13 -15
leaf_value=0.38660987141328856 -0.089754360586510984 -1.1894809613114898 -0.054154451890397012 0.087226521952783284 0.91161636895202436 -0.19900609471589631 -1.5709804945813857 0.21809377437741431 4.3638269070941211 -0.9280382852001946 0.13771530072994778 -0.65645930099805916 0.91959862661673697 -0.86604340474679808
leaf_weight=31 890 47 275 1594 104 63 37 98 42 394 91 138 83 41
leaf_count=31 890 47 275 1594 104 63 37 98 42 394 91 138 83 41
internal_value=-0.000397149 -0.000469592 -0.00279503 -0.00026014 -0.00115812 0.000739437 -0.0066 -0.00163759 -0.000193133 -0.00323077 -0.0039759 -0.000655022 -0.00544402 0.000967742
internal_weight=3928 3897 322 3575 1881 1694 100 1777 932 845 747 229 518 124
internal_count=3928 3897 322 3575 1881 1694 100 1777 932 845 747 229 518 124
cat_boundaries=0 1
cat_threshold=106605
is_linear=0
shrinkage=0.03


Tree=355
num_leaves=15
num_cat=1
split_feature=9 0 7 7 4 0 7 2 0 0 0 0 0 7
split_gain=3.7424 4.59654 8.83983 5.85607 4.18134 3.85174 5.71765 3.3588 5.1946 11.5676 9.93689 7.29214 6.81396 8.30452
threshold=0 9.8219325000000008 210.50000000000003 234.50000000000003 9.5000000000000018 22.803529500000003 237.50000000000003 194.55000000000004 12.449120000000002 22.683956000000006 24.762381500000004 21.995953000000004 8.5849830000000029 261.50000000000006
decision_type=9 2 2 2 2 2 2 2 2 2 2 2 2 2
left_child=1 2 -1 -4 7 -3 -7 -2 12 11 -11 -10 -9 -14
right_child=4 5 3 -5 -6 6 -8 8 9 10 -12 -13 13 -15
leaf_value=-1.5584304561766225 0.096022922189212628 -0.49540088002301214 1.6311977076847779 0.17661492449013791 1.6249172035002817 7.4418398885903656 -1.9125344404971929 0.026654172144910147 0.17480776559803643 -1.3475905015598084 -0.10316241488397736 4.0864444488314735 -0.92373700432362504 0.10340653867725677
leaf_weight=31 2222 229 31 44 32 34 51 172 523 66 259 32 128 57
leaf_count=31 2222 229 31 44 32 34 51 172 523 66 259 32 128 57
internal_value=0.000130401 -0.00251163 0.00283019 0.0084 0.000454156 -0.0043949 0.00105882 0.000355594 -0.000897332 0.000340909 -0.00415385 0.00297297 -0.00394958 -0.00794595
internal_weight=3911 420 106 75 3491 314 85 3459 1237 880 325 555 357 185
internal_count=3911 420 106 75 3491 314 85 3459 1237 880 325 555 357 185
cat_boundaries=0 1
cat_threshold=17921
is_linear=0
shrinkage=0.03


Tree=356
num_leaves=15
num_cat=2
split_feature=7 1 1 0 0 1 7 6 9 0 5 9 2 0
split_gain=3.16412 3.67082 4.7035 4.43967 6.20433 3.10037 3.53327 2.77974 6.13819 6.84469 4.78699 8.37421 8.23466 7.23395
threshold=293.50000000000006 7.5000000000000009 4.5000000000000009 17.774664000000005 11.4810505 10.500000000000002 246.50000000000003 135.50000000000003 0 20.804577500000004 14.500000000000002 1 63.45000000000001 24.245028500000004
decision_type=2 2 2 2 2 2 2 2 9 2 2 9 2 2
left_child=1 2 7 4 -4 -3 -7 8 9 -1 -9 13 -13 -12
right_child=-2 5 3 -5 -6 6 -8 10 -10 -11 11 12 -14 -15
leaf_value=-1.8248264208153591 -0.28968849858832413 -0.96220239454652123 0.13862751736571907 -0.031235292960158176 2.7078831618502477 0.17572899486474966 -0.16762504621315655 -0.19510485428504806 0.0964789857775986 3.6444617927297984 0.01082197211970083 -0.55675597435631174 1.1528904107311881 -0.97600651196227772
leaf_weight=86 82 40 37 52 47 34 31 1298 916 39 752 63 311 93
leaf_count=86 82 40 37 52 47 34 31 1298 916 39 752 63 311 93
internal_value=-2.31899e-05 0.000102659 0.000259881 0.00573529 0.01 -0.00542857 -0.00138462 5.05902e-05 0.00135447 -0.00466667 -0.000488677 0.000861362 0.00453125 -0.000807018
internal_weight=3881 3799 3694 136 84 105 65 3558 1041 125 2517 1219 374 845
internal_count=3881 3799 3694 136 84 105 65 3558 1041 125 2517 1219 374 845
cat_boundaries=0 1 2
cat_threshold=257 15952
is_linear=0
shrinkage=0.03


Tree=357
num_leaves=15
num_cat=2
split_feature=9 0 0 6 6 0 0 7 0 7 9 0 0 8
split_gain=3.45789 9.84565 5.54617 5.14646 11.3568 5.07101 7.15451 7.7507 6.40857 4.99344 4.15578 8.11573 5.74139 4.14821
threshold=0 26.965247500000004 4.8585930000000008 177.50000000000003 180.50000000000003 5.2542115000000011 9.1326195000000023 266.50000000000006 8.5029650000000014 282.50000000000006 1 10.364357000000002 21.105180000000001 4.5000000000000009
decision_type=9 2 2 2 2 2 2 2 2 2 9 2 2 2
left_child=1 2 -1 5 -5 13 7 8 -7 10 11 -6 -13 -2
right_child=3 -3 -4 4 9 6 -8 -9 -10 -11 -12 12 -14 -15
leaf_value=-0.83276538892761209 0.16453633238621193 4.9159367765420479 -0.11678139880791377 2.1703407063245619 -1.4756272884257884 0.039945450285737816 0.018412670194024941 -1.805200086535492 -2.0668151490227684 -0.24162365231694707 1.275705793316829 1.8239062761388505 -1.4913085206479126 1.2489131646665561
leaf_weight=47 96 75 971 76 42 164 2015 58 49 90 136 76 35 38
leaf_count=47 96 75 971 76 42 164 2015 58 49 90 136 76 35 38
internal_value=0.00015121 -0.00127833 -0.00206287 0.000696707 0.00362637 0.00014876 -0.000183727 -0.00476015 -0.00211268 0.00150396 0.00342561 -0.000184049 0.00405405 0.0058209
internal_weight=3968 1093 1018 2875 455 2420 2286 271 213 379 289 153 111 134
internal_count=3968 1093 1018 2875 455 2420 2286 271 213 379 289 153 111 134
cat_boundaries=0 1 2
cat_threshold=5269 2112
is_linear=0
shrinkage=0.03


Tree=358
num_leaves=15
num_cat=2
split_feature=9 5 6 6 2 6 5 2 6 6 6 2 2 9
split_gain=3.91624 5.0557 6.74552 9.61567 2.81663 5.18426 5.06913 3.76338 3.31242 5.44311 2.92539 6.13294 5.32949 5.45149
threshold=0 15.500000000000002 170.50000000000003 138.50000000000003 55.500000000000007 146.50000000000003 14.500000000000002 44.500000000000007 192.50000000000003 188.50000000000003 148.50000000000003 79.500000000000014 230.50000000000003 1
decision_type=9 2 2 2 2 2 2 2 2 2 2 2 2 9
left_child=4 -2 3 -3 5 -1 -7 -8 9 10 12 -12 13 -6
right_child=1 2 -4 -5 8 6 7 -9 -10 -11 11 -13 -14 -15
leaf_value=0.21343606271388807 0.094673152186825857 -0.76845577258838937 -1.9129311007201864 1.1658634407759303 0.002054646589705271 -0.61558076524944683 -0.81357449668282811 -1.8364391098756094 -0.66327067663762362 0.53665840912487506 0.90826394044674141 -0.020357376422350627 0.068115144465446059 -1.1595073663271886
leaf_weight=58 1222 120 33 73 284 121 36 41 79 38 174 859 396 361
leaf_count=58 1222 120 33 73 284 121 36 41 79 38 174 859 396 361
internal_value=-3.85109e-05 0.00119342 -0.00292035 -0.000777202 -0.000769231 -0.00375 -0.00606061 -0.0120779 -0.000424464 -0.000198864 -0.000405014 0.000726041 -0.00152738 -0.0032093
internal_weight=3895 1448 226 193 2447 256 198 77 2191 2112 2074 1033 1041 645
internal_count=3895 1448 226 193 2447 256 198 77 2191 2112 2074 1033 1041 645
cat_boundaries=0 1 2
cat_threshold=44425 41088
is_linear=0
shrinkage=0.03


Tree=359
num_leaves=15
num_cat=1
split_feature=0 9 0 6 6 0 0 7 3 3 5 6 6 5
split_gain=4.0646 3.1291 5.37283 5.1593 4.98417 7.21059 5.18203 8.84412 6.22261 10.5835 6.64641 5.10001 4.79269 4.04969
threshold=2.3840500000000007 0 37.370455500000013 92.500000000000014 141.50000000000003 35.193950500000007 25.025570000000005 228.50000000000003 11497.529 4142.8970000000008 14.500000000000002 144.50000000000003 78.500000000000014 14.500000000000002
decision_type=2 9 2 2 2 2 2 2 2 2 2 2 2 2
left_child=-1 2 12 -3 5 6 7 8 9 -5 -10 -6 -2 -9
right_child=1 3 -4 4 11 -7 -8 13 10 -11 -12 -13 -14 -15
leaf_value=-1.3731487719654745 -1.455407652159572 0.54428741245049306 1.3567608675076257 -0.068955177002022763 0.69145050188347845 -1.9797690335208562 1.7727814775665434 -0.044417660645556224 0.92243594461552214 -2.0724917895972976 -0.8662365651815207 0.078357032308752531 -0.050405720872420262 0.49985159605784019
leaf_weight=34 49 103 32 42 60 36 56 127 48 51 52 1068 2036 118
leaf_count=34 49 103 32 42 60 36 56 127 48 51 52 1068 2036 118
internal_value=-0.000260736 -0.000170191 -0.000944993 0.000762281 0.000361882 -0.00203774 -0.00109312 -0.00219178 -0.00699482 -0.0125806 -0.0018 0.00148936 -0.00113669 0.00159184
internal_weight=3912 3878 2117 1761 1658 530 494 438 193 93 100 1128 2085 245
internal_count=3912 3878 2117 1761 1658 530 494 438 193 93 100 1128 2085 245
cat_boundaries=0 1
cat_threshold=121861
is_linear=0
shrinkage=0.03


Tree=360
num_leaves=15
num_cat=2
split_feature=3 9 1 0 0 0 2 2 0 9 3 0 0 2
split_gain=3.43377 9.27879 5.15273 4.93427 3.93195 6.05481 4.12209 6.75833 3.51445 3.42498 7.25236 6.59602 4.92251 5.87334
threshold=54145.830000000009 0 1.5000000000000002 15.060023500000002 11.246637000000002 14.817153000000003 223.50000000000003 342.50000000000006 8.0770035000000018 1 14647.558500000001 5.8645015000000003 10.364357000000002 185.50000000000003
decision_type=2 9 2 2 2 2 2 2 2 9 2 2 2 2
left_child=9 3 -3 -2 8 -6 -7 -8 -4 10 11 -1 -12 -14
right_child=1 2 4 -5 5 6 7 -9 -10 -11 12 -13 13 -15
leaf_value=-0.93095713166244987 -2.0720538402606437 -0.9394750675947966 0.097226480498771931 -0.29572969007249639 1.7068351376609279 1.9745316008447935 -1.0234650184775125 0.49359336737330978 -0.49378845330637655 -0.00070000096484761792 0.047079736027263834 0.048819696889901253 2.085143545607242 2.4600343951861916
leaf_weight=39 45 50 36 65 37 39 34 65 41 2880 82 382 58 62
leaf_count=39 45 50 36 65 37 39 34 65 41 2880 82 382 58 62
internal_value=0.000114943 -0.00247573 0.000384615 -0.0095 0.00214286 0.00462857 0.00173913 -0.00151515 -0.00350649 0.00041964 0.00241706 0.000213777 0.00712871 0.011
internal_weight=3915 412 302 110 252 175 138 99 77 3503 623 421 202 120
internal_count=3915 412 302 110 252 175 138 99 77 3503 623 421 202 120
cat_boundaries=0 1 2
cat_threshold=4576 4208
is_linear=0
shrinkage=0.03


Tree=361
num_leaves=15
num_cat=0
split_feature=1 3 7 7 6 5 5 2 6 2 6 6 3 6
split_gain=2.42479 5.50877 1.816 1.98512 4.59108 3.64786 4.67193 6.66933 4.76959 5.10078 3.99046 2.84709 7.90072 7.17215
threshold=14.500000000000002 165958.08300000001 165.50000000000003 220.50000000000003 160.50000000000003 11.500000000000002 12.500000000000002 68.050000000000011 182.50000000000003 168.40000000000003 83.500000000000014 119.50000000000001 19041.810000000001 128.50000000000003
decision_type=2 2 2 2 2 2 2 2 2 2 2 2 2 2
left_child=1 2 -1 4 11 -5 7 -7 9 -9 -8 -4 -13 -14
right_child=-2 -3 3 5 -6 6 10 8 -10 -11 -12 12 13 -15
leaf_value=0.20376794608987892 -0.28685779937032291 0.48639735755929675 -0.16967972750378066 -1.0529609270566158 -1.0196553892006772 -1.9556776706604568 0.55840439443882017 3.3188032996558241 -0.13134424110216514 1.1857192737464697 -0.0010387388491835735 -0.17756158975271091 3.2862154189902912 0.34853768092316612
leaf_weight=47 33 31 338 78 68 53 36 52 35 45 2441 500 35 139
leaf_count=47 33 31 338 78 68 53 36 52 35 45 2441 500 35 139
internal_value=-8.39481e-05 -1.53925e-05 -0.000116369 -0.000188482 -0.00127778 0.000240876 0.000428249 0.00502703 0.00863636 0.0120619 8.478e-05 -0.000770751 0.000356083 0.00586207
internal_weight=3931 3898 3867 3820 1080 2740 2662 185 132 97 2477 1012 674 174
internal_count=3931 3898 3867 3820 1080 2740 2662 185 132 97 2477 1012 674 174
is_linear=0
shrinkage=0.03


Tree=362
num_leaves=15
num_cat=1
split_feature=1 1 1 2 5 9 6 7 7 2 6 6 5 5
split_gain=2.59571 3.16154 4.19772 3.05747 5.53763 2.77514 5.09957 5.43261 5.04996 4.18371 3.98604 4.61155 3.23819 6.57933
threshold=14.500000000000002 10.500000000000002 7.5000000000000009 718.70000000000016 14.500000000000002 0 84.500000000000014 187.50000000000003 191.50000000000003 203.10000000000002 135.50000000000003 123.50000000000001 12.500000000000002 13.500000000000002
decision_type=2 2 2 2 2 9 2 2 2 2 2 2 2 2
left_child=1 2 3 5 -5 12 7 -7 9 10 11 -8 -1 -14
right_child=-2 -3 -4 4 -6 6 8 -9 -10 -11 -12 -13 13 -15
leaf_value=3.6126756070259476 -0.2974032132314437 0.81719946159355228 -0.67878544977171029 -0.04128281495753526 0.84999832281192644 -1.0862845884531089 -0.051530718498950134 0.90461757513256769 -0.064038756136388875 2.0075599290882473 -1.4642943174066159 2.9378656661798934 -1.2021158693318681 0.12058269738727745
leaf_weight=40 38 32 34 49 48 34 66 67 3057 64 35 40 61 237
leaf_count=40 38 32 34 49 48 34 66 67 3057 64 35 40 61 237
internal_value=-9.22604e-05 -1.5528e-05 -9.39457e-05 0 0.00525773 -0.000137801 -0.000400237 0.00623762 -0.00060699 0.00395122 0.00106383 0.00396226 0.00241379 0.0014094
internal_weight=3902 3864 3832 3798 97 3701 3363 101 3262 205 141 106 338 298
internal_count=3902 3864 3832 3798 97 3701 3363 101 3262 205 141 106 338 298
cat_boundaries=0 1
cat_threshold=16480
is_linear=0
shrinkage=0.03


Tree=363
num_leaves=15
num_cat=2
split_feature=3 6 3 3 6 7 0 9 0 8 6 9 3 3
split_gain=3.00545 5.89221 4.67003 3.48689 5.22976 4.16854 3.95847 3.30286 7.7649 3.99546 3.33145 3.47094 3.3029 9.32597
threshold=67879.617000000013 159.50000000000003 60111.059000000001 88600.909000000014 122.50000000000001 257.50000000000006 18.015126500000004 0 26.965247500000004 2.5000000000000004 97.500000000000014 1 32162.123000000003 39980.627000000008
decision_type=2 2 2 2 2 2 2 9 2 2 2 9 2 2
left_child=2 3 7 4 -2 6 -5 8 -1 10 -9 -12 -11 -14
right_child=1 -3 -4 5 -6 -7 -8 9 -10 12 11 -13 13 -15
leaf_value=0.054691967894962092 -0.35325675674309992 0.16188211572050248 1.7086202740341638 0.4070412910696814 -1.2603665571758711 -0.46547653577994308 -0.27584323013554241 0.15641376856109332 5.1048955063950485 0.097557788849426286 -1.0285609557041011 -0.0830103231761916 -1.3497244175561853 0.22759909817138349
leaf_weight=816 40 79 40 49 37 38 53 52 34 1421 100 1010 52 102
leaf_count=816 40 79 40 49 37 38 53 52 34 1421 100 1010 52 102
internal_value=6.88249e-05 -0.00283784 0.000306038 -0.00539171 -0.0105195 -0.00257143 0.000588235 0.000192361 0.00181395 -0.000316709 -0.00165232 -0.002 0.000666667 -0.00350649
internal_weight=3923 296 3627 217 77 140 102 3587 850 2737 1162 1110 1575 154
internal_count=3923 296 3627 217 77 140 102 3587 850 2737 1162 1110 1575 154
cat_boundaries=0 1 2
cat_threshold=5056 16401
is_linear=0
shrinkage=0.03


Tree=364
num_leaves=15
num_cat=1
split_feature=9 2 6 6 2 2 3 3 8 8 6 2 6 6
split_gain=3.22973 7.30964 4.04805 3.06556 7.76055 4.95869 3.78546 5.41958 5.10113 5.05881 4.69149 7.67632 4.50021 8.52072
threshold=0 799.00000000000011 74.500000000000014 97.500000000000014 218.50000000000003 395.15000000000003 13300.377000000002 9896.6910000000007 4.5000000000000009 2.5000000000000004 148.50000000000003 56.500000000000007 153.50000000000003 165.50000000000003
decision_type=9 2 2 2 2 2 2 2 2 2 2 2 2 2
left_child=1 -1 -2 4 -4 -6 7 10 -8 -9 11 -5 -10 -14
right_child=2 -3 3 6 5 -7 8 9 12 -11 -12 -13 13 -15
leaf_value=-0.035630826383062413 -0.80586328369797677 -0.75837873187794913 -0.33169334755657076 0.26682595087130268 4.1433743285199647 0.29626631920333008 0.0066687328872899344 0.085066687595864318 -0.010847591084411761 1.3426094098763144 0.26855121472063048 -0.35703622537475893 -3.0065970768981907 -0.81434455324735611
leaf_weight=1347 49 38 46 45 32 35 727 100 105 132 720 401 32 66
leaf_count=1347 49 38 46 45 32 35 727 100 105 132 720 401 32 66
internal_value=-6.96774e-05 -0.00122581 0.000576 0.000749693 0.00557522 0.0120896 0.000515464 0.00150215 -0.000967742 0.00568966 0.000668954 -0.00174888 -0.00517241 -0.00979592
internal_weight=3875 1385 2490 2441 113 67 2328 1398 930 232 1166 446 203 98
internal_count=3875 1385 2490 2441 113 67 2328 1398 930 232 1166 446 203 98
cat_boundaries=0 1
cat_threshold=100133
is_linear=0
shrinkage=0.03


Tree=365
num_leaves=15
num_cat=0
split_feature=6 2 0 0 2 2 4 0 0 3 6 0 7 2
split_gain=3.30077 5.11545 9.26522 5.35299 5.30901 4.91558 4.01319 3.9537 5.47484 5.41605 4.73666 6.94727 7.42359 5.41977
threshold=115.50000000000001 296.50000000000006 15.458598500000003 29.928446500000003 265.50000000000006 475.10000000000008 5.5000000000000009 7.6676055000000014 7.972462000000001 1215.9915000000003 166.50000000000003 4.5129270000000004 237.50000000000003 99.500000000000014
decision_type=2 2 2 2 2 2 2 2 2 2 2 2 2 2
left_child=1 3 5 4 -1 -3 7 9 -9 -2 11 -11 -13 -14
right_child=6 2 -4 -5 -6 -7 -8 8 -10 10 -12 12 13 -15
leaf_value=0.15723121811335544 -1.3485999209417274 -0.03135256222629209 0.27446763140444547 -0.88140717724558726 2.6025824937244693 -1.2306041794953797 1.5123938936569725 0.49905513312826538 -0.020476084829598448 0.19795021365486262 0.068725050509043512 -1.0587800402601795 0.29376580127064472 -0.72064561562137663
leaf_weight=304 35 48 114 30 35 54 40 43 2800 75 178 45 30 59
leaf_count=304 35 48 114 30 35 54 40 43 2800 75 178 45 30 59
internal_value=-7.71208e-05 0.002 -0.00166667 0.00414634 0.00522124 -0.00823529 -0.000444781 -0.00056049 -0.000158284 -0.00327014 -0.00224806 -0.005311 -0.00940299 -0.00438202
internal_weight=3890 585 216 369 339 102 3305 3265 2843 422 387 209 134 89
internal_count=3890 585 216 369 339 102 3305 3265 2843 422 387 209 134 89
is_linear=0
shrinkage=0.03


Tree=366
num_leaves=15
num_cat=1
split_feature=9 0 0 0 0 0 3 0 0 0 0 0 6 7
split_gain=3.10289 6.04176 8.58525 5.38987 4.56062 6.66093 5.03129 4.2179 5.93334 4.14775 5.09876 7.78022 4.21788 4.1502
threshold=0 14.478176500000002 15.819958500000002 35.960008000000009 37.370455500000013 32.357305500000002 9731.4915000000019 19.369722000000007 18.328822000000002 5.7379890000000007 8.4006795000000007 9.3337420000000026 191.50000000000003 256.50000000000006
decision_type=9 2 2 2 2 2 2 2 2 2 2 2 2 2
left_child=4 -2 -3 7 5 9 -7 8 -4 13 -11 -12 -13 -1
right_child=1 2 3 -5 -6 6 -8 -9 -10 10 11 12 -14 -15
leaf_value=-1.1925073238078625 -0.041898029492274419 1.2461382981494 0.084622653540769754 -1.1083348878726882 1.312498602188698 -0.31664527254816222 -0.88611852496922439 0.57772278166211433 -0.50696202673765012 0.25793288356244148 -0.95509724360645687 0.0053516703552872963 -1.3851294208178386 0.013860985788041374
leaf_weight=46 1037 130 224 67 31 56 49 649 92 117 58 1307 34 42
leaf_count=46 1037 130 224 67 31 56 49 649 92 117 58 1307 34 42
internal_value=0.000190404 0.000937076 0.00242685 0.00151163 -0.000754286 -0.000965477 -0.00828571 0.0020829 -0.000759494 -0.000486284 -0.000118734 -0.000621873 -0.0001566 -0.00681818
internal_weight=3939 2199 1162 1032 1740 1709 105 965 316 1604 1516 1399 1341 88
internal_count=3939 2199 1162 1032 1740 1709 105 965 316 1604 1516 1399 1341 88
cat_boundaries=0 1
cat_threshold=100881
is_linear=0
shrinkage=0.03


Tree=367
num_leaves=15
num_cat=1
split_feature=7 3 8 9 6 7 7 7 7 7 3 2 3 6
split_gain=3.5466 3.48106 2.54578 7.12698 9.45463 5.15714 5.47381 3.77892 3.67469 4.6783 3.15252 6.11371 6.70545 3.1364
threshold=284.50000000000006 109861.22300000001 5.5000000000000009 0 111.50000000000001 231.50000000000003 254.50000000000003 268.50000000000006 214.50000000000003 198.50000000000003 944.08000000000004 186.45000000000002 500.02650000000006 148.50000000000003
decision_type=2 2 2 9 2 2 2 2 2 2 2 2 2 2
left_child=1 2 10 7 -5 -6 -7 8 9 -4 11 12 -1 -10
right_child=-2 -3 3 4 5 6 -8 -9 13 -11 -12 -13 -14 -15
leaf_value=0.0098756877549294585 0.20487132966048646 -0.28395990640391572 0.10739149541501661 -0.11456565338960559 4.4803948811292544 -0.14300477962670016 1.4449731685630525 -1.2225347051252129 0.63840861811385818 -1.0952623950639633 0.0055396571597270848 0.45124344674627082 -1.3048184768951756 0.0075684519115293367
leaf_weight=39 245 87 44 44 32 38 42 31 40 30 3002 35 54 102
leaf_count=39 245 87 44 44 32 38 42 31 40 30 3002 35 54 102
internal_value=0.000302717 6.62983e-05 0.000212284 0.00245658 0.00722892 0.0123214 0.00825 -0.000817121 0.000555556 -0.00486486 -7.66773e-05 -0.0046875 -0.00870968 0.00338028
internal_weight=3865 3620 3533 403 156 112 80 247 216 74 3130 128 93 142
internal_count=3865 3620 3533 403 156 112 80 247 216 74 3130 128 93 142
cat_boundaries=0 1
cat_threshold=76229
is_linear=0
shrinkage=0.03


Tree=368
num_leaves=15
num_cat=0
split_feature=1 1 5 0 2 8 2 0 0 6 7 2 0 2
split_gain=2.53806 3.42097 2.15774 8.65451 5.55096 7.37315 4.05389 6.12064 5.93158 6.3406 5.12544 6.13182 5.0296 8.30857
threshold=14.500000000000002 10.500000000000002 14.500000000000002 24.245028500000004 140.05000000000004 1.5000000000000002 171.45000000000002 22.416252500000002 14.392338500000003 167.50000000000003 217.50000000000003 236.05000000000004 8.5029650000000014 361.50000000000006
decision_type=2 2 2 2 2 2 2 2 2 2 2 2 2 2
left_child=1 2 -1 6 5 -5 7 -4 12 10 -10 -12 -8 -14
right_child=-2 -3 3 4 -6 -7 8 -9 9 -11 11 -13 13 -15
leaf_value=-0.044718550032268919 -0.33536864422363805 0.28395171549949511 -0.048352875915757633 -2.016246538944233 -1.0483783306023315 0.55787681419962609 0.31225041677633497 1.5232123430715183 0.55181927234867767 -0.49883009575139792 0.020443264558077771 3.0923662719843525 0.1309814273314123 -1.2210505887323393
leaf_weight=1979 31 30 842 35 183 98 125 49 111 64 56 138 133 79
leaf_count=1979 31 30 842 35 183 98 125 49 111 64 56 138 133 79
internal_value=-0.000159373 -9.17899e-05 -0.000169579 0.000548876 -0.00398734 0.000676692 0.00144646 0.00010101 0.00314448 0.00577236 0.00757377 0.0105155 0.000267062 -0.00254717
internal_weight=3953 3922 3892 1913 316 133 1597 891 706 369 305 194 337 212
internal_count=3953 3922 3892 1913 316 133 1597 891 706 369 305 194 337 212
is_linear=0
shrinkage=0.03


Tree=369
num_leaves=15
num_cat=1
split_feature=9 5 8 2 6 6 3 2 8 6 3 0 7 5
split_gain=3.29963 3.23458 3.59459 5.31892 5.26829 6.12798 4.83489 5.1849 4.52525 3.9912 6.19296 5.49128 4.5132 4.34637
threshold=0 12.500000000000002 2.5000000000000004 68.050000000000011 108.50000000000001 157.50000000000003 5832.2425000000012 51.500000000000007 1.5000000000000002 131.50000000000003 47765.489500000003 14.478176500000002 252.50000000000003 14.500000000000002
decision_type=9 2 2 2 2 2 2 2 2 2 2 2 2 2
left_child=1 -1 4 6 -3 9 7 -4 -7 11 12 -6 13 -11
right_child=-2 2 3 -5 5 8 -8 -9 -10 10 -12 -13 -14 -15
leaf_value=0.91788381342514869 0.087657352720548254 -0.36238015927685635 -0.00495593214218843 0.07737126934687466 -0.855046216252075 -1.6954914094508251 0.075884391348540706 -2.2381208942792954 -0.0057075075498107704 -0.57420296295761086 -0.30762735081931852 0.061529572126235048 1.2575684406879191 0.68876180442187207
leaf_weight=112 2441 105 31 631 60 88 51 42 56 56 31 97 45 61
leaf_count=112 2441 105 31 631 60 88 51 42 56 56 31 97 45 61
internal_value=0.000514461 -0.000609756 -0.0010192 0.000357616 -0.00275459 -0.00145749 -0.00532258 -0.010274 -0.00666667 0.000685714 0.00357513 -0.00286624 0.00592593 0.00282051
internal_weight=3907 1466 1354 755 599 494 124 73 144 350 193 157 162 117
internal_count=3907 1466 1354 755 599 494 124 73 144 350 193 157 162 117
cat_boundaries=0 1
cat_threshold=13093
is_linear=0
shrinkage=0.03


Tree=370
num_leaves=15
num_cat=2
split_feature=4 2 2 6 3 9 2 3 9 3 6 2 0 2
split_gain=3.10564 3.0228 5.83127 5.34815 5.21345 7.87238 6.36455 4.89354 4.57173 7.08053 4.80814 5.46201 4.789 6.07066
threshold=3.5000000000000004 194.55000000000004 170.05000000000004 153.50000000000003 22143.343000000004 0 144.40000000000003 6287.6400000000003 1 4306.3290000000006 179.50000000000003 69.500000000000014 17.104475000000004 50.500000000000007
decision_type=2 2 2 2 2 9 2 2 9 2 2 2 2 2
left_child=1 2 4 7 8 -6 -7 -4 9 -1 -11 -12 -10 -14
right_child=-2 -3 3 -5 5 6 -8 -9 12 10 11 -13 13 -15
leaf_value=-0.051252338161436907 0.39385632203583382 -0.051612689310798029 0.11250350932819402 0.022942933673515426 -1.3711159863900297 -0.34455345227859652 0.89956992014740755 1.3300618028440203 0.060965228642273814 1.199413485034688 -1.5000150784523043 0.20362854397308069 -1.2062024208513979 -0.255602932181971
leaf_weight=332 82 1311 39 96 100 241 63 81 587 367 32 37 74 434
leaf_count=332 82 1311 39 96 100 241 63 81 587 367 32 37 74 434
internal_value=7.73994e-05 -4.74433e-05 0.000567861 0.00527778 0.0001191 -0.0029703 -0.000382166 0.0095 0.00078905 0.00254499 0.00509174 -0.00217391 -0.000461538 -0.00259843
internal_weight=3876 3794 2483 216 2267 404 304 120 1863 768 436 69 1095 508
internal_count=3876 3794 2483 216 2267 404 304 120 1863 768 436 69 1095 508
cat_boundaries=0 1 2
cat_threshold=3200 52356
is_linear=0
shrinkage=0.03


Tree=371
num_leaves=15
num_cat=1
split_feature=3 9 6 2 2 2 2 2 0 0 3 0 0 3
split_gain=3.37615 7.37169 6.27122 6.8335 6.70197 5.93799 5.76727 5.14316 5.64233 4.87541 4.73146 5.87778 6.48103 5.7593
threshold=13300.377000000002 0 78.500000000000014 168.40000000000003 122.55000000000001 97.500000000000014 134.55000000000004 106.50000000000001 25.780628000000004 7.2407740000000009 22466.394000000004 23.092631500000003 17.009411500000002 32453.678500000005
decision_type=2 9 2 2 2 2 2 2 2 2 2 2 2 2
left_child=-1 5 -3 4 7 -2 -6 8 -4 -7 11 12 -5 -12
right_child=1 2 3 10 6 9 -8 -9 -10 -11 13 -13 -14 -15
leaf_value=0.036505724133356808 -0.71614352187100616 -1.9679839716830962 -0.57832912271650005 -0.21685911481322989 -0.78755284845970552 -0.31292225911299226 -0.71064302450110739 0.53868232901890678 0.84983745912943498 0.29377767316670317 1.0262238968381665 -1.4323721129819795 0.83780296823051459 -0.032889807409010242
leaf_weight=2290 107 30 179 86 37 36 124 53 44 333 127 60 34 357
leaf_count=2290 107 30 179 86 37 36 124 53 44 333 127 60 34 357
internal_value=-8.46805e-05 -0.00113877 -0.00244522 -0.00209809 -0.00501144 0.00197531 -0.00987578 -0.00217391 -0.0041704 0.00382114 -0.000180723 -0.00433333 -0.0005 0.00136364
internal_weight=3897 1607 1131 1101 437 476 161 276 223 369 664 180 120 484
internal_count=3897 1607 1131 1101 437 476 161 276 223 369 664 180 120 484
cat_boundaries=0 1
cat_threshold=860
is_linear=0
shrinkage=0.03


Tree=372
num_leaves=15
num_cat=1
split_feature=1 9 0 6 1 3 6 3 6 0 3 5 6 5
split_gain=4.6735 3.60662 7.13809 12.9119 5.3037 3.94102 3.20212 3.22832 7.71429 8 3.88319 7.11301 5.98731 5.0891
threshold=15.500000000000002 0 29.198172000000003 109.50000000000001 6.5000000000000009 83586.336500000019 199.50000000000003 84154.221000000005 117.50000000000001 21.221072000000003 13257.596500000001 12.500000000000002 148.50000000000003 15.500000000000002
decision_type=2 9 2 2 2 2 2 2 2 2 2 2 2 2
left_child=1 6 4 -4 5 -3 7 10 -9 -10 11 -1 -13 -12
right_child=-2 2 3 -5 -6 -7 -8 8 9 -11 13 12 -14 -15
leaf_value=-1.1005088566188488 -1.4021512421707654 0.069938276364114246 -0.15816874842824291 6.2582003861799302 0.31852890485411534 -1.3207990459520977 -1.9780342500182815 -0.23820575253197263 2.0682366794818519 -0.10069713345664581 -0.22699754649125226 -0.058247101390461464 0.25882611181342779 0.23458659898243694
leaf_weight=189 32 1223 31 48 37 44 35 30 45 30 755 573 639 217
leaf_count=189 32 1223 31 48 37 44 35 30 45 30 755 573 639 217
internal_value=0.000168024 0.000261807 0.001486 0.0102532 0.000966258 0.000639305 -0.000416171 -0.000290557 0.00485714 0.01 -0.000518331 0.000492505 0.00133663 -0.00197531
internal_weight=3928 3896 1383 79 1304 1267 2513 2478 105 75 2373 1401 1212 972
internal_count=3928 3896 1383 79 1304 1267 2513 2478 105 75 2373 1401 1212 972
cat_boundaries=0 1
cat_threshold=81417
is_linear=0
shrinkage=0.03


Tree=373
num_leaves=15
num_cat=2
split_feature=0 0 9 1 4 0 6 7 0 7 9 7 3 3
split_gain=3.32199 3.14077 3.45098 5.78099 4.60479 4.52457 7.98669 7.05493 7.4742 5.85737 5.21312 7.83301 4.81877 4.50261
threshold=2.3840500000000007 40.576350500000011 0 5.5000000000000009 2.5000000000000004 28.683753500000005 107.50000000000001 184.50000000000003 27.113121000000003 229.50000000000003 1 222.50000000000003 19241.609500000002 93444.353500000012
decision_type=2 2 9 2 2 2 2 2 2 2 9 2 2 2
left_child=-1 2 5 4 -4 7 -7 -2 -9 -10 11 -8 -12 -5
right_child=1 -3 3 13 -6 6 10 8 9 -11 12 -13 -14 -15
leaf_value=-0.99728880330697844 0.74518310494716389 3.7209587283422385 0.078859320449095091 1.1463355431922035 -1.5263537796142985 -1.303771272333613 2.9430708733409254 -0.051654280976395052 1.274672293425624 -1.3234217533855643 -0.95093998092675969 -0.74257679978566105 0.4496545396553438 0.022453820734440341
leaf_weight=32 53 30 1768 45 31 40 65 1557 51 30 89 67 37 40
leaf_count=32 53 30 1768 45 31 40 65 1557 51 30 89 67 37 40
internal_value=0.000251588 0.000330515 0.000255616 0.00117212 0.000817121 -0.000615308 -0.00402685 -1.7741e-05 -0.0003663 0.00851852 -0.00209302 0.00211268 -0.00617647 0.00882353
internal_weight=3935 3903 3873 1884 1799 1989 298 1691 1638 81 258 132 126 85
internal_count=3935 3903 3873 1884 1799 1989 298 1691 1638 81 258 132 126 85
cat_boundaries=0 1 2
cat_threshold=104993 34816
is_linear=0
shrinkage=0.03


Tree=374
num_leaves=15
num_cat=1
split_feature=3 2 3 9 3 6 0 6 2 0 3 6 2 3
split_gain=3.76947 8.0709 2.99979 2.71099 4.23301 5.22474 4.92014 4.13481 4.59261 5.23535 4.56501 4.39784 3.90957 2.69428
threshold=109861.22300000001 321.45000000000005 100788.24450000002 0 42394.913500000002 174.50000000000003 18.328822000000002 162.50000000000003 102.45000000000002 14.478176500000002 11792.620000000001 140.50000000000003 162.95000000000002 11792.620000000001
decision_type=2 2 2 9 2 2 2 2 2 2 2 2 2 2
left_child=2 -2 3 4 5 7 -7 8 -1 10 -10 12 -11 -14
right_child=1 -3 -4 -5 -6 6 -8 -9 9 11 -12 -13 13 -15
leaf_value=-0.58687608090979659 -0.88887079725419194 -0.010935723722118382 0.74010708489307375 0.028293897789719722 -1.3158113779074154 -0.47455839050036386 -2.2987846306984863 1.1379375692022176 0.55339221701147834 0.58844397509279922 -1.5596408797622394 -1.061094411358489 0.77092796568259925 5.557292238050886
leaf_weight=93 31 70 32 3279 80 37 32 53 32 30 39 38 31 33
leaf_count=93 31 70 32 3279 80 37 32 53 32 30 39 38 31 33
internal_value=7.67263e-05 -0.00564356 0.000228406 0.000150913 -0.00188976 -0.000717703 -0.00826087 0.000773639 -0.000608108 0.00192118 -0.00464789 0.00545455 0.00893617 0.013125
internal_weight=3910 101 3809 3777 498 418 69 349 296 203 71 132 94 64
internal_count=3910 101 3809 3777 498 418 69 349 296 203 71 132 94 64
cat_boundaries=0 1
cat_threshold=5121
is_linear=0
shrinkage=0.03


Tree=375
num_leaves=15
num_cat=2
split_feature=0 0 7 9 3 8 0 0 0 0 5 6 9 0
split_gain=5.14505 5.66833 5.10393 7.17907 7.97497 8.38282 7.58453 14.5518 6.68049 7.02269 6.08987 4.32177 5.23789 4.52295
threshold=39.373733000000009 37.043250000000008 257.50000000000006 0 35068.966000000008 2.5000000000000004 11.347125000000002 22.298487500000004 9.2166080000000026 7.5820965000000013 13.500000000000002 126.50000000000001 1 16.695889500000003
decision_type=2 2 2 9 2 2 2 2 2 2 2 2 9 2
left_child=1 2 -1 4 8 -6 10 -8 9 -4 -5 -10 13 -13
right_child=-2 -3 3 6 5 -7 7 -9 11 -11 -12 12 -14 -15
leaf_value=0.040374048065956458 2.468817978515276 -0.76163017504952224 -0.023147604140302747 0.28581600819009395 -0.83053508500586637 -0.45478194326200533 1.1615041470884488 -1.5208702987799256 -1.3285643614742821 1.9405629879794308 -0.60492854646127736 1.0380478878699499 -0.99828950185167742 -0.43754013316891815
leaf_weight=2641 45 44 118 61 56 63 210 80 35 55 138 71 181 83
leaf_count=2641 45 44 118 61 56 63 210 80 35 55 138 71 181 83
internal_value=-8.50296e-05 -0.000203337 -7.91139e-05 -0.00174631 -0.00375 -0.0108403 0.00102204 0.00413793 -0.00226519 0.00260116 -0.00346734 -0.00454054 -0.00349254 0.000731707
internal_weight=3881 3836 3792 1151 662 119 489 290 543 173 199 370 335 154
internal_count=3881 3836 3792 1151 662 119 489 290 543 173 199 370 335 154
cat_boundaries=0 1 2
cat_threshold=112032 37920
is_linear=0
shrinkage=0.03


Tree=376
num_leaves=15
num_cat=1
split_feature=9 7 6 7 6 7 0 2 0 0 6 8 7 2
split_gain=5.54181 3.53971 10.4077 7.1629 6.41131 6.06006 5.5449 5.66777 4.52955 4.21598 10.0279 7.49677 4.9684 4.67633
threshold=0 258.50000000000006 150.50000000000003 251.50000000000003 169.50000000000003 279.50000000000006 23.673807500000006 104.20000000000002 19.964788000000002 25.564024500000006 105.50000000000001 1.0000000180025095e-35 236.50000000000003 203.10000000000002
decision_type=9 2 2 2 2 2 2 2 2 2 2 2 2 2
left_child=1 3 5 9 -5 -3 7 -4 -9 -1 -11 -12 13 -13
right_child=-2 2 6 4 -6 -7 -8 8 -10 10 11 12 -14 -15
leaf_value=-0.15294815172116386 0.07813340478150621 -1.3223242458889501 -0.22267216442766538 1.5745671930193248 -0.33764367723742905 0.029854079935355455 -0.93269008236098672 0.15992084578572643 2.2097511850001954 -1.135096711965466 2.8722593849711893 0.57100849051247227 1.4342120640226199 -0.69655162117350755
leaf_weight=980 1951 104 138 93 39 33 65 174 31 37 31 98 40 63
leaf_count=980 1951 104 138 93 39 33 65 174 31 37 31 98 40 63
internal_value=5.41656e-05 -0.00108471 -0.00313761 -0.000282404 0.00636364 -0.010292 -0.000735294 0.000787172 0.00395122 -0.000984788 0.00234201 0.00465517 0.00253731 0.000186335
internal_weight=3877 1926 545 1381 132 137 408 343 205 1249 269 232 201 161
internal_count=3877 1926 545 1381 132 137 408 343 205 1249 269 232 201 161
cat_boundaries=0 1
cat_threshold=40737
is_linear=0
shrinkage=0.03


Tree=377
num_leaves=15
num_cat=3
split_feature=4 7 9 3 8 8 3 9 0 0 2 9 0 0
split_gain=3.50436 3.20387 5.20301 8.34405 5.39256 6.03386 4.93386 5.48628 8.83942 8.07339 4.874 4.30469 4.29585 6.8501
threshold=8.5000000000000018 235.50000000000003 0 862.85400000000016 5.5000000000000009 4.5000000000000009 873.06250000000011 1 13.285151500000001 11.945274500000002 642.30000000000007 2 5.5709605000000009 9.2166080000000026
decision_type=2 2 9 2 2 2 2 9 2 2 2 9 2 2
left_child=1 2 3 -1 5 10 -3 8 9 -8 11 -4 -5 -14
right_child=-2 6 4 12 -6 -7 7 -9 -10 -11 -12 -13 13 -15
leaf_value=-1.5776958357411512 1.8295086821660607 0.33908869604036906 -0.14899572966287677 0.39645803807354468 2.0638650896668604 -1.0854274341317067 -0.17822995654364945 0.1097142301610529 0.056607804902448607 -2.2680523276049076 1.7936447753982019 1.0480778577328442 -0.84673154483117452 -0.070166810231504534
leaf_weight=39 30 67 353 51 61 67 369 993 638 48 31 175 116 886
leaf_count=39 30 67 353 51 61 67 369 993 638 48 31 175 116 886
internal_value=-0.000214067 -0.000292758 -0.00123103 -0.00250454 0.000817791 0 0.000496454 0.000234375 -0.00126761 -0.00467626 0.00101968 0.000340909 -0.00202279 -0.00245509
internal_weight=3924 3894 1779 1092 687 626 2115 2048 1055 417 559 528 1053 1002
internal_count=3924 3894 1779 1092 687 626 2115 2048 1055 417 559 528 1053 1002
cat_boundaries=0 1 2 3
cat_threshold=93445 55972 33304
is_linear=0
shrinkage=0.03


Tree=378
num_leaves=15
num_cat=1
split_feature=1 9 3 4 6 6 1 5 6 2 6 3 3 5
split_gain=5.20132 3.40704 5.8408 4.77902 4.36521 5.26984 5.15707 3.92292 3.97382 7.37524 2.97508 2.65294 1.90256 1.82513
threshold=14.500000000000002 0 49361.643500000013 5.5000000000000009 169.50000000000003 161.50000000000003 2.5000000000000004 16.500000000000004 125.50000000000001 158.50000000000003 182.50000000000003 83586.336500000019 2959.0980000000004 14.500000000000002
decision_type=2 9 2 2 2 2 2 2 2 2 2 2 2 2
left_child=1 2 4 -3 5 6 7 8 9 -1 -6 -4 -10 -14
right_child=-2 3 11 -5 10 -7 -8 -9 12 -11 -12 -13 13 -15
leaf_value=-3.7843413730194606 -0.84743805887628354 0.01286266239208487 -2.4534705540724211 1.7174834400743111 -1.1926479535271965 1.7188961901391986 0.82734323807619481 1.1843001438086946 1.1487703719126625 0.064888827201230015 -0.044153449303744305 -0.053419625922717838 -1.0858656968967784 0.0055714431971443899
leaf_weight=40 38 3306 43 33 54 31 59 30 30 35 45 39 38 86
leaf_count=40 38 3306 43 33 54 31 59 30 30 35 45 39 38 86
internal_value=-7.67853e-06 0.000100801 -0.00211111 0.000456853 -0.000803571 0.000773639 -0.000377358 -0.00220077 -0.00353712 -0.0092 -0.00636364 -0.0095122 -0.000779221 -0.00241935
internal_weight=3907 3869 530 3339 448 349 318 259 229 75 99 82 154 124
internal_count=3907 3869 530 3339 448 349 318 259 229 75 99 82 154 124
cat_boundaries=0 1
cat_threshold=5121
is_linear=0
shrinkage=0.03


Tree=379
num_leaves=15
num_cat=2
split_feature=1 9 5 0 5 1 6 9 6 0 8 0 0 0
split_gain=4.65061 2.51403 4.94946 4.16249 6.75274 7.98862 5.90215 6.41599 4.87433 4.42369 4.76182 4.37398 7.06111 6.05814
threshold=14.500000000000002 0 15.500000000000002 14.689959000000002 14.500000000000002 2.5000000000000004 165.50000000000003 1 183.50000000000003 6.1749660000000004 2.5000000000000004 14.028341500000002 13.007576500000001 11.753878000000002
decision_type=2 9 2 2 2 2 2 9 2 2 2 2 2 2
left_child=1 3 -3 4 5 -1 11 9 -5 -8 -11 12 13 -6
right_child=-2 2 -4 8 6 -7 7 -9 -10 10 -12 -13 -14 -15
leaf_value=-1.0558276628864853 -0.52531323377814254 0.1060369233844608 -0.810369957574685 0.086555712599299561 -0.053693685828653769 0.18303634070281077 -0.87446109027391283 1.5008866501707916 -0.93536346161575235 -0.82071250625880787 0.41623500713135742 -1.1845582189060793 1.3513904308089399 -1.8298851441973534
leaf_weight=152 39 1221 51 1616 271 37 30 127 88 38 44 55 69 62
leaf_count=152 39 1221 51 1616 271 37 30 127 88 38 44 55 69 62
internal_value=0.000307692 0.00041181 0.00149766 -0.000126972 -0.00179661 -0.0068254 -0.000431034 0.00338912 0.000739437 -0.00196721 0.00146341 -0.00242888 -0.00134328 -0.00315315
internal_weight=3900 3861 1272 2589 885 189 696 239 1704 112 82 457 402 333
internal_count=3900 3861 1272 2589 885 189 696 239 1704 112 82 457 402 333
cat_boundaries=0 1 2
cat_threshold=113025 6272
is_linear=0
shrinkage=0.03


Tree=380
num_leaves=15
num_cat=1
split_feature=9 0 7 3 7 3 7 7 7 0 3 5 3 6
split_gain=3.43413 8.98589 6.16904 5.91856 5.65062 5.25505 5.02242 5.98477 5.92684 8.52466 6.78706 5.72073 5.63053 5.60082
threshold=0 5.061961000000001 182.50000000000003 661.22350000000017 262.50000000000006 737.10000000000014 220.50000000000003 209.50000000000003 241.50000000000003 33.283682000000006 96900.233000000022 12.500000000000002 31375.123000000003 126.50000000000001
decision_type=9 2 2 2 2 2 2 2 2 2 2 2 2 2
left_child=1 4 -3 -2 -1 -4 7 -5 9 13 -10 -9 -13 -8
right_child=3 2 5 6 -6 -7 8 11 10 -11 -12 12 -14 -15
leaf_value=-1.1351234427942096 -0.8616413200145433 1.9902460977532745 1.0489228075397068 0.064870045683051672 -0.4609604821960761 -0.051402972689893432 0.004286994742531647 -2.7090028909337875 0.0084926077461227583 -0.74754367272691979 1.1180446623125362 0.007183441791199811 -1.1030254784559406 1.0296203371669139
leaf_weight=38 40 46 44 420 50 1731 100 52 826 39 31 124 30 321
leaf_count=38 40 46 44 420 50 1731 100 52 826 39 31 124 30 321
internal_value=4.62487e-05 -0.000859823 -0.000411862 0.000918214 -0.0102273 -0.000692958 0.001158 -0.00105431 0.00220957 0.00495652 0.000735123 -0.00524272 -0.00233766 0.00619952
internal_weight=3892 1909 1821 1983 88 1775 1943 626 1317 460 857 206 154 421
internal_count=3892 1909 1821 1983 88 1775 1943 626 1317 460 857 206 154 421
cat_boundaries=0 1
cat_threshold=39013
is_linear=0
shrinkage=0.03


Tree=381
num_leaves=15
num_cat=1
split_feature=0 9 6 0 3 0 2 7 5 6 3 7 5 3
split_gain=5.27794 4.83864 6.12507 4.57508 3.36514 6.08989 8.93023 4.23097 4.98808 5.91747 4.34107 6.11037 5.62435 5.22922
threshold=40.576350500000011 0 195.50000000000003 3.7082735000000002 59701.482500000006 13.846890500000002 243.50000000000003 273.50000000000006 15.500000000000002 164.50000000000003 4401.2380000000012 258.50000000000006 16.500000000000004 2330.2260000000001
decision_type=2 9 2 2 2 2 2 2 2 2 2 2 2 2
left_child=1 2 3 -1 7 -6 -7 10 9 -9 11 13 -12 -5
right_child=-2 -3 -4 4 5 6 -8 8 -10 -11 12 -13 -14 -15
leaf_value=0.76619697090573702 4.1131681137152185 0.04230346141437849 -1.3371712437350856 0.073540103429720602 -1.3480766253072078 -1.0315957947619381 0.29247926864647866 1.2426227781171848 -0.40095351297812837 0.21955964782791965 -0.041096341616496376 -2.1638613518595049 1.5728315851276033 -0.82206744567423529
leaf_weight=33 33 1956 31 182 41 43 86 40 65 78 1071 43 33 212
leaf_count=33 33 1956 31 182 41 43 86 40 65 78 1071 43 33 212
internal_value=-0.000129212 -0.000229944 -0.00128049 -0.00107421 -0.00126716 -0.00529412 -0.00209302 -0.00087007 0.00344262 0.00711864 -0.00138222 -0.00391304 -0.000380435 -0.00274112
internal_weight=3947 3914 1958 1927 1894 170 129 1724 183 118 1541 437 1104 394
internal_count=3947 3914 1958 1927 1894 170 129 1724 183 118 1541 437 1104 394
cat_boundaries=0 1
cat_threshold=72453
is_linear=0
shrinkage=0.03


Tree=382
num_leaves=15
num_cat=0
split_feature=6 0 8 3 3 3 2 0 3 3 7 7 3 3
split_gain=5.17839 4.42416 3.37025 4.99432 5.90626 6.67158 6.29637 5.47606 5.4151 4.57276 5.78375 4.06505 4.01333 4.06235
threshold=98.500000000000014 40.576350500000011 1.5000000000000002 1471.3920000000003 24271.930000000004 5941.3690000000015 142.10000000000002 24.762381500000004 8960.4930000000022 5187.4160000000011 230.50000000000003 241.50000000000003 19241.609500000002 17118.407000000003
decision_type=2 2 2 2 2 2 2 2 2 2 2 2 2 2
left_child=-1 2 3 11 5 9 -6 -8 -7 -5 -11 -2 13 -10
right_child=1 -3 -4 4 6 8 7 -9 12 10 -12 -13 -14 -15
leaf_value=-0.22723580765104087 -0.027485744339242047 3.9140651928422447 0.081894562286756803 -0.17803779777790396 -0.36796141458443116 -1.357394557866155 0.27563418067959106 2.6560033935314094 -0.42730294695236126 2.4374302635699538 -0.32192944112200506 1.0987616728855913 -1.9661873304151458 1.8976262610413106
leaf_weight=287 43 30 2581 221 71 63 160 34 221 39 42 44 63 32
leaf_count=287 43 30 2581 221 71 63 160 34 221 39 42 44 63 32
internal_value=0.000221318 0.000526894 0.000431655 -0.00101646 -0.00164905 -0.00312775 0.00215094 0.00494845 -0.00577836 0.000198675 0.0062963 0.00586207 -0.00417722 -0.00249012
internal_weight=3931 3644 3614 1033 946 681 265 194 379 302 81 87 316 253
internal_count=3931 3644 3614 1033 946 681 265 194 379 302 81 87 316 253
is_linear=0
shrinkage=0.03


Tree=383
num_leaves=15
num_cat=0
split_feature=1 7 0 0 5 7 0 0 5 3 7 2 3 2
split_gain=3.89124 2.66429 4.20592 6.54607 4.32353 4.04762 2.66667 4.71647 2.57353 4.2185 2.50522 3.5013 5.04407 3.88864
threshold=14.500000000000002 217.50000000000003 27.432842500000003 32.018938000000006 14.500000000000002 192.50000000000003 28.263640500000005 29.198172000000003 11.500000000000002 9169.0820000000022 207.50000000000003 207.45000000000002 3482.1285000000003 148.50000000000003
decision_type=2 2 2 2 2 2 2 2 2 2 2 2 2 2
left_child=1 2 10 6 5 -5 -4 -8 9 -3 -1 12 -12 -14
right_child=-2 8 3 4 -6 -7 7 -9 -10 -11 11 -13 13 -15
leaf_value=-0.053163953878893153 -0.31362554291778449 0.5078392796618505 3.3437120234147981 1.6797605529106794 -0.94904236364663119 -0.76684828141292427 -0.37413296779344363 2.4124070878152564 0.026006686680342454 -1.6019528169443356 -1.0018210981768378 -1.1208113129955131 -0.0073456462864692181 0.76983064459774142
leaf_weight=448 36 45 30 42 34 60 38 82 2810 47 53 121 83 31
leaf_count=448 36 45 30 42 34 60 38 82 2810 47 53 121 83 31
internal_value=-0.000181818 -9.17431e-05 -0.001409 0.00167832 -0.00308824 0 0.006 0.004 0.000372157 -0.00456522 -0.0026087 -0.00479167 -0.00197605 0.00157895
internal_weight=3960 3924 1022 286 136 102 150 120 2902 92 736 288 167 114
internal_count=3960 3924 1022 286 136 102 150 120 2902 92 736 288 167 114
is_linear=0
shrinkage=0.03


Tree=384
num_leaves=15
num_cat=0
split_feature=1 7 6 6 3 6 7 2 4 7 7 2 2 6
split_gain=2.62141 2.05769 4.57225 3.68668 5.36883 3.14442 5.82006 4.57927 4.99103 4.41818 3.0677 2.8687 7.41248 4.61929
threshold=14.500000000000002 216.50000000000003 160.50000000000003 97.500000000000014 21862.521000000004 83.500000000000014 166.50000000000003 684.50000000000011 1.5000000000000002 187.50000000000003 174.50000000000003 212.05000000000004 239.05000000000004 116.50000000000001
decision_type=2 2 2 2 2 2 2 2 2 2 2 2 2 2
left_child=1 2 5 4 -3 9 -7 8 10 -1 -8 -5 -13 -14
right_child=-2 3 -4 11 -6 6 7 -9 -10 -11 -12 12 13 -15
leaf_value=-1.6822405246889116 -0.12099550261872423 -0.044756252268725802 -2.3686397356315774 0.060481898513498888 0.8266964171254062 2.6076358544956246 -0.92426179678923859 1.2909452548653622 -3.076904569073748 -0.0060462551426644492 -0.0079440414892178526 -0.75483454698121932 -0.56365634542957421 0.025470352996537712
leaf_weight=40 38 45 41 1977 62 31 30 31 34 48 719 130 78 619
leaf_count=40 38 45 41 1977 62 31 30 31 34 48 719 130 78 619
internal_value=-5.35305e-05 2.3166e-05 -0.00117043 0.000422535 0.00588785 -0.00073955 -0.000177515 -0.000663391 -0.00111111 -0.00613636 -0.000600801 0.00021398 -0.00126965 -4.30416e-05
internal_weight=3923 3885 974 2911 107 933 845 814 783 88 749 2804 827 697
internal_count=3923 3885 974 2911 107 933 845 814 783 88 749 2804 827 697
is_linear=0
shrinkage=0.03


Tree=385
num_leaves=15
num_cat=1
split_feature=9 4 2 2 0 7 7 0 2 0 2 0 0 0
split_gain=3.33592 3.06349 3.10657 3.03296 4.27424 5.08278 3.23121 3.18919 3.20102 3.78618 2.29266 2.89435 2.59351 2.27682
threshold=0 2.5000000000000004 45.500000000000007 158.50000000000003 17.325287500000005 214.50000000000003 271.50000000000006 14.478176500000002 86.050000000000011 8.0770035000000018 33.500000000000007 40.576350500000011 37.043250000000008 25.985458500000004
decision_type=9 2 2 2 2 2 2 2 2 2 2 2 2 2
left_child=1 2 -1 4 6 -6 7 8 -4 -10 -2 12 -12 -7
right_child=10 -3 3 -5 5 13 -8 -9 9 -11 11 -13 -14 -15
leaf_value=-1.2516622347386579 0.29657298802452942 -0.15532501669704743 0.42258983898131985 -0.19700966434643191 3.7870711822092789 0.89917635939315688 0.61054380869988678 -2.1386816205451282 -0.73010256551565589 0.21433556506432749 0.042808110989974467 3.7940485795011591 -0.66353320919915404 -0.74278097732916193
leaf_weight=33 50 31 44 290 33 90 53 38 39 59 3094 30 59 33
leaf_count=33 50 31 44 290 33 90 53 38 39 59 3094 30 59 33
internal_value=0.000407445 -0.00139442 -0.00101124 -0.000574374 0.00115681 0.005 -0.00141631 -0.00333333 -0.00126761 -0.00428571 0.000823312 0.00072573 0.000637488 0.00219512
internal_weight=3976 743 712 679 389 156 233 180 142 98 3233 3183 3153 123
internal_count=3976 743 712 679 389 156 233 180 142 98 3233 3183 3153 123
cat_boundaries=0 1
cat_threshold=34052
is_linear=0
shrinkage=0.03


Tree=386
num_leaves=15
num_cat=2
split_feature=9 6 2 0 7 9 0 2 0 6 7 3 3 2
split_gain=3.88877 3.92227 6.42482 3.94335 6.23513 4.62742 4.49195 7.12018 6.60871 5.36433 4.98167 4.48974 5.15276 5.63886
threshold=0 115.50000000000001 387.95000000000005 13.4889165 243.50000000000003 1 22.205218000000006 131.05000000000004 24.516082500000003 172.50000000000003 259.50000000000006 1471.3920000000003 6035.625500000001 62.050000000000004
decision_type=9 2 2 2 2 9 2 2 2 2 2 2 2 2
left_child=-1 2 -2 5 -5 -3 11 8 -8 -10 -9 -6 13 -13
right_child=1 3 -4 4 6 -7 7 10 9 -11 -12 12 -14 -15
leaf_value=-0.02856719103927844 0.2857922381465528 -0.47088448322430904 -0.044697808030357465 0.020893941182091567 2.2384155319933439 0.095444050265170971 -1.245147601344845 0.16669854573591691 4.1149943526794459 0.58758150233804829 -3.3463309914093906 -1.9557315384842695 1.0961482252405175 0.44810060094998333
leaf_weight=1492 181 352 63 876 35 352 32 43 37 32 38 38 229 91
leaf_count=1492 181 352 63 876 35 352 32 43 37 32 38 38 229 91
internal_value=0.000562837 0.0013076 0.00491803 0.000904872 0.00179876 -0.0009375 0.00422609 0.00032967 0.00564356 0.0108696 -0.0062963 0.00603053 0.00502793 0.000232558
internal_weight=3891 2399 244 2155 1451 704 575 182 101 69 81 393 358 129
internal_count=3891 2399 244 2155 1451 704 575 182 101 69 81 393 358 129
cat_boundaries=0 1 2
cat_threshold=103173 3240
is_linear=0
shrinkage=0.03


Tree=387
num_leaves=15
num_cat=2
split_feature=9 6 0 0 7 1 6 0 0 2 2 9 2 2
split_gain=4.45907 4.62527 4.62325 4.211 5.12498 4.02381 3.56444 2.67509 3.93471 2.72141 8.30532 4.15631 3.97651 6.86412
threshold=0 111.50000000000001 14.587288500000001 15.236264 255.50000000000003 1.5000000000000002 99.500000000000014 39.373733000000009 37.043250000000008 348.45000000000005 379.60000000000008 1 144.40000000000003 140.05000000000004
decision_type=9 2 2 2 2 2 2 2 2 2 2 9 2 2
left_child=1 2 -1 4 -3 -6 -4 8 9 12 -11 -12 13 -2
right_child=7 3 6 -5 5 -7 -8 -9 -10 10 11 -13 -14 -15
leaf_value=-2.1749287978327674 -5.564276949598934e-06 0.4780181080049124 0.016181960801229706 -0.2486951670054077 -1.3796716056120999 0.15055026242241865 -1.185106995865534 1.2983507479640366 -0.71762636725659834 -1.2775181748223259 -0.10100325605270427 0.23183107513610934 0.12163257940356857 -2.1777363857187946
leaf_weight=30 1524 135 53 310 72 54 36 43 45 78 251 152 1092 41
leaf_count=30 1524 135 53 310 72 54 36 43 45 78 251 152 1092 41
internal_value=-0.000229826 -0.0024 -0.00781513 -0.00131349 0.00149425 -0.00285714 -0.00438202 0.000241038 0.000141376 0.000267686 -0.00180873 -7.44417e-05 0.000643583 -0.000325879
internal_weight=3916 690 119 571 261 126 89 3226 3183 3138 481 403 2657 1565
internal_count=3916 690 119 571 261 126 89 3226 3183 3138 481 403 2657 1565
cat_boundaries=0 1 2
cat_threshold=1857 120864
is_linear=0
shrinkage=0.03


Tree=388
num_leaves=15
num_cat=0
split_feature=6 2 2 0 0 0 6 7 6 2 2 0 2 0
split_gain=2.35544 2.53894 5.7907 4.30388 3.42933 4.40231 2.65098 2.53611 2.97685 5.62904 4.46756 3.91884 6.95657 5.53766
threshold=66.500000000000014 119.05000000000001 111.10000000000001 18.089131000000005 3.9449575000000006 5.3964650000000001 156.50000000000003 294.50000000000006 165.50000000000003 137.50000000000003 164.50000000000003 17.153512500000001 241.50000000000003 8.4006795000000007
decision_type=2 2 2 2 2 2 2 2 2 2 2 2 2 2
left_child=-1 2 -2 -4 6 -6 -3 8 9 -7 -10 13 -13 -12
right_child=1 4 3 -5 5 7 -8 -9 10 -11 11 12 -14 -15
leaf_value=0.86927471893862618 0.045022980541747297 -0.47498263324752599 1.5869404453269691 1.8087748460323791 0.48183131734944934 -0.60794523774810161 -1.2829057356037628 -0.74718919124669803 0.86578082747681484 -0.019349665891036236 0.23141659653634292 -0.17197693745607465 1.6701979016153108 -0.57875969257824522
leaf_weight=42 1530 34 52 53 68 154 30 34 149 1465 38 78 69 124
leaf_count=42 1530 34 52 53 68 154 30 34 149 1465 38 78 69 124
internal_value=7.65306e-05 0 0.000899083 0.00771429 -0.000655372 -0.000454337 -0.0075 -0.000696352 -0.000563312 -0.00116739 0.00157205 -0.000485437 0.00306122 -0.0037037
internal_weight=3920 3878 1635 105 2243 2179 64 2111 2077 1619 458 309 147 162
internal_count=3920 3878 1635 105 2243 2179 64 2111 2077 1619 458 309 147 162
is_linear=0
shrinkage=0.03


Tree=389
num_leaves=15
num_cat=1
split_feature=9 2 2 2 6 1 7 7 2 5 2 2 2 6
split_gain=6.94987 5.04729 5.03911 3.77426 3.3389 3.3094 3.30903 4.24571 4.10013 3.61321 3.70514 4.71149 4.86023 2.89616
threshold=0 457.55000000000007 944.40000000000009 313.50000000000006 153.50000000000003 3.5000000000000004 241.50000000000003 245.50000000000003 164.50000000000003 14.500000000000002 96.450000000000017 146.55000000000004 203.10000000000002 67.500000000000014
decision_type=9 2 2 2 2 2 2 2 2 2 2 2 2 2
left_child=1 3 13 6 -5 -3 9 8 -8 10 -1 -12 -13 -2
right_child=2 5 -4 4 -6 -7 7 -9 -10 -11 11 12 -14 -15
leaf_value=-0.045273123557625465 3.4000882291833747 -1.1348277790577344 -0.13760207451145562 0.31494134544800489 -0.63627707260186295 -0.029134967044490166 1.8705050514304264 -0.086332337467441678 -0.035594938239125892 -0.10901296048562016 -1.7299293995294009 0.14751034556704212 -1.221734335230759 0.039569656201840643
leaf_weight=98 35 65 53 90 51 52 34 482 31 368 73 50 66 2329
leaf_count=98 35 65 53 90 51 52 34 482 31 368 73 50 66 2329
internal_value=-0.000332731 -0.00195918 0.00065513 -0.00145197 0.00319149 -0.00794872 -0.00199667 -0.000274223 0.00692308 -0.00343511 -0.00595819 -0.0084127 -0.00465517 0.000862944
internal_weight=3877 1460 2417 1343 141 117 1202 547 65 655 287 189 116 2364
internal_count=3877 1460 2417 1343 141 117 1202 547 65 655 287 189 116 2364
cat_boundaries=0 1
cat_threshold=34837
is_linear=0
shrinkage=0.03


Tree=390
num_leaves=15
num_cat=1
split_feature=9 8 0 3 6 3 2 0 0 5 6 6 3 0
split_gain=4.29754 4.05204 8.02958 4.62738 3.48534 3.72761 8.31639 4.29684 4.97097 4.21983 4.14863 6.35768 6.22236 3.90246
threshold=0 5.5000000000000009 15.138987000000002 13257.596500000001 195.50000000000003 32453.678500000005 149.50000000000003 6.1749660000000004 4.1092625000000007 16.500000000000004 124.50000000000001 128.50000000000003 19611.564000000002 15.458598500000003
decision_type=9 2 2 2 2 2 2 2 2 2 2 2 2 2
left_child=4 -2 -3 -4 5 7 -7 8 -1 10 12 -12 13 -9
right_child=1 2 3 -5 -6 6 -8 9 -10 -11 11 -13 -14 -15
leaf_value=0.27463391553780014 0.041387047191781219 0.019280550251498881 1.88897131692441 0.053241200168890827 -1.2379887280184936 -1.8673094747099777 -0.020873790466334866 -2.6429484928859597 -0.72098978396735669 2.1368932868897299 1.6073073396213629 0.039852385786762166 0.59426782171792636 -0.4711317531872305
leaf_weight=32 1835 137 59 41 36 64 285 30 41 32 36 1095 35 134
leaf_count=32 1835 137 59 41 36 64 285 30 41 32 36 1095 35 134
internal_value=0.000308325 0.00123919 0.00493671 0.0114 -0.000754098 -0.000571749 -0.00335244 0.00010453 -0.0069863 0.000484581 0.000225564 0.000928382 -0.00376884 -0.00621951
internal_weight=3892 2072 237 100 1820 1784 349 1435 73 1362 1330 1131 199 164
internal_count=3892 2072 237 100 1820 1784 349 1435 73 1362 1330 1131 199 164
cat_boundaries=0 1
cat_threshold=105473
is_linear=0
shrinkage=0.03


Tree=391
num_leaves=15
num_cat=0
split_feature=4 1 2 0 0 2 0 6 2 2 6 6 0 2
split_gain=2.45227 5.61906 3.10844 2.5124 2.17149 2.63082 2.03792 9.23029 3.86588 5.48985 3.37445 2.70816 1.95011 3.23433
threshold=9.5000000000000018 7.5000000000000009 740.50000000000011 16.925735000000003 7.0913760000000012 30.500000000000004 5.2542115000000011 183.50000000000003 84.450000000000017 124.40000000000002 185.50000000000003 150.50000000000003 4.7017295000000008 160.50000000000003
decision_type=2 2 2 2 2 2 2 2 2 2 2 2 2 2
left_child=1 2 4 -3 6 -6 10 8 -8 -10 12 -11 13 -1
right_child=-2 3 -4 -5 5 -7 7 -9 9 11 -12 -13 -14 -15
leaf_value=0.18289055868317802 1.5899086603060901 -0.66234854261065945 0.60326338577675409 -0.11212107065197642 -0.75484921156158402 0.016594817997372502 -0.00080930662708851738 0.46157914322446569 -1.4320971566854177 -0.067378554593627765 -0.63786787372741516 -0.37614224691510911 0.27404894135486019 -0.519678543218688
leaf_weight=84 33 37 91 35 33 3258 42 35 33 39 34 34 42 59
leaf_count=84 33 37 91 35 33 3258 42 35 33 39 34 34 42 59
internal_value=3.85703e-05 -3.11203e-05 0.00012685 -0.00833333 -8.12348e-06 0.000246126 -0.00208955 -0.00442623 -0.0077027 -0.0107547 -0.000136986 -0.00616438 0.00145946 -0.00020979
internal_weight=3889 3856 3784 72 3693 3291 402 183 148 106 219 73 185 143
internal_count=3889 3856 3784 72 3693 3291 402 183 148 106 219 73 185 143
is_linear=0
shrinkage=0.03


Tree=392
num_leaves=15
num_cat=1
split_feature=4 1 1 9 0 6 6 6 1 7 7 0 0 6
split_gain=2.64747 2.68642 3.07731 2.23663 5.7414 4.37044 4.26098 3.77255 3.69622 4.44571 3.51418 5.33724 8.99953 6.88776
threshold=10.500000000000002 7.5000000000000009 10.500000000000002 0 35.960008000000009 197.50000000000003 198.50000000000003 68.500000000000014 4.5000000000000009 242.50000000000003 235.50000000000003 7.972462000000001 12.078875000000002 170.50000000000003
decision_type=2 2 2 9 2 2 2 2 2 2 2 2 2 2
left_child=1 3 -3 5 6 8 7 -5 10 -10 -1 13 -13 -12
right_child=-2 2 -4 4 -6 -7 -8 -9 9 -11 11 12 -14 -15
leaf_value=-0.15082834262190545 1.5422114004969092 -0.79292182410815715 0.017351368570077737 2.5039231549858139 1.2571002097022801 -1.2935826931993994 0.7752299924177305 0.0027243681862989888 1.6980925760914896 -0.078706865492404174 0.051560559048568849 -1.0446140143247771 0.11809847697359828 0.78174983547786725
leaf_weight=1049 31 39 33 31 35 30 61 1566 39 34 103 180 649 59
leaf_count=1049 31 39 33 31 35 30 61 1566 39 34 103 180 649 59
internal_value=-2.28484e-05 -9.21187e-05 -0.00583333 1.56413e-05 0.000827951 -0.000627032 0.000579011 0.000281778 -0.000468528 0.00616438 -0.000705882 0.000575177 -0.00039807 0.00555556
internal_weight=3939 3908 72 3836 1693 2143 1658 1597 2113 73 2040 991 829 162
internal_count=3939 3908 72 3836 1693 2143 1658 1597 2113 73 2040 991 829 162
cat_boundaries=0 1
cat_threshold=27677
is_linear=0
shrinkage=0.03


Tree=393
num_leaves=15
num_cat=2
split_feature=0 1 6 6 7 9 8 0 6 3 3 9 6 7
split_gain=3.43684 3.49039 3.25818 2.31924 1.84794 4.92568 6.03392 4.61261 4.09919 2.54444 5.00751 4.5744 7.47248 5.32617
threshold=2.3840500000000007 15.500000000000002 67.500000000000014 78.500000000000014 283.50000000000006 0 1.5000000000000002 10.849332500000001 171.50000000000003 4007.8580000000006 4491.1425000000008 1 136.50000000000003 249.50000000000003
decision_type=2 2 2 2 2 9 2 2 2 2 2 9 2 2
left_child=-1 2 -2 -4 9 8 -7 -8 -6 11 -11 12 13 -5
right_child=1 -3 3 4 5 6 7 -9 -10 10 -12 -13 -14 -15
leaf_value=-1.7010725795755082 1.0557653981504733 -0.41703136656033846 -0.55667658320611169 0.7394206460559235 0.15452004215624582 -1.174566676464551 1.3078998605605034 0.22965527053639562 -0.71785963023664978 1.9917494162363505 0.013109887237799284 -0.26861604290660807 -0.065792036288437425 -0.041145648243385721
leaf_weight=30 49 30 46 101 52 35 37 74 76 102 2491 570 188 30
leaf_count=30 49 30 46 101 52 35 37 74 76 102 2491 570 188 30
internal_value=0.00011506 0.000193249 0.000272656 0.000173593 0.000255591 0.00262774 0.00615385 0.01 -0.00173913 6.89259e-05 0.000543772 -0.00131609 0.00155015 0.00709924
internal_weight=3911 3881 3851 3802 3756 274 146 111 128 3482 2593 889 319 131
internal_count=3911 3881 3851 3802 3756 274 146 111 128 3482 2593 889 319 131
cat_boundaries=0 1 2
cat_threshold=38948 61972
is_linear=0
shrinkage=0.03


Tree=394
num_leaves=15
num_cat=2
split_feature=9 6 6 3 6 3 8 3 6 3 9 6 7 7
split_gain=2.50306 3.45921 8.3556 8.11994 3.97124 3.41459 5.50384 3.36119 4.86226 7.68557 7.68017 5.28007 6.14769 4.87636
threshold=0 150.50000000000003 138.50000000000003 2305.3485000000005 178.50000000000003 9511.7760000000017 2.5000000000000004 20327.968500000006 148.50000000000003 13257.596500000001 1 189.50000000000003 269.50000000000006 223.50000000000003
decision_type=9 2 2 2 2 2 2 2 2 2 9 2 2 2
left_child=1 2 -1 -3 5 -5 -7 8 10 -10 -2 12 13 -11
right_child=7 3 -4 4 -6 6 -8 -9 9 11 -12 -13 -14 -15
leaf_value=-0.021007282067846515 -0.57744340195709354 -0.67659401806879593 -2.3300990925882137 1.5264201025007718 -0.39108098836101246 1.1344177113086027 -0.57387436566735461 0.070863939098150017 0.12424526289317327 -1.8298426542747721 0.0071743809606721236 0.28874243700482904 -1.9781775543405955 -0.11683923351604335
leaf_weight=140 435 33 59 59 58 42 37 1026 1129 30 638 32 51 154
leaf_count=140 435 33 59 59 58 42 37 1026 1129 30 638 32 51 154
internal_value=-0.00019118 -0.00232877 -0.00527638 0.000131004 0.00244898 0.00521739 0.00113924 7.70328e-05 -0.000522479 0.000644699 -0.00204101 -0.00393258 -0.00548936 -0.00293478
internal_weight=3923 428 199 229 196 138 79 3495 2469 1396 1073 267 235 184
internal_count=3923 428 199 229 196 138 79 3495 2469 1396 1073 267 235 184
cat_boundaries=0 1 2
cat_threshold=1029 2824
is_linear=0
shrinkage=0.03


Tree=395
num_leaves=15
num_cat=0
split_feature=3 3 6 0 0 2 7 3 2 0 6 0 0 8
split_gain=3.00428 4.77214 4.24993 4.19821 5.33781 3.63756 2.37506 6.51972 5.63077 5.21629 4.96403 3.79114 3.63769 3.53717
threshold=2124.8955000000005 2214.2880000000005 200.50000000000003 5.9831435000000015 10.256212000000001 85.500000000000014 269.50000000000006 4702.6290000000017 152.05000000000004 9.2166080000000026 191.50000000000003 18.089131000000005 9.1326195000000023 3.5000000000000004
decision_type=2 2 2 2 2 2 2 2 2 2 2 2 2 2
left_child=3 -2 6 -1 5 -5 -3 9 10 -8 11 12 -9 -10
right_child=1 2 -4 4 -6 -7 7 8 13 -11 -12 -13 -14 -15
leaf_value=-0.91242083309375399 -2.1334994252969 -0.040279566678300398 0.29416394491368691 0.87282346920935994 0.12454048664644687 0.064794462020158788 1.5251227611968408 -0.89140405533678291 0.3106656205875572 0.8296585374052301 -0.77941379178276238 -1.0468456131940456 0.5495291851290619 -0.034951371645868222
leaf_weight=35 33 2854 59 34 311 37 31 62 114 73 42 57 68 99
leaf_count=35 33 2854 59 34 311 37 31 62 114 73 42 57 68 99
internal_value=-0.000176516 -0.000463918 -0.000355594 0.00223022 0.00314136 0.0105634 -0.000494118 0.00131868 -0.000271493 0.00807692 -0.00353712 -0.00144385 0.00138462 0.00323944
internal_weight=3909 3492 3459 417 382 71 3400 546 442 104 229 187 130 213
internal_count=3909 3492 3459 417 382 71 3400 546 442 104 229 187 130 213
is_linear=0
shrinkage=0.03


Tree=396
num_leaves=15
num_cat=1
split_feature=9 0 5 6 1 0 6 2 0 2 2 6 0 2
split_gain=3.47354 10.3968 5.12299 5.99691 5.10022 5.26538 5.22062 5.00527 4.37793 5.76875 4.26252 4.3319 4.10326 3.91719
threshold=0 4.2788670000000009 13.500000000000002 160.50000000000003 4.5000000000000009 11.651130000000002 192.50000000000003 91.500000000000014 4.2788670000000009 152.05000000000004 56.500000000000007 168.50000000000003 18.328822000000002 67.500000000000014
decision_type=9 2 2 2 2 2 2 2 2 2 2 2 2 2
left_child=1 -1 3 -3 6 -6 8 -8 9 -2 11 -4 -7 -5
right_child=4 2 10 13 5 12 7 -9 -10 -11 -12 -13 -14 -15
leaf_value=-1.2989477713072415 0.61549677665783975 -0.4925549920454898 1.8646001380796746 -2.3737591372968234 -0.39481218537765356 2.1858256122705324 0.094362639334582346 -1.0370015404413402 0.036995930703219528 -0.41596163547842252 -0.01442786745047215 0.012633760372887081 0.41740843798304467 0.57960620591461975
leaf_weight=45 54 68 43 30 40 51 44 57 2315 31 904 55 53 73
leaf_count=45 54 68 43 30 40 51 44 57 2315 31 904 55 53 73
internal_value=0.000147554 -0.00117264 -0.000639386 -0.0054386 0.000757062 0.00625 0.000443822 -0.00623762 0.000725 0.00741176 0.000179641 0.00612245 0.00980769 -0.000873786
internal_weight=3863 1218 1173 171 2645 144 2501 101 2400 85 1002 98 104 103
internal_count=3863 1218 1173 171 2645 144 2501 101 2400 85 1002 98 104 103
cat_boundaries=0 1
cat_threshold=37489
is_linear=0
shrinkage=0.03


Tree=397
num_leaves=15
num_cat=1
split_feature=2 2 9 5 7 8 7 7 6 3 7 7 7 7
split_gain=2.90488 2.89036 3.00196 5.04893 5.38561 3.36835 6.84815 3.83222 5.85229 4.88619 3.5005 4.34844 3.1267 5.79271
threshold=944.40000000000009 843.70000000000016 0 13.500000000000002 222.50000000000003 4.5000000000000009 289.50000000000006 223.50000000000003 107.50000000000001 5395.344000000001 191.50000000000003 197.50000000000003 173.50000000000003 179.50000000000003
decision_type=2 2 9 2 2 2 2 2 2 2 2 2 2 2
left_child=1 2 3 4 -1 10 7 8 -7 -10 -5 -12 -4 -14
right_child=-2 -3 12 5 -6 6 -8 -9 9 -11 11 -13 13 -15
leaf_value=-2.5479038553079953 -0.11023937340222686 0.82199050504216986 1.6631609753228236 2.535625936407182 -0.77310659616350896 0.41832714048929859 -1.7062801047461271 0.10833886297671597 -0.024150133769303465 -1.9297644363988433 -0.42343837613584129 0.035089681172171365 -1.2181485467135416 0.066126474630673324
leaf_weight=37 76 32 36 55 149 44 30 317 41 67 31 1332 30 1660
leaf_count=37 76 32 36 55 149 44 30 317 41 67 31 1332 30 1660
internal_value=0.000281941 0.00039627 0.000321233 -0.000440133 -0.00516129 1.56495e-05 -0.00210421 -0.00121535 -0.00513158 -0.00888889 0.000761636 0.000462216 0.00124424 0.00106509
internal_weight=3937 3861 3829 2103 186 1917 499 469 152 108 1418 1363 1726 1690
internal_count=3937 3861 3829 2103 186 1917 499 469 152 108 1418 1363 1726 1690
cat_boundaries=0 1
cat_threshold=15697
is_linear=0
shrinkage=0.03


Tree=398
num_leaves=15
num_cat=2
split_feature=0 9 0 5 1 0 0 9 7 0 0 7 7 7
split_gain=3.62398 3.25003 10.0629 4.90877 10.6629 5.28838 5.29489 4.22352 4.47183 3.92159 3.564 5.88117 4.5445 7.45639
threshold=2.3840500000000007 0 35.960008000000009 14.500000000000002 6.5000000000000009 29.638791000000001 26.683263500000006 1 207.50000000000003 12.875887000000002 18.015126500000004 219.50000000000003 273.50000000000006 266.50000000000006
decision_type=2 9 2 2 2 2 2 9 2 2 2 2 2 2
left_child=-1 2 3 5 10 6 7 8 -2 -10 12 -12 13 -5
right_child=1 -3 -4 4 -6 -7 -8 -9 9 -11 11 -13 -14 -15
leaf_value=-1.5571380119309162 0.28652398098607362 0.042624126683615482 0.93945796425417938 0.18349216593689105 -1.1289440621353879 -1.1292388025470745 0.63704654619078604 -0.049005347162540146 -0.38589506777549332 -3.7533391867227874 0.16172704475639194 -1.0160600992098738 1.1908410133709844 -1.0180784526581419
leaf_weight=33 35 2595 35 243 43 53 42 246 36 74 142 143 106 39
leaf_count=33 35 2595 35 243 43 53 42 246 36 74 142 143 106 39
internal_value=-0.000100906 -1.56576e-05 -0.00127506 -0.00174709 -0.000167598 -0.00407407 -0.00297921 -0.0040665 -0.00793548 -0.0114545 0.000757801 -0.00178947 0.00262887 0.000638298
internal_weight=3865 3832 1237 1202 716 486 433 391 145 110 673 285 388 282
internal_count=3865 3832 1237 1202 716 486 433 391 145 110 673 285 388 282
cat_boundaries=0 1 2
cat_threshold=102449 65537
is_linear=0
shrinkage=0.03


Tree=399
num_leaves=15
num_cat=0
split_feature=7 6 2 3 7 1 6 3 6 7 2 2 6 8
split_gain=3.64707 5.06541 5.94381 6.76314 6.00485 5.12232 6.02112 7.80806 4.1942 4.08932 3.86384 6.18533 4.54044 5.06064
threshold=234.50000000000003 111.50000000000001 49.500000000000007 2778.2700000000004 214.50000000000003 2.5000000000000004 148.50000000000003 63534.598500000007 106.50000000000001 184.50000000000003 204.40000000000003 185.50000000000003 159.50000000000003 3.5000000000000004
decision_type=2 2 2 2 2 2 2 2 2 2 2 2 2 2
left_child=1 8 4 -4 -3 9 7 -7 -1 -5 11 -11 13 -12
right_child=-2 2 3 5 -6 6 -8 -9 -10 10 12 -13 -14 -15
leaf_value=-0.16339988763551105 0.044556484806403202 -0.96990038341946272 0.71604836757068135 1.3332054024171451 -0.22824253115117357 2.0127323269613635 -0.7946824048995017 -0.051729386906258695 -0.90869031448339677 -0.1803108324159973 -0.97764412816657342 0.76815500403560011 -1.7399758018760763 0.13929742687313593
leaf_weight=304 2139 31 207 58 46 91 44 39 66 530 140 45 36 75
leaf_count=304 2139 31 207 58 46 91 44 39 66 530 140 45 36 75
internal_value=8.5692e-05 -0.000946262 -8.94188e-05 0.000403162 -0.00818182 -0.000567108 0.00413793 0.00738462 -0.00405405 -0.00149321 -0.0020339 -0.000678261 -0.00513944 -0.00348837
internal_weight=3851 1712 1342 1265 77 1058 174 130 370 884 826 575 251 215
internal_count=3851 1712 1342 1265 77 1058 174 130 370 884 826 575 251 215
is_linear=0
shrinkage=0.03


Tree=400
num_leaves=15
num_cat=1
split_feature=9 6 6 6 5 8 5 6 7 7 7 7 6 8
split_gain=3.36274 8.24826 4.23471 6.16339 6.34693 5.10819 3.58056 3.32511 4.73074 8.42589 4.61781 5.19472 3.54336 4.53375
threshold=0 74.500000000000014 121.50000000000001 136.50000000000003 13.500000000000002 5.5000000000000009 14.500000000000002 161.50000000000003 217.50000000000003 231.50000000000003 292.50000000000006 278.50000000000006 115.50000000000001 2.5000000000000004
decision_type=9 2 2 2 2 2 2 2 2 2 2 2 2 2
left_child=2 -2 -1 4 -4 6 -6 12 -9 -10 11 -11 13 -3
right_child=1 7 3 -5 5 -7 -8 8 9 10 -12 -13 -14 -15
leaf_value=-0.21134055220877826 1.2193741498560757 0.18788350088329253 -0.55917772695454915 -0.047029320027932045 0.65186162796522462 2.1934061813526511 0.046694300363631099 -1.9811323064468784 2.7915075341214606 0.16963440743715977 1.5194957843282622 -0.1893613574181279 -0.067643629791215285 -0.027586855279236034
leaf_weight=475 31 73 31 925 78 32 144 34 77 712 42 116 1034 122
leaf_count=475 31 73 31 925 78 32 144 34 77 712 42 116 1034 122
internal_value=0.000320937 0.00107952 -0.000690265 0.000247934 0.00410526 0.00566929 0.00405405 0.000868778 0.00217125 0.002566 0.00172414 0.00123188 -0.000170871 0.00353846
internal_weight=3926 2241 1685 1210 285 254 222 2210 981 947 870 828 1229 195
internal_count=3926 2241 1685 1210 285 254 222 2210 981 947 870 828 1229 195
cat_boundaries=0 1
cat_threshold=96001
is_linear=0
shrinkage=0.03


Tree=401
num_leaves=15
num_cat=1
split_feature=0 9 0 0 7 0 6 6 0 0 7 0 0 1
split_gain=5.61339 4.84882 5.45773 7.82054 5.61978 5.28526 5.13685 8.20949 7.73837 6.10772 5.85258 5.64473 4.70014 5.00641
threshold=3.9449575000000006 0 28.683753500000005 37.370455500000013 252.50000000000003 27.781954000000002 174.50000000000003 169.50000000000003 9.2166080000000026 9.1326195000000023 282.50000000000006 8.0770035000000018 20.077881000000001 2.5000000000000004
decision_type=2 9 2 2 2 2 2 2 2 2 2 2 2 2
left_child=-1 2 5 4 -4 6 7 9 -8 11 -10 -2 -3 -14
right_child=1 12 3 -5 -6 -7 8 -9 10 -11 -12 -13 13 -15
leaf_value=-0.48445796004435465 -0.098641533533731257 0.020712995722950607 -0.22706327402651821 0.91134841038320247 -1.3119183925709876 1.4296032805401317 0.68208940118641459 -0.76110429843113814 0.32058301009092016 0.043070360490524991 -1.813743558428796 -2.5755510910903716 1.1212667513938412 -0.18599200586244591
leaf_weight=103 136 1148 264 35 45 55 88 96 134 1150 57 49 429 64
leaf_count=103 136 1148 264 35 45 55 88 96 134 1150 57 49 429 64
internal_value=0.000210226 0.0004 -0.000552147 -0.00401163 -0.00553398 0.00011898 -0.000175439 -0.000901468 0.00354839 -0.000292135 0.000157068 -0.00535135 0.0016172 0.00407708
internal_weight=3853 3750 2109 344 309 1765 1710 1431 279 1335 191 185 1641 493
internal_count=3853 3750 2109 344 309 1765 1710 1431 279 1335 191 185 1641 493
cat_boundaries=0 1
cat_threshold=109825
is_linear=0
shrinkage=0.03


Tree=402
num_leaves=15
num_cat=1
split_feature=9 1 0 7 7 2 2 2 0 1 0 0 1 0
split_gain=3.41819 3.74776 4.40306 13.2095 9.72386 5.05647 6.0198 4.78287 4.46667 3.78439 3.82917 7.58672 3.75332 3.79274
threshold=0 7.5000000000000009 19.719260500000001 212.50000000000003 210.50000000000003 65.500000000000014 364.40000000000003 160.50000000000003 28.683753500000005 2.5000000000000004 14.392338500000003 8.2848845000000022 1.5000000000000002 23.784892500000002
decision_type=9 2 2 2 2 2 2 2 2 2 2 2 2 2
left_child=1 2 3 -1 7 -5 9 -4 12 10 11 -7 13 -6
right_child=-2 -3 4 5 8 6 -8 -9 -10 -11 -12 -13 -14 -15
leaf_value=-1.8984656871519303 0.053344829007853603 -0.67442516206366943 5.3313850205132933 -0.67994909522265057 -0.3335285943573581 -0.6422158892376274 -0.80648441092525447 0.22730022785421169 -0.64137777800098095 0.75187622222495798 -0.67521018251013176 1.3325612209298616 -0.20544573983684813 2.5937608336266238
leaf_weight=54 3167 32 42 57 47 77 37 65 64 48 76 64 58 56
leaf_count=54 3167 32 42 57 47 77 37 65 64 48 76 64 58 56
internal_value=0.000593306 -0.0011817 -0.000765101 -0.00283293 0.00180723 -0.000752089 0.000794702 0.00925234 -0.00173333 0.00237736 0.000691244 0.00361702 0.000931677 0.00436893
internal_weight=3944 777 745 413 332 359 302 107 225 265 217 141 161 103
internal_count=3944 777 745 413 332 359 302 107 225 265 217 141 161 103
cat_boundaries=0 1
cat_threshold=34081
is_linear=0
shrinkage=0.03


Tree=403
num_leaves=15
num_cat=1
split_feature=0 0 7 9 0 0 0 0 2 6 6 5 2 5
split_gain=3.55852 4.31134 2.8364 2.69471 4.09103 10.1977 9.76591 8.60069 11.7519 7.03873 5.00647 4.44617 4.04119 4.97143
threshold=39.373733000000009 37.043250000000008 169.50000000000003 0 29.029170000000004 22.683956000000006 23.784892500000002 20.395902500000002 197.05000000000004 140.50000000000003 148.50000000000003 12.500000000000002 119.05000000000001 14.500000000000002
decision_type=2 2 2 9 2 2 2 2 2 2 2 2 2 2
left_child=1 2 -1 -4 5 7 -7 -5 10 -6 -9 -11 -8 -14
right_child=-2 -3 3 4 9 6 12 8 -10 11 -12 -13 13 -15
leaf_value=-0.62266215519139112 1.9848443652383343 -0.58049269285179661 -0.049598315771473833 0.032410949304094175 -1.1821653102988556 -1.3642089508655864 0.44471623135401839 -1.5023344654043627 3.7071061650064712 0.18139941318616365 1.7118788077128215 4.3881183733390543 -0.01806363726610016 -3.6465115443956049
leaf_weight=50 42 44 1498 1517 52 93 129 38 81 55 78 86 105 71
leaf_count=50 42 44 1498 1517 52 93 129 38 81 55 78 86 105 71
internal_value=-0.000114242 -0.000207852 -0.00010122 -7.88851e-06 0.000634989 0.000255682 -0.00407035 0.00126021 0.00715736 0.00481865 0.00103448 0.00829787 -0.00147541 -0.00443182
internal_weight=3939 3897 3853 3803 2305 2112 398 1714 197 193 116 141 305 176
internal_count=3939 3897 3853 3803 2305 2112 398 1714 197 193 116 141 305 176
cat_boundaries=0 1
cat_threshold=103973
is_linear=0
shrinkage=0.03


Tree=404
num_leaves=15
num_cat=1
split_feature=0 1 9 7 0 2 0 0 0 6 6 6 6 7
split_gain=3.87353 3.11072 3.84624 4.47394 11.8912 6.33987 4.59689 8.12983 5.10552 6.09347 8.21193 6.32439 6.68756 4.74472
threshold=4.7017295000000008 7.5000000000000009 0 238.50000000000003 7.6676055000000014 43.500000000000007 15.582068000000001 12.338437000000001 17.479973500000003 151.50000000000003 183.50000000000003 175.50000000000003 169.50000000000003 273.50000000000006
decision_type=2 2 9 2 2 2 2 2 2 2 2 2 2 2
left_child=-1 2 3 4 -2 -5 7 13 -8 -10 11 12 -11 -7
right_child=1 -3 -4 5 -6 6 8 -9 9 10 -12 -13 -14 -15
leaf_value=-0.37821694862071409 -1.0281890038477286 -0.13609443590746423 0.061054918471493233 -1.6214742020928041 -0.10005093587976262 -0.059877089790875283 1.7471187823727381 -1.4515358129587697 -1.1007266268725424 1.5533905204692608 -0.55875947133994486 3.5632160132648765 -0.84305437071120648 1.06495549043249
leaf_weight=174 43 99 1985 35 1030 110 63 80 58 85 50 50 38 32
leaf_count=174 43 99 1985 35 1030 110 63 80 58 85 50 50 38 32
internal_value=-0.000106816 9.57956e-05 0.00023777 -0.000819477 -0.00198509 0.00124792 0.00201413 -0.00135135 0.00418605 0.00245552 0.00470852 0.00780347 0.00414634 0.00295775
internal_weight=3932 3758 3659 1674 1073 601 566 222 344 281 223 173 123 142
internal_count=3932 3758 3659 1674 1073 601 566 222 344 281 223 173 123 142
cat_boundaries=0 1
cat_threshold=85256
is_linear=0
shrinkage=0.03


Tree=405
num_leaves=15
num_cat=1
split_feature=6 0 9 5 2 2 2 2 3 2 0 0 6 0
split_gain=3.15865 3.9596 3.32258 4.86002 6.32967 3.84764 6.27082 4.20745 3.25079 2.91717 2.58069 6.53376 5.21764 4.74759
threshold=78.500000000000014 12.078875000000002 0 13.500000000000002 102.45000000000002 121.50000000000001 97.500000000000014 57.45000000000001 17118.407000000003 302.55000000000007 22.683956000000006 23.784892500000002 141.50000000000003 20.395902500000002
decision_type=2 2 9 2 2 2 2 2 2 2 2 2 2 2
left_child=1 -1 3 4 -2 6 7 -5 -7 -3 13 12 -12 -4
right_child=2 9 10 5 -6 8 -8 -9 -10 -11 11 -13 -14 -15
leaf_value=-0.83032005872792525 -5.5361727966078078 1.4787754964496003 0.031113291574744153 0.86267936792445654 -0.063997710403718877 -1.1095255219172162 1.461182559726709 -1.1738376274168627 0.041641015936050962 -1.0389907393648423 -1.0140134651267521 0.0085087109743972166 -0.21895445325689705 0.8320198761677875
leaf_weight=33 42 30 2249 47 36 42 31 56 48 36 45 853 81 267
leaf_count=33 42 30 2249 47 36 42 31 56 48 36 45 853 81 267
internal_value=0.000138604 -0.00515152 0.000276534 -0.00269231 -0.00923077 -0.000535714 0.00268657 -0.000873786 -0.00533333 -0.000909091 0.00053923 -0.000766088 -0.00714286 0.00104928
internal_weight=3896 99 3797 302 78 224 134 103 90 66 3495 979 126 2516
internal_count=3896 99 3797 302 78 224 134 103 90 66 3495 979 126 2516
cat_boundaries=0 1
cat_threshold=65
is_linear=0
shrinkage=0.03


Tree=406
num_leaves=15
num_cat=0
split_feature=7 0 0 0 4 1 7 7 5 6 8 2 2 6
split_gain=1.88123 3.03913 2.85767 3.23825 6.80747 5.87333 4.07668 3.95257 3.48928 7.35267 7.11169 2.90907 6.55726 7.33333
threshold=203.50000000000003 7.6676055000000014 7.972462000000001 10.075625000000002 1.0000000180025095e-35 1.5000000000000002 236.50000000000003 253.50000000000003 11.500000000000002 161.50000000000003 2.5000000000000004 45.500000000000007 62.050000000000004 172.50000000000003
decision_type=2 2 2 2 2 2 2 2 2 2 2 2 2 2
left_child=1 -1 11 4 5 6 -4 -8 9 10 -5 -2 13 -13
right_child=2 -3 3 8 -6 -7 7 -9 -10 -11 -12 12 -14 -15
leaf_value=-0.33199818970932538 0.25917810812910602 0.16806275599305989 0.52056897573124949 2.5108644380509983 -1.9301070952706914 -0.69598656574217777 -2.1422209631368707 0.16123305401393281 0.013753609304208112 -2.6769378224376488 -0.63101587156223105 0.1122183736377633 0.082999513117781587 -1.5234927809340184
leaf_weight=40 34 497 50 30 53 103 30 69 2465 46 33 33 412 33
leaf_count=40 34 497 50 30 53 103 30 69 2465 46 33 33 412 33
internal_value=0.000305499 0.00195531 4.42347e-05 -0.000323029 -0.0032459 -0.00119048 0.00261745 -0.000909091 2.331e-05 -0.00522936 0.00142857 0.00210938 0.00150628 -0.00727273
internal_weight=3928 537 3391 2879 305 252 149 99 2574 109 63 512 478 66
internal_count=3928 537 3391 2879 305 252 149 99 2574 109 63 512 478 66
is_linear=0
shrinkage=0.03


Tree=407
num_leaves=15
num_cat=1
split_feature=3 9 6 7 3 0 0 6 7 7 6 7 3 3
split_gain=2.22453 5.811 6.24183 6.94621 4.49809 4.3217 8.64554 3.88586 8.7351 5.93404 5.08491 4.76817 3.27682 6.501
threshold=38166.090500000006 0 118.50000000000001 212.50000000000003 54227.311000000009 18.328822000000002 10.849332500000001 141.50000000000003 228.50000000000003 248.50000000000003 161.50000000000003 260.50000000000006 13300.377000000002 9896.6910000000007
decision_type=2 9 2 2 2 2 2 2 2 2 2 2 2 2
left_child=12 4 -3 -4 -2 6 -6 -5 -9 -10 -11 -12 13 -1
right_child=1 2 3 7 5 -7 -8 8 9 10 11 -13 -14 -15
leaf_value=-0.015336528900611483 1.8542255110583028 -0.53061373716470372 1.9487317153414097 0.27346439616946211 -0.13315881233826643 -0.33118665051076729 1.5385175185340425 -1.9957872795322804 1.1165753493400188 -1.8167532705443363 -0.44194872958321413 0.19288211307771405 -0.085656721080959522 0.32290027727323378
leaf_weight=1933 47 109 35 74 42 34 33 36 71 37 31 64 988 363
leaf_count=1933 47 109 35 74 42 34 33 36 71 37 31 64 988 363
internal_value=5.38876e-05 0.00171289 -6.42398e-05 0.00189655 0.00650602 0.00357798 0.0076 0.000479233 -0.00138075 0.00103448 -0.00272727 0.000947368 -0.000255786 0.000365854
internal_weight=3897 613 457 348 156 109 75 313 239 203 132 95 3284 2296
internal_count=3897 613 457 348 156 109 75 313 239 203 132 95 3284 2296
cat_boundaries=0 1
cat_threshold=8216
is_linear=0
shrinkage=0.03


Tree=408
num_leaves=15
num_cat=1
split_feature=0 9 0 7 0 6 7 2 0 6 3 2 1 6
split_gain=2.2035 2.17594 8.3242 8.17859 7.00498 6.24097 5.52767 4.97376 4.56115 4.1211 4.06086 3.89195 3.19149 3.04599
threshold=2.3840500000000007 0 10.645309000000001 209.50000000000003 21.684185000000003 124.50000000000001 214.50000000000003 164.50000000000003 25.025570000000005 151.50000000000003 8208.6670000000031 348.45000000000005 2.5000000000000004 189.50000000000003
decision_type=2 9 2 2 2 2 2 2 2 2 2 2 2 2
left_child=-1 2 3 -2 5 12 -6 10 -8 -5 -7 -9 -4 -3
right_child=1 13 4 9 6 7 8 11 -10 -11 -12 -13 -14 -15
leaf_value=-0.79619494400560542 -0.96664641293692966 0.019397373079465294 -1.2699917199630169 1.3500562949178634 7.5719230134506716 -0.050282895914338037 0.88015309784811957 1.2241676928658103 -3.2358242186544519 0.1325338896214896 -1.6433286471679684 -0.61201186440822419 -0.27210131028693241 0.1898254622554964
leaf_weight=30 44 3063 94 54 46 50 44 37 39 65 38 30 47 244
leaf_count=30 44 3063 94 54 46 50 44 37 39 65 38 30 47 244
internal_value=9.93631e-05 0.000161746 -0.00150502 0.00423313 -0.00374118 -0.00628378 0.00209302 -0.00212903 -0.00253012 0.00831933 -0.00681818 0.00402985 -0.0108511 0.00046126
internal_weight=3925 3895 588 163 425 296 129 155 83 119 88 67 141 3307
internal_count=3925 3895 588 163 425 296 129 155 83 119 88 67 141 3307
cat_boundaries=0 1
cat_threshold=18177
is_linear=0
shrinkage=0.03


Tree=409
num_leaves=15
num_cat=1
split_feature=9 6 3 5 8 6 3 6 3 3 3 7 7 7
split_gain=2.59593 4.98067 4.26183 3.33221 4.39091 4.06502 4.75407 4.3021 4.59632 7.47901 6.55004 4.24919 10.6241 5.56815
threshold=0 71.500000000000014 862.85400000000016 15.500000000000002 4.5000000000000009 115.50000000000001 737.10000000000014 119.50000000000001 39980.627000000008 54145.830000000009 31896.329000000002 218.50000000000003 209.50000000000003 201.50000000000003
decision_type=9 2 2 2 2 2 2 2 2 2 2 2 2 2
left_child=2 -2 -1 5 -5 -3 -7 -8 10 -10 11 12 13 -9
right_child=1 3 -4 4 -6 6 7 8 9 -11 -12 -13 -14 -15
leaf_value=-0.35405861532245125 -0.99424276421465096 0.17077875162096234 -0.023724830193709748 0.0059550357347063704 -2.0184572789472326 2.5023799147902106 -0.45478722761159129 -0.57576508516387548 2.9765898072468224 0.10028565245546132 -2.3840495771034327 0.079265045349673074 -1.5957385298139957 1.6088491564453942
leaf_weight=73 50 234 2292 172 46 31 33 81 41 97 37 616 64 41
leaf_count=73 50 234 2292 172 46 31 33 81 41 97 37 616 64 41
internal_value=-4.60594e-05 0.00090792 -0.000669474 0.00122572 -0.00220183 0.00181176 0.00100865 0.000653465 0.00101331 0.00608696 0.000178784 0.00074813 -0.00322581 0.00196721
internal_weight=3908 1543 2365 1493 218 1275 1041 1010 977 138 839 802 186 122
internal_count=3908 1543 2365 1493 218 1275 1041 1010 977 138 839 802 186 122
cat_boundaries=0 1
cat_threshold=109889
is_linear=0
shrinkage=0.03


Tree=410
num_leaves=15
num_cat=1
split_feature=9 7 1 7 3 3 0 0 6 0 2 0 2 2
split_gain=3.32924 5.13457 5.52135 4.58817 5.69083 6.91273 6.50167 5.6917 5.89715 3.90433 4.79115 3.49514 5.8785 8.34501
threshold=0 288.50000000000006 7.5000000000000009 259.50000000000006 17881.465000000004 28361.834000000006 13.846890500000002 18.328822000000002 158.50000000000003 7.5820965000000013 100.50000000000001 21.995953000000004 107.05000000000001 43.500000000000007
decision_type=9 2 2 2 2 2 2 2 2 2 2 2 2 2
left_child=1 2 3 -1 7 -6 -7 8 -5 -10 -11 -2 13 -13
right_child=11 -3 -4 4 5 6 -8 -9 9 10 -12 12 -14 -15
leaf_value=-0.005502444368823944 0.05983820721515485 0.23678244253064121 -0.67447883386535068 -1.8774308722030786 1.7054375068563239 -1.3258383886955494 0.21848212759744343 -1.8322329071318109 -0.44506625776473641 0.47389522996852063 -0.62847358142871601 -2.7429346814445168 -0.31937548900507179 1.1049821669208495
leaf_weight=1064 1668 107 51 50 55 32 46 87 42 46 33 37 378 199
leaf_count=1064 1668 107 51 50 55 32 46 87 42 46 33 37 378 199
internal_value=2.31065e-05 -0.00101664 -0.0014741 -0.00113402 -0.00391304 0.00112782 -0.00461538 -0.00651163 -0.00333333 0.000247934 0.00417722 0.000759162 -0.00117264 0.00254237
internal_weight=3895 1613 1506 1455 391 133 78 258 171 121 79 2282 614 236
internal_count=3895 1613 1506 1455 391 133 78 258 171 121 79 2282 614 236
cat_boundaries=0 1
cat_threshold=103841
is_linear=0
shrinkage=0.03


Tree=411
num_leaves=15
num_cat=1
split_feature=2 9 0 0 0 2 2 3 3 6 2 7 7 6
split_gain=3.22202 2.90781 6.33485 5.34328 5.16294 5.11258 3.80591 3.41577 5.77096 3.62383 6.81739 12.2258 5.85858 6.5609
threshold=28.500000000000004 0 37.043250000000008 30.170893000000003 37.370455500000013 43.500000000000007 490.15000000000003 1609.1135000000002 2214.2880000000005 105.50000000000001 463.50000000000006 219.50000000000003 241.50000000000003 189.50000000000003
decision_type=2 9 2 2 2 2 2 2 2 2 2 2 2 2
left_child=-1 4 3 7 5 -2 -7 -3 -9 -10 11 -11 -13 -14
right_child=1 2 -4 -5 -6 6 -8 8 9 10 -12 12 13 -15
leaf_value=0.43838341225886551 -0.88182540058218017 0.45069545332805544 -2.6208971153087917 2.6922459998681187 1.2222133060880538 -0.0088184495330506252 -0.67887922321794802 -1.3018252001646715 0.099016104276346939 -0.85160279895892244 0.36090596765835298 0.23317221815863604 -0.11947154183338511 0.21292690480585405
leaf_weight=30 54 152 50 110 32 1715 128 57 222 203 138 293 600 149
leaf_count=30 54 152 50 110 32 1715 128 57 222 203 138 293 600 149
internal_value=0.00020595 0.000130669 0.0009375 0.00121622 -0.000696235 -0.000901423 -0.000634835 0.000826902 0.000433213 0.000766355 0.000195228 -0.000506024 0.000806142 -0.000600801
internal_weight=3933 3903 1974 1924 1929 1897 1843 1814 1662 1605 1383 1245 1042 749
internal_count=3933 3903 1974 1924 1929 1897 1843 1814 1662 1605 1383 1245 1042 749
cat_boundaries=0 1
cat_threshold=101637
is_linear=0
shrinkage=0.03


Tree=412
num_leaves=15
num_cat=0
split_feature=0 2 1 5 7 6 0 1 1 0 3 3 2 3
split_gain=2.78129 6.54356 5.95767 3.17416 5.75217 7.81947 4.29038 2.84553 3.44049 2.73326 2.64158 5.79502 5.17281 3.43297
threshold=31.136494500000001 52.500000000000007 2.5000000000000004 14.500000000000002 192.50000000000003 148.50000000000003 34.952504500000011 14.500000000000002 9.5000000000000018 35.960008000000009 67879.617000000013 88600.909000000014 335.50000000000006 39980.627000000008
decision_type=2 2 2 2 2 2 2 2 2 2 2 2 2 2
left_child=7 -2 3 4 -3 6 -6 8 10 -7 13 -12 -13 -1
right_child=1 2 -4 -5 5 9 -8 -9 -10 -11 11 12 -14 -15
leaf_value=0.0086132588140094401 -1.1309124101192969 1.9150301652587949 -1.0782552167899713 -0.4252817340739648 -0.52600055373785382 0.037781400968269735 -2.4013125198237546 -0.24047126030339086 1.0847181294233359 1.2049933208596484 -0.95885317915586654 -0.21535737503734823 0.33422255912958004 0.26625276387651409
leaf_weight=3003 30 38 35 55 33 56 31 38 33 36 88 64 59 263
leaf_count=3003 30 38 35 55 33 56 31 38 33 36 88 64 59 263
internal_value=3.1072e-05 -0.00267516 -0.00126761 0.000361446 0.00216495 -0.000384615 -0.0084375 0.000270575 0.000358974 0.00521739 0.000267472 -0.00298578 0.00121951 0.000477648
internal_weight=3862 314 284 249 194 156 64 3548 3510 92 3477 211 123 3266
internal_count=3862 314 284 249 194 156 64 3548 3510 92 3477 211 123 3266
is_linear=0
shrinkage=0.03


Tree=413
num_leaves=15
num_cat=1
split_feature=9 0 7 4 1 0 7 0 7 7 0 0 5 8
split_gain=4.23448 11.9872 7.31129 4.31697 6.67123 8.0569 7.08034 3.44353 3.41706 4.91897 9.38466 8.69936 5.68457 4.85951
threshold=0 26.965247500000004 166.50000000000003 1.0000000180025095e-35 1.5000000000000002 11.4810505 212.50000000000003 14.876493000000002 194.50000000000003 240.50000000000003 11.174585000000002 17.009411500000002 13.500000000000002 3.5000000000000004
decision_type=9 2 2 2 2 2 2 2 2 2 2 2 2 2
left_child=1 8 -2 -4 5 -5 -6 -7 -1 10 -10 -12 13 -11
right_child=2 -3 3 4 6 7 -8 -9 9 12 11 -13 -14 -15
leaf_value=-0.39909741555237133 2.2059750239417801 5.6622557395076063 0.010741410825057755 -1.6122775181918563 -0.98329933798623637 0.45971424582586223 0.10648965304480157 -0.97695515825164758 1.712722217125149 -0.077284467576321278 -1.0583741141779262 1.9358162755751891 0.097961982107501622 -3.7501248776755549
leaf_weight=75 31 38 2711 43 34 33 192 88 106 58 58 83 324 33
leaf_count=75 31 38 2711 43 34 33 192 88 106 58 58 83 324 33
internal_value=0.000514461 0.00248408 1.90961e-05 -0.000125766 -0.00307692 -0.00768293 0.000265487 -0.00371901 0.00166893 0.0023565 0.0057085 0.000638298 0.000361446 -0.00626374
internal_weight=3907 775 3132 3101 390 164 226 121 737 662 247 141 415 91
internal_count=3907 775 3132 3101 390 164 226 121 737 662 247 141 415 91
cat_boundaries=0 1
cat_threshold=16848
is_linear=0
shrinkage=0.03


Tree=414
num_leaves=15
num_cat=1
split_feature=4 4 3 5 7 2 9 3 3 3 6 7 6 3
split_gain=2.75117 2.67776 2.49695 2.47691 4.20414 4.73816 3.43337 7.01905 6.12842 5.71968 11.5706 4.86436 4.10489 4.80437
threshold=5.5000000000000009 2.5000000000000004 42394.913500000002 11.500000000000002 209.50000000000003 78.500000000000014 0 67879.617000000013 88600.909000000014 42394.913500000002 151.50000000000003 239.50000000000003 144.50000000000003 28055.507500000003
decision_type=2 2 2 2 2 2 9 2 2 2 2 2 2 2
left_child=1 3 -3 4 -1 -6 8 9 -5 12 -11 -9 -8 -14
right_child=-2 2 -4 6 5 -7 7 11 -10 10 -12 -13 13 -15
leaf_value=1.7842150170811124 0.58945664112531004 -0.20841747029282259 -0.40158394243573409 -0.065380847718038232 0.4753289714238792 -1.0016932109519847 0.079513180919298057 -0.4065826395993099 0.23438916412646221 -0.4215316666616627 2.6817939532394295 -1.2228709712195382 0.061285076673236745 -0.74515085845828588
leaf_weight=38 52 41 33 2225 31 73 404 43 76 40 52 34 777 60
leaf_count=38 52 41 33 2225 31 73 404 43 76 40 52 34 777 60
internal_value=6.78562e-05 -2.29183e-05 -0.00567568 8.56475e-05 -0.00380282 -0.00692308 0.000234438 0.00139437 -0.000480312 0.00191298 0.00913043 -0.0074026 0.00137792 0.000179211
internal_weight=3979 3927 74 3853 142 104 3711 1410 2301 1333 92 77 1241 837
internal_count=3979 3927 74 3853 142 104 3711 1410 2301 1333 92 77 1241 837
cat_boundaries=0 1
cat_threshold=81169
is_linear=0
shrinkage=0.03


Tree=415
num_leaves=15
num_cat=0
split_feature=8 0 0 2 0 0 3 3 0 0 3 3 8 2
split_gain=4.81706 4.961 4.54952 3.2054 3.16484 2.96797 2.97572 6.15659 4.08366 3.75248 2.57652 6.17029 3.82035 7.36967
threshold=1.0000000180025095e-35 25.780628000000004 39.373733000000009 62.050000000000004 29.928446500000003 8.1936115000000012 3396.1720000000005 6455.9400000000014 13.584251000000002 17.325287500000005 73709.108000000022 67879.617000000013 2.5000000000000004 383.05000000000007
decision_type=2 2 2 2 2 2 2 2 2 2 2 2 2 2
left_child=1 3 10 -1 -3 -5 -7 -8 -9 -10 11 12 13 -2
right_child=2 4 -4 5 -6 6 7 8 9 -11 -12 -13 -14 -15
leaf_value=-0.99329623779100529 -0.081565868860494675 3.0906771370035404 2.6110067371353738 0.92191232484483288 0.031668064476082232 -0.27912716432784462 0.54379298753266647 0.45703725640599485 -1.2132544715370408 0.37039210615419504 0.048893403127551666 -1.0130596485392471 0.025485432608782048 -0.70151341452957006
leaf_weight=57 1033 39 32 60 42 42 48 55 42 75 216 35 1998 111
leaf_count=57 1033 39 32 60 42 42 48 55 42 75 216 35 1998 111
internal_value=0.000378378 0.00326087 -8.75912e-06 0.00182058 0.01 0.00298137 0.00160305 0.003 0.000348837 -0.00282051 -0.000114943 -0.0003305 -0.000190961 -0.00157343
internal_weight=3885 460 3425 379 81 322 262 220 172 117 3393 3177 3142 1144
internal_count=3885 460 3425 379 81 322 262 220 172 117 3393 3177 3142 1144
is_linear=0
shrinkage=0.03


Tree=416
num_leaves=15
num_cat=0
split_feature=2 6 7 6 3 6 3 0 3 3 3 3 3 0
split_gain=2.56413 7.72561 11.7826 2.7661 4.98165 4.55058 3.61699 5.77594 5.76471 7.01587 4.02053 3.41828 7.6636 4.98778
threshold=40.400000000000006 174.50000000000003 226.50000000000003 174.50000000000003 1289.4210000000003 176.50000000000003 3948.7310000000002 9.970361500000001 10206.648000000003 17889.958500000004 34509.83400000001 12973.705000000002 9896.6910000000007 21.310856000000005
decision_type=2 2 2 2 2 2 2 2 2 2 2 2 2 2
left_child=1 2 -1 -2 -5 -6 -7 8 -8 -10 11 12 13 -9
right_child=3 -3 -4 4 5 6 7 10 9 -11 -12 -13 -14 -15
leaf_value=-0.66394857062414758 -0.0035144766792279823 -0.61254444774630878 0.7586452046979798 -0.8984381111480888 1.0257235067064743 0.44548649597426221 -0.97427132593877219 1.4877428912217079 0.56787387303009718 -0.18428440080300107 0.96335405867386492 -0.37178650753162856 3.2278370601953177 -2.8222376559667124
leaf_weight=31 3044 56 56 52 74 113 51 64 39 63 55 121 33 36
leaf_count=31 3044 56 56 52 74 113 51 64 39 63 55 121 33 36
internal_value=0.000462963 0.00440559 0.01 0.000312417 0.00201141 0.00272727 0.00182609 0.000649351 -0.00411765 0 0.00300971 0.00141732 0.00473684 0.0006
internal_weight=3888 143 87 3745 701 649 575 462 153 102 309 254 133 100
internal_count=3888 143 87 3745 701 649 575 462 153 102 309 254 133 100
is_linear=0
shrinkage=0.03


Tree=417
num_leaves=15
num_cat=2
split_feature=9 6 2 6 7 7 5 9 5 3 6 2 7 6
split_gain=2.72595 7.59393 4.98715 6.4773 4.08608 4.13928 3.92836 4.23622 5.72141 7.7526 4.29352 4.13482 3.57653 3.34105
threshold=0 89.500000000000014 58.500000000000007 157.50000000000003 240.50000000000003 222.50000000000003 14.500000000000002 1 12.500000000000002 4401.2380000000012 125.50000000000001 108.45000000000002 242.50000000000003 105.50000000000001
decision_type=9 2 2 2 2 2 2 9 2 2 2 2 2 2
left_child=1 -1 3 4 5 -3 7 8 9 11 -10 -4 -11 -2
right_child=13 2 6 -5 -6 -7 -8 -9 10 12 -12 -13 -14 -15
leaf_value=-0.85058463988861144 0.10135174725986416 0.19487047404030136 -0.53313608218437369 -1.0860866333717694 0.26998787929930129 -1.1449379140691558 0.14847519414054886 -0.3222758906556919 -0.010971229926055912 -0.11663355428768682 1.3326565281133003 -3.0703229422086062 1.2271037254483701 0.013833711326402634
leaf_weight=75 201 55 43 147 33 34 1088 510 44 147 61 30 44 1364
leaf_count=75 201 55 43 147 33 34 1088 510 44 147 61 30 44 1364
internal_value=4.64396e-05 -0.000607497 -0.00029517 -0.00412639 0.000983607 -0.00235955 0.000228775 -0.0012628 0.00118734 -0.00113636 0.00714286 -0.00945205 0.00204188 0.00100952
internal_weight=3876 2311 2236 269 122 89 1967 879 369 264 105 73 191 1565
internal_count=3876 2311 2236 269 122 89 1967 879 369 264 105 73 191 1565
cat_boundaries=0 1 2
cat_threshold=60681 17416
is_linear=0
shrinkage=0.03


Tree=418
num_leaves=15
num_cat=1
split_feature=3 8 3 6 6 1 6 9 6 6 6 6 4 6
split_gain=2.54001 5.08664 3.6164 2.9932 4.32768 4.9534 3.53463 2.60152 6.71957 4.43892 3.94645 6.49475 3.92867 4.41467
threshold=73709.108000000022 4.5000000000000009 67879.617000000013 160.50000000000003 139.50000000000003 3.5000000000000004 108.50000000000001 0 75.500000000000014 192.50000000000003 78.500000000000014 104.50000000000001 1.5000000000000002 146.50000000000003
decision_type=2 2 2 2 2 2 2 9 2 2 2 2 2 2
left_child=2 3 7 4 5 -2 -7 9 -9 10 -1 -12 -13 -14
right_child=1 -3 -4 -5 -6 6 -8 8 -10 -11 11 12 13 -15
leaf_value=-1.2814072585369423 1.9050571286199964 -0.48281558524738899 -0.98297743612249178 4.5785860598396582 -0.86082350366679972 -0.073418716419930655 0.46899218606974724 1.660518851328892 0.043281710910733864 -0.99190926577886662 0.28163690387246615 -0.046935296987444412 -0.012893621711152718 1.3471043938418676
leaf_weight=31 32 60 37 48 40 31 32 40 1698 49 124 1572 45 42
leaf_count=31 32 60 37 48 40 31 32 40 1698 49 124 1572 45 42
internal_value=0.000610667 0.00358025 0.000412314 0.00606557 0.00377778 0.00726316 0.00238095 0.000508192 0.00133867 -0.00027229 -3.30761e-05 0.00015143 -0.00034358 0.00586207
internal_weight=3881 243 3638 183 135 95 63 3601 1738 1863 1814 1783 1659 87
internal_count=3881 243 3638 183 135 95 63 3601 1738 1863 1814 1783 1659 87
cat_boundaries=0 1
cat_threshold=32289
is_linear=0
shrinkage=0.03


Tree=419
num_leaves=15
num_cat=1
split_feature=8 6 3 9 3 7 0 7 3 0 3 5 0 3
split_gain=3.35979 4.39701 4.92469 5.70677 5.70259 3.56673 3.4064 2.60347 2.9155 2.45469 2.2918 5.05602 2.29091 2.12308
threshold=1.0000000180025095e-35 119.50000000000001 7812.0905000000012 0 42394.913500000002 288.50000000000006 18.602377000000001 294.50000000000006 8208.6670000000031 13.4889165 5187.4160000000011 13.500000000000002 14.689959000000002 24766.354500000005
decision_type=2 2 2 9 2 2 2 2 2 2 2 2 2 2
left_child=1 12 10 4 6 -2 -4 8 -7 -5 11 -3 -1 -11
right_child=5 2 3 9 -6 7 -8 -9 -10 13 -12 -13 -14 -15
leaf_value=0.06385451084146325 -0.024464824014294208 2.4098954063235443 -1.0025126053532221 -0.013726887527241161 2.6611320052110794 1.5089108879868307 2.2025729270768579 -0.1004448265239148 0.10479056066403472 -1.5221546314785814 0.73902013667776711 -0.05349389203714338 1.3950388371692906 -1.3717553964835338
leaf_weight=33 3260 35 41 41 31 43 33 59 48 39 42 84 30 30
leaf_count=33 3260 35 41 41 31 43 33 59 48 39 42 84 30 30
internal_value=0.000194856 0.00266515 0.00143617 -0.00153488 0.0033913 -0.000123167 -0.000810811 0.0044 0.00758242 -0.006 0.00540373 0.00327731 0.01 -0.01
internal_weight=3849 439 376 215 105 3410 74 150 91 110 161 119 63 69
internal_count=3849 439 376 215 105 3410 74 150 91 110 161 119 63 69
cat_boundaries=0 1
cat_threshold=2124
is_linear=0
shrinkage=0.03


Tree=420
num_leaves=15
num_cat=2
split_feature=9 6 2 2 9 6 2 2 8 6 3 6 3 2
split_gain=3.02985 7.39375 5.22439 5.84167 5.12355 7.88703 7.23633 5.94195 4.56189 3.7743 5.04323 4.42003 3.704 4.22495
threshold=0 120.50000000000001 109.45000000000002 142.10000000000002 1 193.50000000000003 589.50000000000011 490.15000000000003 4.5000000000000009 177.50000000000003 17881.465000000004 169.50000000000003 84154.221000000005 207.45000000000002
decision_type=9 2 2 2 9 2 2 2 2 2 2 2 2 2
left_child=1 2 -1 -4 8 6 7 9 -3 11 -11 -6 13 -5
right_child=-2 4 3 12 5 -7 -8 -9 -10 10 -12 -13 -14 -15
leaf_value=-1.9663989363348695 0.025926022454646043 0.030677203747732164 0.13022001853590381 -0.55028358189058502 -0.046525425718550652 -1.2541674337553923 0.84282060749085874 -1.8756645897573081 2.0668286126361748 0.23631779974792494 2.1209444321182125 -0.830836256589223 -0.64346078361196535 -0.067141358354592742
leaf_weight=70 1735 223 61 71 983 46 78 38 87 125 39 159 34 174
leaf_count=70 1735 223 61 71 983 46 78 38 87 125 39 159 34 174
internal_value=-0.000160591 -0.000900819 -0.00453659 -0.003 -6.74916e-05 -0.000811908 -0.000421941 -0.0009375 0.003375 -0.000597243 0.00365854 -0.00120841 -0.00483871 -0.00355102
internal_weight=3923 2188 410 340 1778 1468 1422 1344 310 1306 164 1142 279 245
internal_count=3923 2188 410 340 1778 1468 1422 1344 310 1306 164 1142 279 245
cat_boundaries=0 1 2
cat_threshold=55593 49408
is_linear=0
shrinkage=0.03


Tree=421
num_leaves=15
num_cat=1
split_feature=8 5 7 3 9 6 7 6 5 3 7 3 3 7
split_gain=2.23635 7.76448 5.82165 6.31719 4.58776 7.07535 4.37991 5.59745 4.1166 3.44423 5.66234 3.74673 3.8068 3.70379
threshold=1.5000000000000002 12.500000000000002 255.50000000000003 15969.808000000003 0 167.50000000000003 259.50000000000006 149.50000000000003 13.500000000000002 3450.1600000000003 285.50000000000006 4491.1425000000008 5298.148000000001 198.50000000000003
decision_type=2 2 2 2 9 2 2 2 2 2 2 2 2 2
left_child=1 2 3 -1 6 8 7 -3 -6 10 13 -11 -13 -2
right_child=9 4 -4 -5 5 -7 -8 -9 -10 11 -12 12 -14 -15
leaf_value=-2.5068476383543632 0.4713725164828122 0.047649498569287511 1.9439459901760914 -0.045129662946987989 -0.53867369041895474 -0.93150855298377566 -0.016630513701079506 1.798687908901029 0.045123028552327464 0.27981610899129461 1.0184925341517463 -1.6001598943387807 0.034042848801452689 -0.30330771395969691
leaf_weight=73 70 54 30 37 85 143 113 73 499 168 43 55 1939 530
leaf_count=73 70 54 30 37 85 143 113 73 499 168 43 55 1939 530
internal_value=3.06748e-05 -0.00111111 -0.00771429 -0.0109091 -0.000155119 -0.00134328 0.00336 0.00732283 0.00010274 0.000481283 -0.00144635 0.00105458 0.000692076 -0.0022
internal_weight=3912 1107 140 110 967 727 240 127 584 2805 643 2162 1994 600
internal_count=3912 1107 140 110 967 727 240 127 584 2805 643 2162 1994 600
cat_boundaries=0 1
cat_threshold=32968
is_linear=0
shrinkage=0.03


Tree=422
num_leaves=15
num_cat=0
split_feature=3 0 0 0 0 3 5 0 5 0 7 6 7 7
split_gain=2.27656 3.66848 4.90005 3.48847 2.88608 2.87128 3.00181 3.04353 2.48766 2.46632 2.39884 6.08944 3.22965 2.2855
threshold=2124.8955000000005 6.814753500000001 9.970361500000001 30.170893000000003 25.985458500000004 3091.2000000000003 16.500000000000004 39.373733000000009 15.500000000000002 36.470135500000005 261.50000000000006 167.50000000000003 214.50000000000003 186.50000000000003
decision_type=2 2 2 2 2 2 2 2 2 2 2 2 2 2
left_child=1 -1 -3 4 -4 8 7 9 10 13 11 12 -2 -7
right_child=5 2 3 -5 -6 6 -8 -9 -10 -11 -12 -13 -14 -15
leaf_value=-0.73440140525101583 -0.55891471697353157 0.63319040185218456 0.10796837077057034 2.5473041005299866 -1.2241392010883736 0.14407545484555839 0.98793775812719442 1.9047448563506009 -1.6160695611532401 -0.58373648827583113 0.5121013864621875 -1.523897341928568 0.028797583577643306 -0.016342759102659556
leaf_weight=45 40 47 250 49 37 158 57 34 37 47 40 38 84 2934
leaf_count=45 40 47 250 49 37 158 57 34 37 47 40 38 84 2934
internal_value=3.84911e-05 0.0021028 0.00305483 0.00178571 0.000522648 -0.000216201 1.85759e-05 -0.000104003 -0.00338912 -0.000200701 -0.00207921 -0.0037037 -0.000483871 -9.70246e-05
internal_weight=3897 428 383 336 287 3469 3230 3173 239 3139 202 162 124 3092
internal_count=3897 428 383 336 287 3469 3230 3173 239 3139 202 162 124 3092
is_linear=0
shrinkage=0.03


Tree=423
num_leaves=15
num_cat=1
split_feature=3 9 7 0 7 7 6 4 6 6 0 0 3 1
split_gain=3.83158 3.37089 5.73451 4.96709 4.80026 4.63808 4.40531 4.3621 5.66835 5.30196 4.62525 4.34573 4.65336 4.19488
threshold=428.15550000000007 0 284.50000000000006 34.952504500000011 169.50000000000003 191.50000000000003 77.500000000000014 1.0000000180025095e-35 127.50000000000001 108.50000000000001 8.4006795000000007 16.427389500000004 23764.157000000003 1.5000000000000002
decision_type=2 9 2 2 2 2 2 2 2 2 2 2 2 2
left_child=-1 3 6 4 -2 -6 -3 -7 9 -9 -10 13 -13 -12
right_child=1 2 -4 -5 5 7 -8 8 10 -11 11 12 -14 -15
leaf_value=-1.1799464804476452 -1.0413588202396999 -1.2322934587014334 0.67807966777031758 -0.93363073177163636 1.2581994596787172 0.015801383784655627 0.043356828282867355 -0.52377644181038929 0.33891487643438667 0.8681349254748113 -1.4651244451949832 0.77521035999948706 -1.7062649186773773 -0.87060934365835807
leaf_weight=42 30 35 98 33 79 1649 1601 51 46 34 41 47 43 52
leaf_count=42 30 35 98 33 79 1649 1601 51 46 34 41 47 43 52
internal_value=0.000440608 0.000539203 0.00151376 -0.000269504 -8.68726e-05 8.81489e-05 0.00110024 -0.000198675 -0.00343949 0.00317647 -0.0058952 -0.00803279 -0.00333333 -0.0125806
internal_weight=3881 3839 1734 2105 2072 2042 1636 1963 314 85 229 183 90 93
internal_count=3881 3839 1734 2105 2072 2042 1636 1963 314 85 229 183 90 93
cat_boundaries=0 1
cat_threshold=15653
is_linear=0
shrinkage=0.03


Tree=424
num_leaves=15
num_cat=3
split_feature=1 9 0 3 0 9 3 3 1 3 6 0 7 9
split_gain=4.70446 4.02651 5.28528 3.51486 10.7564 5.27053 4.0676 3.71541 2.99585 4.94035 4.72316 4.679 10.0947 5.04177
threshold=14.500000000000002 0 4.5129270000000004 38166.090500000006 21.851732500000004 1 54227.311000000009 58272.344000000005 4.5000000000000009 13257.596500000001 148.50000000000003 25.780628000000004 254.50000000000003 2
decision_type=2 9 2 2 2 9 2 2 2 2 2 2 2 9
left_child=1 2 -1 -3 5 6 -5 -7 9 10 -4 13 -13 -12
right_child=-2 3 8 4 -6 7 -8 -9 -10 -11 11 12 -14 -15
leaf_value=-0.38926474632722941 -0.50806314855607526 0.025430226561093148 -0.11594865253240869 0.2813768481523084 3.6333508426091794 0.081335434672897694 -0.68172380211297756 0.71874364604381746 0.29830785160661549 -0.14440097984291184 -0.31368986306345276 3.6960709943193706 -1.1202622231590635 0.13904887626505569
leaf_weight=61 37 1409 495 45 59 50 64 63 106 792 137 67 34 525
leaf_count=61 37 1409 495 45 59 50 64 63 106 792 137 67 34 525
internal_value=0.000106491 0.00020732 -0.000633139 0.00130588 0.00437722 0.00135135 -0.00327731 0.00560976 -0.00038961 -0.000643902 0.000524642 0.00200524 0.0080198 0.00108761
internal_weight=3944 3907 2217 1690 281 222 109 113 2156 2050 1258 763 101 662
internal_count=3944 3907 2217 1690 281 222 109 113 2156 2050 1258 763 101 662
cat_boundaries=0 1 2 3
cat_threshold=44737 69888 1152
is_linear=0
shrinkage=0.03


Tree=425
num_leaves=15
num_cat=2
split_feature=3 3 6 6 3 3 9 1 9 0 6 5 0 3
split_gain=3.28278 6.02278 8.07155 9.35303 8.9179 5.72992 4.78494 5.42677 4.58098 3.98058 3.91782 4.78264 6.9579 4.98908
threshold=13300.377000000002 9896.6910000000007 166.50000000000003 155.50000000000003 11089.776000000003 10443.479000000001 0 7.5000000000000009 1 14.759772000000002 78.500000000000014 13.500000000000002 23.784892500000002 37004.689500000008
decision_type=2 2 2 2 2 2 9 2 9 2 2 2 2 2
left_child=1 8 3 5 -4 -3 -2 10 -1 -9 -8 12 13 -12
right_child=6 2 4 -5 -6 -7 7 9 -10 -11 11 -13 -14 -15
leaf_value=0.12218437999297747 0.060523044152162128 -0.11247019295643895 1.4457388113714886 -1.5719390591699403 0.76720572247480046 0.93223750478734413 -0.68296903771113193 -0.56596379644994321 -0.057747234405412656 -1.2092718971429235 -0.8612053961274091 -0.021676934293792555 -1.6071701851541047 0.69718133666250426
leaf_weight=303 561 65 53 56 65 144 33 36 1617 34 106 778 46 55
leaf_count=303 561 65 53 56 65 144 33 36 1617 34 106 778 46 55
internal_value=-1.51822e-05 0.000716457 0.00415144 0.00124528 0.010678 0.00416268 -0.00103699 -0.00218579 3.125e-05 -0.0102857 -0.00165029 -0.00130964 -0.00536232 -0.00242236
internal_weight=3952 2303 383 265 118 209 1649 1088 1920 70 1018 985 207 161
internal_count=3952 2303 383 265 118 209 1649 1088 1920 70 1018 985 207 161
cat_boundaries=0 1 2
cat_threshold=2328 82976
is_linear=0
shrinkage=0.03


Tree=426
num_leaves=15
num_cat=2
split_feature=4 8 9 6 6 4 6 2 6 2 3 9 2 3
split_gain=2.78103 3.04385 4.07326 5.34641 4.77076 4.70511 8.46047 3.98021 3.95931 5.72889 3.68549 3.65001 5.25954 4.50218
threshold=5.5000000000000009 2.5000000000000004 0 184.50000000000003 189.50000000000003 1.0000000180025095e-35 127.50000000000001 323.05000000000007 114.50000000000001 254.50000000000003 24271.930000000004 1 468.90000000000003 4306.3290000000006
decision_type=2 2 9 2 2 2 2 2 2 2 2 9 2 2
left_child=1 2 7 5 -5 11 -7 8 -1 -10 -9 13 -13 -4
right_child=-2 -3 3 4 -6 6 -8 10 9 -11 -12 12 -14 -15
leaf_value=-0.29894413202026043 0.55162981218470519 0.058283590296693999 0.085192237832181938 -3.0514933919255189 -0.13870955912516933 0.11832015902014177 -1.5727176845477198 -0.69997930844286649 0.15711840196498769 2.2753587735749492 0.22576956038378965 0.011553427028443366 1.4893290267224539 -0.34725444419708079
leaf_weight=45 60 2190 66 31 37 52 122 48 451 30 43 559 37 193
leaf_count=45 60 2190 66 31 37 52 122 48 451 30 43 559 37 193
internal_value=0.000590313 0.000491803 -0.000455076 -0.00154472 -0.00970588 -0.00102041 -0.00551724 0.00148325 0.00250951 0.00330561 -0.00428571 -0.000105263 0.00118812 -0.00301115
internal_weight=3964 3904 1714 1097 68 1029 174 617 526 481 91 855 596 259
internal_count=3964 3904 1714 1097 68 1029 174 617 526 481 91 855 596 259
cat_boundaries=0 1 2
cat_threshold=100288 24624
is_linear=0
shrinkage=0.03


Tree=427
num_leaves=15
num_cat=2
split_feature=3 0 9 9 3 3 0 0 1 8 6 6 0 5
split_gain=4.48279 8.0684 6.94947 3.56764 5.76318 6.80572 4.92208 5.19373 6.99981 9.58904 7.25462 6.51197 5.7335 5.04236
threshold=1471.3920000000003 6.814753500000001 0 1 2347.3820000000005 2670.8880000000004 37.043250000000008 14.478176500000002 1.5000000000000002 1.5000000000000002 143.50000000000003 135.50000000000003 14.028341500000002 13.500000000000002
decision_type=2 2 9 9 2 2 2 2 2 2 2 2 2 2
left_child=1 -1 -3 4 -2 -6 7 12 9 11 -11 -9 -5 -12
right_child=3 2 -4 6 5 -7 -8 8 -10 10 13 -13 -14 -15
leaf_value=-1.3497645986002373 -0.77319667323434937 -0.047118174865054242 0.99634382573637814 0.010125015565588456 0.70873244202955554 -0.024111662686359524 -1.5637054176024638 0.13474666467969654 0.68200831183996335 -0.21158357930454941 1.938219716473627 -2.0905863656028076 -1.5749030086085849 0.16766511058773631
leaf_weight=31 104 113 185 766 40 1746 47 40 365 111 125 101 46 72
leaf_count=31 104 113 185 766 40 1746 47 40 365 111 125 101 46 72
internal_value=0.000570401 0.00392097 0.00543624 0.000261016 -0.000631579 -0.000235162 0.0012656 0.00154982 0.00324324 0.000734967 0.0037013 -0.00574468 -0.000147783 0.00715736
internal_weight=3892 329 298 3563 1890 1786 1673 1626 814 449 308 141 812 197
internal_count=3892 329 298 3563 1890 1786 1673 1626 814 449 308 141 812 197
cat_boundaries=0 1 2
cat_threshold=67844 117441
is_linear=0
shrinkage=0.03


Tree=428
num_leaves=15
num_cat=1
split_feature=9 6 0 0 6 4 3 0 6 3 5 2 6 2
split_gain=2.03518 6.72025 6.1729 5.19612 4.1449 4.11106 9.59546 7.1081 4.30684 4.88566 4.29926 4.18784 4.14434 5.17442
threshold=0 66.500000000000014 37.370455500000013 37.370455500000013 78.500000000000014 1.0000000180025095e-35 91150.570000000022 10.364357000000002 97.500000000000014 43797.652500000004 13.500000000000002 160.50000000000003 145.50000000000003 236.05000000000004
decision_type=9 2 2 2 2 2 2 2 2 2 2 2 2 2
left_child=2 -2 4 -3 -1 6 8 -7 -6 10 -10 -11 13 -9
right_child=1 3 -4 -5 5 7 -8 12 9 11 -12 -13 -14 -15
leaf_value=-1.6788014119729882 1.7510497509821357 0.02582115518638602 0.93687871891248042 -2.4337515548103577 0.27381273378236642 -1.850778291552325 1.3106036025752654 -2.8435330638461438 -0.61808711639977443 -1.7140566016262653 0.0025142861066910879 -0.24846553239835201 0.31646392370870668 -0.004521537829534736
leaf_weight=35 31 1829 31 42 54 50 44 42 99 36 1377 105 112 59
leaf_count=35 31 1829 31 42 54 50 44 42 99 36 1377 105 112 59
internal_value=-4.56158e-05 0.000658996 -0.000701071 0.000432924 -0.000909091 -0.000728008 -0.00019242 -0.00422053 -0.000556553 -0.000834879 -0.000325203 -0.00617021 -0.00183099 -0.00623762
internal_weight=3946 1902 2044 1871 2013 1978 1715 263 1671 1617 1476 141 213 101
internal_count=3946 1902 2044 1871 2013 1978 1715 263 1671 1617 1476 141 213 101
cat_boundaries=0 1
cat_threshold=89729
is_linear=0
shrinkage=0.03


Tree=429
num_leaves=15
num_cat=2
split_feature=9 4 6 6 7 6 6 4 5 5 7 7 6 9
split_gain=3.1541 7.73934 5.92136 4.68452 6.36773 3.46867 4.52344 3.63256 3.01558 4.62929 3.15129 4.64579 4.06451 6.49699
threshold=0 2.5000000000000004 71.500000000000014 94.500000000000014 187.50000000000003 177.50000000000003 202.50000000000003 3.5000000000000004 12.500000000000002 11.500000000000002 284.50000000000006 242.50000000000003 152.50000000000003 1
decision_type=9 2 2 2 2 2 2 2 2 2 2 2 2 9
left_child=1 2 -1 4 -2 7 -7 -5 9 -4 11 12 13 -10
right_child=3 -3 8 5 -6 6 -8 -9 10 -11 -12 -13 -14 -15
leaf_value=-3.4238270448380081 -1.0841180736236384 -1.1580081686636641 -0.45950720479497703 -0.02054285028631625 0.35631104394952445 0.40315272171827471 -0.79561863826658052 1.5520083478005142 -1.1127374260319709 1.5027830989238202 0.19933994188235146 -0.21263097903393371 0.75563782960466142 0.048728053395466306
leaf_weight=30 30 57 33 1898 98 399 35 44 132 38 119 509 143 349
leaf_count=30 30 57 33 1898 98 399 35 44 132 38 119 509 143 349
internal_value=-0.000137966 -0.00126761 -0.000820399 0.000501193 0.00609375 0.00020202 0.00262673 -0.000339856 -0.000521542 0.00549296 -0.00086262 -0.0013504 0.000384615 -0.000935551
internal_weight=3914 1410 1353 2504 128 2376 434 1942 1323 71 1252 1133 624 481
internal_count=3914 1410 1353 2504 128 2376 434 1942 1323 71 1252 1133 624 481
cat_boundaries=0 1 2
cat_threshold=54917 133
is_linear=0
shrinkage=0.03


Tree=430
num_leaves=15
num_cat=2
split_feature=3 3 2 6 0 9 6 1 6 9 1 6 0 1
split_gain=4.08743 5.15493 4.80689 4.4051 3.61269 10.6459 10.8051 6.33963 5.90184 5.53257 5.1011 3.97696 3.88468 3.61171
threshold=67879.617000000013 73709.108000000022 272.50000000000006 157.50000000000003 27.113121000000003 0 141.50000000000003 2.5000000000000004 171.50000000000003 1 1.5000000000000002 132.50000000000003 29.029170000000004 1.5000000000000002
decision_type=2 2 2 2 2 9 2 2 2 9 2 2 2 2
left_child=4 -2 3 -3 9 6 10 13 -8 11 12 -1 -6 -7
right_child=1 2 -4 -5 5 7 8 -9 -10 -11 -12 -13 -14 -15
leaf_value=-4.8873258857676047 -0.93216933738468011 -0.60825866303021481 0.0093626076531018038 0.0074079839977309802 1.2046430550608056 -0.22709188169654906 3.8236373753174462 -1.0601225327970769 0.2454059939292938 -0.0040164742567753821 -1.0828359553009181 -0.36009466802003598 -0.023681912668403127 0.1350218904356052
leaf_weight=37 35 59 159 42 30 246 106 31 31 2743 58 242 44 65
leaf_count=37 35 59 159 42 30 246 106 31 31 2743 58 242 44 65
internal_value=-0.000366599 -0.00376271 -0.00230769 -0.00742574 -9.0834e-05 0.00201309 0.00634409 -0.00153409 0.0124818 -0.000516214 0.000454545 -0.00446367 0.00567568 -0.000289389
internal_weight=3928 295 260 101 3633 611 269 342 137 3022 132 279 74 311
internal_count=3928 295 260 101 3633 611 269 342 137 3022 132 279 74 311
cat_boundaries=0 1 2
cat_threshold=34945 129
is_linear=0
shrinkage=0.03


Tree=431
num_leaves=15
num_cat=1
split_feature=1 0 6 3 5 9 2 6 6 2 2 0 2 2
split_gain=4.13285 2.63469 9.61685 5.04119 4.42094 4.26353 5.92912 3.94948 6.044 6.39236 4.64842 10 6.21744 5.56679
threshold=14.500000000000002 32.357305500000002 164.50000000000003 9731.4915000000019 12.500000000000002 0 40.400000000000006 145.50000000000003 189.50000000000003 589.50000000000011 296.50000000000006 14.478176500000002 377.2000000000001 161.55000000000004
decision_type=2 2 2 2 2 9 2 2 2 2 2 2 2 2
left_child=1 5 3 -3 -5 -1 -7 10 9 -9 13 -12 -13 -8
right_child=-2 2 -4 4 -6 6 7 8 -10 -11 11 12 -14 -15
leaf_value=-0.010436798667224138 -1.1686954815711146 -0.032409681430735873 0.9077794876943357 -1.0803487039034849 -1.2620345688404448 0.39077114854343675 0.071382699246357789 -0.14479179691912009 0.45622204987050963 1.1933216888516107 -0.35405100438279075 -0.839097418822223 0.75592312217841928 0.78057391386573383
leaf_weight=1819 38 97 60 46 50 60 363 778 88 31 125 36 89 198
leaf_count=1819 38 97 60 46 50 60 363 778 88 31 125 36 89 198
internal_value=0.000371325 0.00046875 -0.00249012 -0.0057513 -0.010625 0.000677446 0.00172103 0.00140515 3.34448e-05 -0.000778739 0.00292232 -0.00048 0.00552 0.0044385
internal_weight=3878 3840 253 193 96 3587 1768 1708 897 809 811 250 125 561
internal_count=3878 3840 253 193 96 3587 1768 1708 897 809 811 250 125 561
cat_boundaries=0 1
cat_threshold=52673
is_linear=0
shrinkage=0.03


Tree=432
num_leaves=15
num_cat=4
split_feature=3 6 6 9 9 0 0 9 2 3 3 0 3 9
split_gain=2.74474 6.68182 3.34852 12.5408 4.90692 5.07207 4.57988 4.37006 5.6385 4.1798 5.58904 5.30355 4.57329 7.88029
threshold=862.85400000000016 163.50000000000003 169.50000000000003 0 1 22.298487500000004 8.1936115000000012 2 57.45000000000001 67879.617000000013 75939.371000000014 12.248623000000002 20327.968500000006 3
decision_type=2 2 2 9 9 2 2 9 2 2 2 2 2 9
left_child=1 -1 7 -4 -5 6 -6 8 -2 12 -11 -12 13 -9
right_child=2 -3 3 4 5 -7 -8 9 -10 10 11 -13 -14 -15
leaf_value=-0.65534125190061332 0.59731454065875822 0.67876675433956557 -1.1673990890703247 -0.08565131990836107 -0.0086790756486038838 -0.60295093232345609 0.79828697831062756 1.0166105735331483 -0.32798919457366765 -1.395105699599942 -0.71773923267259987 0.072829321822487136 0.3950628421344527 -0.0020498915971523955
leaf_weight=88 35 44 121 517 64 104 149 278 369 31 51 123 555 1376
leaf_count=88 35 44 121 517 64 104 149 278 369 31 51 123 555 1376
internal_value=0.000161332 -0.00409091 0.000310098 -0.00122513 0.00014218 0.00302752 0.00577465 0.000830376 -0.00202899 0.00131188 -0.00278049 -0.000689655 0.0016976 0.000906892
internal_weight=3905 132 3773 955 834 317 213 2818 404 2414 205 174 2209 1654
internal_count=3905 132 3773 955 834 317 213 2818 404 2414 205 174 2209 1654
cat_boundaries=0 1 2 3 4
cat_threshold=5636 10480 32865 17540
is_linear=0
shrinkage=0.03


Tree=433
num_leaves=15
num_cat=1
split_feature=9 6 2 5 3 5 0 6 3 0 0 6 5 2
split_gain=3.01983 6.54577 5.36719 5.78228 7.6803 8.59663 5.03048 7.18286 4.31886 3.9347 6.4584 6.13573 7.51359 5.15956
threshold=0 105.50000000000001 81.500000000000014 13.500000000000002 5298.148000000001 14.500000000000002 16.597970000000004 172.50000000000003 13397.793000000001 22.125774500000002 18.694475500000006 176.50000000000003 14.500000000000002 43.500000000000007
decision_type=9 2 2 2 2 2 2 2 2 2 2 2 2 2
left_child=2 8 3 -1 -5 -6 7 -7 -2 10 -3 12 -12 -11
right_child=1 9 -4 4 5 6 -8 -9 -10 13 11 -13 -14 -15
leaf_value=-2.0569277107822699 0.80054498268229168 0.0053090984719597143 -0.11961599337226743 -0.044066996859411345 1.5660374495011604 2.8810905488827325 -0.71925749495210534 -0.14623965627192434 0.061918567579854193 -2.5537716799175314 -0.36168040007068836 3.1971713892489286 2.0260248269976353 -0.11378108636721662
leaf_weight=65 52 1271 1120 132 55 31 33 32 72 35 122 39 128 709
leaf_count=65 52 1271 1120 132 55 31 33 32 72 35 122 39 128 709
internal_value=-0.000107803 0.000541427 -0.00117727 0.00206897 0.00392226 0.00854305 0.003125 0.00809524 0.00725806 0.000182292 0.00103846 0.00508651 0.00336 -0.0016129
internal_weight=3896 2428 1468 348 283 151 96 63 124 2304 1560 289 250 744
internal_count=3896 2428 1468 348 283 151 96 63 124 2304 1560 289 250 744
cat_boundaries=0 1
cat_threshold=53713
is_linear=0
shrinkage=0.03


Tree=434
num_leaves=15
num_cat=1
split_feature=9 3 1 7 6 6 3 6 3 6 7 3 6 3
split_gain=3.15156 3.34916 3.44088 2.89655 6.43646 8.4833 5.88996 5.77616 7.83429 5.97239 6.45834 5.14803 5.41552 6.55626
threshold=0 177052.19950000002 7.5000000000000009 257.50000000000006 111.50000000000001 175.50000000000003 20327.968500000006 170.50000000000003 26531.549500000005 179.50000000000003 272.50000000000006 22143.343000000004 183.50000000000003 2466.0780000000004
decision_type=9 2 2 2 2 2 2 2 2 2 2 2 2 2
left_child=3 2 -2 4 6 -6 -1 8 -5 10 -9 12 -11 -14
right_child=1 -3 -4 7 5 -7 -8 9 -10 11 -12 -13 13 -15
leaf_value=-0.69949712806932662 0.01700139353762779 0.64740383447409833 -1.2017929285304307 -1.8997837356039615 0.38424990798667746 -1.6989688973178589 0.031011345415847699 1.4924038236290653 0.052603847078472654 -0.89874516568964957 -0.052496104663323419 -0.87616956276875613 -1.1936522427953149 0.48569168399519186
leaf_weight=146 2552 33 39 106 547 63 102 37 42 33 35 52 31 117
leaf_count=146 2552 33 39 106 547 63 102 37 42 33 35 52 31 117
internal_value=-9.91105e-05 0.000501139 0.000382092 -0.00129447 -0.00027972 0.00137705 -0.00435484 -0.00324503 -0.00810811 -0.000885246 0.00666667 -0.00321888 -0.000828729 0.00162162
internal_weight=3935 2624 2591 1311 858 610 248 453 148 305 72 233 181 148
internal_count=3935 2624 2591 1311 858 610 248 453 148 305 72 233 181 148
cat_boundaries=0 1
cat_threshold=50641
is_linear=0
shrinkage=0.03


Tree=435
num_leaves=15
num_cat=2
split_feature=9 7 6 0 9 7 6 6 6 6 2 6 6 7
split_gain=5.14363 4.16168 3.27862 3.34709 8.57306 5.96619 3.14558 6.88802 4.30432 5.58275 3.13242 3.1184 5.6798 2.91499
threshold=0 278.50000000000006 203.50000000000003 7.5820965000000013 1 239.50000000000003 142.50000000000003 120.50000000000001 156.50000000000003 167.50000000000003 490.15000000000003 121.50000000000001 134.50000000000003 214.50000000000003
decision_type=9 2 2 2 9 2 2 2 2 2 2 2 2 2
left_child=1 10 3 4 5 -2 7 -6 -8 -10 11 -1 -13 -14
right_child=2 -3 -4 -5 6 -7 8 -9 9 -11 -12 12 13 -15
leaf_value=-0.39820878202796389 -1.6001310563445486 0.31458883568731832 -0.75162857746254874 0.019882875230600804 0.21684222407700643 -0.24622574437243427 0.61934775559938315 -0.39368929000547381 -0.80504158048089036 0.585314375187724 -0.67507744992356378 1.5568713588476588 -1.3518106942133237 -0.1149330721021397
leaf_weight=109 31 47 32 2902 57 102 48 41 37 62 42 51 30 335
leaf_count=109 31 47 32 2902 57 102 48 41 37 62 42 51 30 335
internal_value=-0.000290372 -0.00278846 0.000180614 0.00027439 -0.00238095 -0.00818182 0.00105882 -0.00306122 0.00387755 0.00030303 -0.00354497 -0.00291429 -0.00173077 -0.0030411
internal_weight=3926 614 3312 3280 378 133 245 98 147 99 567 525 416 365
internal_count=3926 614 3312 3280 378 133 245 98 147 99 567 525 416 365
cat_boundaries=0 1 2
cat_threshold=17985 104576
is_linear=0
shrinkage=0.03


Tree=436
num_leaves=15
num_cat=2
split_feature=1 1 1 9 3 8 0 0 0 8 0 9 6 2
split_gain=2.99077 5.4 2.82888 2.52191 5.61511 4.00523 5.5194 8.38383 5.58908 3.49987 4.36559 3.76609 4.18163 4.9384
threshold=10.500000000000002 14.500000000000002 7.5000000000000009 0 38166.090500000006 1.0000000180025095e-35 29.198172000000003 28.134571500000003 24.891315000000002 4.5000000000000009 33.958348000000008 1 177.50000000000003 284.50000000000006
decision_type=2 2 2 9 2 2 2 2 2 2 2 9 2 2
left_child=2 -2 3 4 5 -1 7 8 -7 -5 11 -11 13 -13
right_child=1 -3 -4 9 -6 6 -8 -9 -10 10 -12 12 -14 -15
leaf_value=0.82991447737534829 0.74997169575025957 -0.21068370269787351 -0.90812302417829072 0.017411868806573239 -0.23913133502779146 0.04823618157565647 2.509218804622519 -1.9835183715670108 1.6169011681868914 -0.17370745817057923 -0.65003495599012695 -0.5685711253373642 1.0889840813858291 2.7403327782223958
leaf_weight=82 30 30 38 2085 149 689 59 33 54 305 42 204 51 49
leaf_count=82 30 30 38 2085 149 689 59 33 54 305 42 204 51 49
internal_value=0.000353846 0.007 0.00025 0.000331405 0.00156134 0.00245365 0.00183234 0.00115979 0.00181696 -0.00015295 -0.00207373 -0.00142857 0.000955414 -0.000592885
internal_weight=3900 60 3840 3802 1066 917 835 776 743 2736 651 609 304 253
internal_count=3900 60 3840 3802 1066 917 835 776 743 2736 651 609 304 253
cat_boundaries=0 1 2
cat_threshold=51104 12372
is_linear=0
shrinkage=0.03


Tree=437
num_leaves=15
num_cat=3
split_feature=0 9 1 2 9 6 0 6 0 7 0 6 9 2
split_gain=3.38456 4.87088 6.42986 5.02863 4.78855 4.76715 6.82849 6.48811 5.29468 3.89565 3.75233 6.17437 6.83455 6.12949
threshold=7.5820965000000013 0 1.5000000000000002 144.40000000000003 1 168.50000000000003 21.684185000000003 178.50000000000003 10.364357000000002 239.50000000000003 22.683956000000006 127.50000000000001 2 46.500000000000007
decision_type=2 9 2 2 9 2 2 2 2 2 2 2 9 2
left_child=1 -1 -3 -4 5 6 8 -7 -2 -5 11 -6 13 -13
right_child=4 2 3 9 10 7 -8 -9 -10 -11 -12 12 -14 -15
leaf_value=-0.41037158773400106 0.060633309387449118 0.12554718553771466 -0.70015519819641547 -0.71283023984935534 0.15527077558096833 1.6333052322815229 0.65407301094647208 -0.021607773083424035 -1.3645786681719152 0.16362849102959784 -0.064608855593195361 1.3735510270646865 -0.078791421112700849 0.13481735763356936
leaf_weight=122 47 218 39 36 433 31 88 43 186 69 960 53 1061 509
leaf_count=122 47 218 39 36 433 31 88 43 186 69 960 53 1061 509
internal_value=-7.70218e-06 -0.00235537 -0.000483871 -0.00541667 0.000325418 -0.00274074 -0.00439252 0.00405405 -0.00708155 -0.002 0.000733642 0.00145914 0.000609982 0.00325175
internal_weight=3895 484 362 144 3411 395 321 74 233 105 3016 2056 1623 562
internal_count=3895 484 362 144 3411 395 321 74 233 105 3016 2056 1623 562
cat_boundaries=0 1 2 3
cat_threshold=35008 17665 98920
is_linear=0
shrinkage=0.03


Tree=438
num_leaves=15
num_cat=0
split_feature=4 2 3 6 7 8 7 3 8 3 5 6 6 7
split_gain=3.51113 1.73719 3.51278 5.75223 6.70177 5.89249 5.43491 3.10913 5.04327 2.84865 2.7655 2.37042 2.71896 3.96193
threshold=5.5000000000000009 130.50000000000003 22143.343000000004 178.50000000000003 218.50000000000003 3.5000000000000004 240.50000000000003 88600.909000000014 1.5000000000000002 32453.678500000005 14.500000000000002 192.50000000000003 174.50000000000003 245.50000000000003
decision_type=2 2 2 2 2 2 2 2 2 2 2 2 2 2
left_child=1 2 -1 4 -4 6 -6 11 -9 -5 -10 12 -3 -14
right_child=-2 7 3 9 5 -7 -8 8 10 -11 -12 -13 13 -15
leaf_value=0.042676313046847554 0.64546076260958674 -0.078667046292755449 1.2742923190694739 -0.39205654049487404 -1.8633062040215553 -2.5049788697476445 0.13937923760800003 -0.5802974083257072 0.73177433813817061 1.3701462570809768 0.026641611391769401 -0.7663587704024416 -0.70175246923793111 0.29053649832180323
leaf_weight=1535 58 1643 57 31 37 62 51 37 37 30 56 53 34 174
leaf_count=1535 58 1643 57 31 37 62 51 37 37 30 56 53 34 174
internal_value=-8.4724e-05 -0.000195465 0.000482529 -0.00268657 -0.00507246 -0.0084 -0.00340909 -0.00079646 0.00369231 0.00540984 0.00741935 -0.00110294 -0.000923825 0.00230769
internal_weight=3895 3837 1803 268 207 150 88 2034 130 61 93 1904 1851 208
internal_count=3895 3837 1803 268 207 150 88 2034 130 61 93 1904 1851 208
is_linear=0
shrinkage=0.03


Tree=439
num_leaves=15
num_cat=0
split_feature=6 2 8 2 6 2 2 3 1 6 3 3 6 3
split_gain=2.99684 3.82609 3.56656 2.22667 6.39926 8.68734 6.51263 5.82126 8.31207 4.56338 9.53963 6.38907 4.67462 4.28417
threshold=195.50000000000003 91.500000000000014 3.5000000000000004 63.45000000000001 172.50000000000003 46.500000000000007 37.500000000000007 22143.343000000004 1.5000000000000002 165.50000000000003 1609.1135000000002 661.22350000000017 175.50000000000003 5298.148000000001
decision_type=2 2 2 2 2 2 2 2 2 2 2 2 2 2
left_child=3 -2 -3 4 7 6 -6 8 13 11 12 -5 -11 -1
right_child=1 2 -4 9 5 -7 -8 -9 -10 10 -12 -13 -14 -15
leaf_value=-0.24312803007210504 1.0769033141661748 0.62526059667831413 -0.69811510294099088 -0.65870824548652196 -2.9093675592662973 -1.7474829520285822 1.8851276886656068 -1.6689868576500406 0.56182123528056993 2.048848302540955 0.092736600559333054 0.0068996759980859673 1.4273957495291778 0.35137444498454212
leaf_weight=156 66 34 38 57 31 100 41 37 37 37 751 2401 39 135
leaf_count=156 66 34 38 57 31 100 41 37 37 37 751 2401 39 135
internal_value=0.000439394 0.00478261 0 0.000282575 -0.00150838 -0.00627907 0.00166667 0.000739726 0.0020122 0.000575342 0.00250302 -7.32303e-05 0.0126316 0.000309278
internal_weight=3960 138 72 3822 537 172 72 365 328 3285 827 2458 76 291
internal_count=3960 138 72 3822 537 172 72 365 328 3285 827 2458 76 291
is_linear=0
shrinkage=0.03


Tree=440
num_leaves=15
num_cat=2
split_feature=2 9 7 7 0 9 0 0 0 2 6 2 6 0
split_gain=3.72463 5.29554 4.52598 4.86502 4.58748 4.34065 5.23117 8.27219 6.62879 6.44669 5.5858 4.76301 5.31915 4.10227
threshold=114.45000000000002 0 252.50000000000003 237.50000000000003 19.719260500000001 1 22.683956000000006 20.395902500000002 32.584254000000008 267.50000000000006 140.50000000000003 248.15000000000003 148.50000000000003 17.234947000000002
decision_type=2 9 2 2 2 9 2 2 2 2 2 2 2 2
left_child=1 2 3 4 -1 -2 7 -7 -8 10 -10 12 -9 -4
right_child=5 -3 13 -5 -6 6 8 11 9 -11 -12 -13 -14 -15
leaf_value=-0.097120060288029886 -0.19282100792300638 0.021086333657121939 0.11649607300574018 1.0230146102598416 3.5597593524560716 0.008425605204923841 -0.43686050055698161 -1.1925548257219087 -0.089112929236916896 -0.39544325385194951 1.9492457360956494 3.1592824889949953 2.9057632404094509 -0.88443024491851474
leaf_weight=71 430 1251 110 66 46 1130 440 49 35 34 51 85 45 50
leaf_count=71 430 1251 110 66 46 1130 440 49 35 34 51 85 45 50
internal_value=0.000315952 0.00143036 0.00467422 0.00803279 0.00435897 -0.00045672 0.000175625 0.00121467 -0.00225 0.004 0.00837209 0.0072067 0.00255319 0.001125
internal_weight=3893 1594 343 183 117 2299 1869 1309 560 120 86 179 94 160
internal_count=3893 1594 343 183 117 2299 1869 1309 560 120 86 179 94 160
cat_boundaries=0 1 2
cat_threshold=49808 17989
is_linear=0
shrinkage=0.03


Tree=441
num_leaves=15
num_cat=0
split_feature=4 3 3 2 5 1 6 2 3 1 6 6 0 0
split_gain=3.49314 2.67225 4.44118 7.40041 4.41165 4.45453 7.31855 3.95877 5.28172 4.1866 3.26786 2.84299 2.74076 3.9997
threshold=9.5000000000000018 53546.496500000001 38166.090500000006 495.60000000000008 13.500000000000002 2.5000000000000004 144.50000000000003 144.40000000000003 56167.680000000008 7.5000000000000009 145.50000000000003 67.500000000000014 25.780628000000004 18.440879500000005
decision_type=2 2 2 2 2 2 2 2 2 2 2 2 2 2
left_child=1 2 11 4 -4 10 -7 -3 -9 12 -6 -1 13 -10
right_child=-2 7 3 -5 5 6 -8 8 9 -11 -12 -13 -14 -15
leaf_value=1.8165030713430224 1.113359816990195 -1.2933344482258327 2.9171585556104396 -0.51271498142823924 -1.2652827194720702 2.1000687183380569 0.052145634648747996 -0.63061883713260158 0.224197959399105 -0.49798635163384458 1.2606135205405531 0.0032399342151961719 1.5922415801562011 -0.79272076120993007
leaf_weight=41 33 63 36 33 34 32 30 36 130 59 35 3299 31 69
leaf_count=41 33 63 36 33 34 32 30 36 130 59 35 3299 31 69
internal_value=0.000280232 0.000198574 0.000457627 0.0048 0.00736527 0.00480916 0.0106452 -0.00216495 -0.000830769 0.000519031 -0.000434783 0.000197605 0.00234783 0.00105528
internal_weight=3961 3928 3540 200 167 131 62 388 325 289 69 3340 230 199
internal_count=3961 3928 3540 200 167 131 62 388 325 289 69 3340 230 199
is_linear=0
shrinkage=0.03


Tree=442
num_leaves=15
num_cat=1
split_feature=7 6 6 2 3 9 0 0 0 7 6 0 0 3
split_gain=3.47108 5.58193 8.20007 3.98461 4.62857 4.51233 9.92234 6.42323 7.82595 6.18757 7.67957 4.55544 4.09117 5.02708
threshold=191.50000000000003 87.500000000000014 135.50000000000003 920.25000000000011 54227.311000000009 0 4.5129270000000004 34.952504500000011 29.332569500000002 216.50000000000003 156.50000000000003 27.971901000000006 29.448273000000004 12295.035000000002
decision_type=2 2 2 2 2 9 2 2 2 2 2 2 2 2
left_child=1 -1 -3 5 -5 6 -2 8 11 10 -8 -7 -11 -14
right_child=3 2 -4 4 -6 7 9 -9 -10 12 -12 -13 13 -15
leaf_value=-0.19115751579557466 1.6191348116943902 1.2320466807981596 -0.28485357509112419 -0.18121593246566589 0.28017077664791712 -0.038307360603173489 -0.039715632784366336 -1.4153963974549697 2.2660170493446321 0.29705485010053506 -1.9862108806850209 -0.65052854234221735 0.10623059511704014 -1.1285827533017687
leaf_weight=64 45 180 51 35 35 2543 192 31 145 396 43 68 65 36
leaf_count=64 45 180 51 35 35 2543 192 31 145 396 43 68 65 36
internal_value=2.29066e-05 0.00315254 0.00532468 -0.00023115 0.00685714 -0.00037037 0.00163914 -0.000933143 -0.000783745 0.000819672 -0.00319149 -0.00116047 0.0027163 -0.00267327
internal_weight=3929 295 231 3634 70 3564 777 2787 2756 732 235 2611 497 101
internal_count=3929 295 231 3634 70 3564 777 2787 2756 732 235 2611 497 101
cat_boundaries=0 1
cat_threshold=82184
is_linear=0
shrinkage=0.03


Tree=443
num_leaves=15
num_cat=3
split_feature=2 3 8 9 7 7 0 0 7 3 9 9 8 2
split_gain=3.18548 11.2336 6.03896 5.94031 6.4428 11.1021 10.0006 8.88642 6.5918 4.74017 6.46397 4.87495 5.13441 4.59778
threshold=105.50000000000001 25982.896000000004 2.5000000000000004 0 254.50000000000003 239.50000000000003 8.4006795000000007 17.153512500000001 223.50000000000003 20678.645000000004 1 2 5.5000000000000009 168.40000000000003
decision_type=2 2 2 9 2 2 2 2 2 2 9 9 2 2
left_child=1 3 -3 4 5 6 -1 8 -8 11 13 -2 -13 -11
right_child=9 2 -4 -5 -6 -7 7 -9 -10 10 -12 12 -14 -15
leaf_value=-0.81637071940905115 0.032853255974752076 -0.043743653652144304 -1.572997542614786 0.32628361557851404 0.15119100282115142 -1.2885314363446843 0.96536879905257367 -0.010207584006641355 2.2425827948203607 -0.71274973287406285 0.20382423145794745 -0.25146866163761783 0.18301404707830443 0.025509706862887924
leaf_weight=39 782 62 70 622 283 116 34 196 32 122 413 654 83 420
leaf_count=39 782 62 70 622 283 116 34 196 32 122 413 654 83 420
internal_value=0.000412424 0.00152682 -0.00681818 0.00236006 0.000422535 -0.00194245 0.00109635 0.00320611 0.0127273 -0.000242522 0.00141361 -0.00128374 -0.00301205 -0.00076087
internal_weight=3928 1454 132 1322 700 417 301 262 66 2474 955 1519 737 542
internal_count=3928 1454 132 1322 700 417 301 262 66 2474 955 1519 737 542
cat_boundaries=0 1 2 3
cat_threshold=77929 122048 117920
is_linear=0
shrinkage=0.03


Tree=444
num_leaves=15
num_cat=0
split_feature=7 0 0 2 1 2 7 0 0 6 2 0 6 5
split_gain=2.93825 3.5948 6.40191 2.4 2.2256 2.72457 2.02585 5.84629 9.51054 7.17283 5.32428 5.32314 6.32476 5.64727
threshold=289.50000000000006 9.8219325000000008 18.846241000000003 130.50000000000003 14.500000000000002 1040.5000000000002 243.50000000000003 31.344886000000006 25.985458500000004 156.50000000000003 37.500000000000007 13.4889165 160.50000000000003 14.500000000000002
decision_type=2 2 2 2 2 2 2 2 2 2 2 2 2 2
left_child=4 3 -3 -2 5 6 -1 8 9 -8 -11 12 -12 -13
right_child=1 2 -4 -5 -6 -7 7 -9 -10 10 11 13 -14 -15
leaf_value=-0.024549655513613971 2.4582726977452154 -0.72261089724588601 0.61449906812939836 0.06443213478660198 -0.22436284542923204 -0.82652498245423089 0.12694358738745223 2.0327165751580787 -1.1906824598638741 -1.2212708359707227 -1.2962146172655729 -0.057964890847653119 -0.046860148236154371 1.4919003509568245
leaf_weight=2110 30 43 40 30 37 38 496 58 79 36 35 260 384 214
leaf_count=2110 30 43 40 30 37 38 496 58 79 36 35 260 384 214
internal_value=0.00018509 0.00440559 0.000361446 0.01 2.40192e-05 9.7035e-05 0.000179739 0.00099872 0.000638298 0.0012 -0.000355221 0.000100784 -0.00236277 0.00227848
internal_weight=3890 143 83 60 3747 3710 3672 1562 1504 1425 929 893 419 474
internal_count=3890 143 83 60 3747 3710 3672 1562 1504 1425 929 893 419 474
is_linear=0
shrinkage=0.03


Tree=445
num_leaves=15
num_cat=0
split_feature=2 6 2 6 6 5 5 0 0 8 0 0 0 0
split_gain=3.86204 4.9421 5.13229 12.6707 4.54582 3.87879 3.68987 7.86094 5.62554 6.22433 5.57938 5.3599 8.38356 3.79115
threshold=194.55000000000004 81.500000000000014 175.10000000000002 158.50000000000003 125.50000000000001 14.500000000000002 14.500000000000002 24.245028500000004 23.092631500000003 1.5000000000000002 14.392338500000003 8.5029650000000014 7.0913760000000012 31.136494500000001
decision_type=2 2 2 2 2 2 2 2 2 2 2 2 2 2
left_child=1 -1 -3 4 -4 -5 7 -2 10 -10 11 12 -8 -9
right_child=6 2 3 5 -6 -7 8 13 9 -11 -12 -13 -14 -15
leaf_value=1.1241471396251517 -0.29400934434333292 0.003272903905624389 0.082851805548521035 0.61029425454514463 2.0243455561229791 -0.95323233291557241 -0.5118832135281991 0.58735484337702015 0.14065367493309167 -1.3813351613624263 0.90143174757404032 -0.41515333221300121 0.82561192617946744 -0.18648446230475654
leaf_weight=31 489 2284 31 33 68 33 79 95 41 117 312 191 37 68
leaf_count=31 489 2284 31 33 68 33 79 95 41 117 312 191 37 68
internal_value=-3.8373e-05 0.000677419 0.000526746 0.00563636 0.0124242 -0.00454545 -0.00128062 -0.00294479 0.00011583 -0.00493671 0.00140549 -0.0014658 0.00362069 0.00276074
internal_weight=3909 2480 2449 165 99 66 1429 652 777 158 619 307 116 163
internal_count=3909 2480 2449 165 99 66 1429 652 777 158 619 307 116 163
is_linear=0
shrinkage=0.03


Tree=446
num_leaves=15
num_cat=1
split_feature=9 6 3 3 7 7 3 3 7 3 7 7 7 5
split_gain=5.15912 6.19008 5.71011 6.67177 4.71817 9.64616 6.11311 6.97479 4.9354 3.99641 3.76829 4.31894 3.80864 2.96828
threshold=0 67.500000000000014 1996.2930000000003 1032.7680000000003 221.50000000000003 227.50000000000003 9896.6910000000007 8521.5230000000029 191.50000000000003 12715.463000000002 273.50000000000006 260.50000000000006 244.50000000000003 15.500000000000002
decision_type=9 2 2 2 2 2 2 2 2 2 2 2 2 2
left_child=1 -1 3 -3 8 -6 7 10 -4 -8 11 12 -7 -2
right_child=13 2 4 -5 5 6 9 -9 -10 -11 -12 -13 -14 -15
leaf_value=2.2298208474138708 0.010197884183253335 -0.064537323050005854 0.010301025178306417 0.86112186243174849 0.94673670000776378 -0.9926948852803843 0.68695896124949629 -1.9046074962917088 -1.0479026581011543 -0.022576808149044607 0.17715530844086855 -2.0220101932156491 0.035905876295394136 0.30466479917963624
leaf_weight=34 2653 41 66 43 50 47 30 34 160 305 50 38 42 349
leaf_count=34 2653 41 66 43 50 47 30 34 160 305 50 38 42 349
internal_value=-3.04414e-05 -0.00195789 -0.00245033 0.005 -0.00321168 -0.00181208 -0.00296703 -0.00696682 -0.00690265 -0.000447761 -0.00457627 -0.00732283 -0.00370787 0.000577689
internal_weight=3942 940 906 84 822 596 546 211 226 335 177 127 89 3002
internal_count=3942 940 906 84 822 596 546 211 226 335 177 127 89 3002
cat_boundaries=0 1
cat_threshold=5905
is_linear=0
shrinkage=0.03


Tree=447
num_leaves=15
num_cat=3
split_feature=1 8 9 5 5 0 9 9 2 2 3 2 3 3
split_gain=2.12308 2.27972 13.6567 2.78386 2.33026 5.0322 5.73842 5.41953 8.27748 4.57675 4.87423 4.49401 4.42022 5.48017
threshold=12.500000000000002 5.5000000000000009 0 15.500000000000002 14.500000000000002 24.670005000000003 1 2 162.95000000000002 58.500000000000007 42394.913500000002 40.400000000000006 44739.588000000011 30881.915000000005
decision_type=2 2 9 2 2 2 9 9 2 2 2 2 2 2
left_child=1 4 -3 -4 11 6 9 8 -7 -6 -11 -1 13 -13
right_child=-2 2 3 -5 5 7 -8 -9 -10 10 -12 12 -14 -15
leaf_value=0.44034903809841125 -0.17367254719961692 -0.32425737641084651 0.97014148704886338 -0.060177445948936564 -1.0090862442470785 3.023968405020796 0.19384803529152578 -0.93156185404903225 -0.44802242832201955 0.020015704100260337 -0.65903246471653343 -0.089404979608409568 0.2248222840895937 -0.58467882268047555
leaf_weight=60 46 228 169 34 42 68 1071 146 74 264 45 1355 209 118
leaf_count=60 46 228 169 34 42 68 1071 146 74 264 45 1355 209 118
internal_value=-0.000114533 -3.86299e-05 0.00201856 0.00746479 -0.000295481 0.000491228 0.00122363 -0.003125 0.00118421 -0.00207756 -0.000873786 -0.00106774 -0.00135553 -0.00193483
internal_weight=3929 3883 431 203 3452 1710 1422 288 142 351 309 1742 1682 1473
internal_count=3929 3883 431 203 3452 1710 1422 288 142 351 309 1742 1682 1473
cat_boundaries=0 1 2 3
cat_threshold=10485 34624 33920
is_linear=0
shrinkage=0.03


Tree=448
num_leaves=15
num_cat=2
split_feature=5 0 9 9 6 7 0 2 6 6 0 1 7 0
split_gain=1.8922 4.97278 14.2609 11.3183 8.42462 6.91895 6.51035 6.24887 6.73002 7.46343 5.40139 4.66343 4.52688 3.73367
threshold=14.500000000000002 24.359451500000002 0 1 130.50000000000003 220.50000000000003 18.755801500000004 45.500000000000007 153.50000000000003 163.50000000000003 28.515407500000006 2.5000000000000004 252.50000000000003 12.630421500000002
decision_type=2 2 9 9 2 2 2 2 2 2 2 2 2 2
left_child=1 2 -1 -3 10 -4 7 -7 13 -10 -5 -6 -8 -9
right_child=-2 3 5 4 11 6 12 8 9 -11 -12 -13 -14 -15
leaf_value=-0.54007381989154735 0.015629570997767246 1.8969402106913957 -0.2380096011656917 1.8265052581816938 -0.081178638346614207 0.90388908388803879 0.25521423945398053 0.036927748288601375 -0.72867296301517848 -0.016030641584083013 0.0054583033864628299 -1.19320335854517 2.2831786184133454 1.4464813393055191
leaf_weight=543 1946 133 218 30 293 43 59 151 61 234 49 33 64 51
leaf_count=543 1946 133 218 30 293 43 59 151 61 234 49 33 64 51
internal_value=-1.53531e-05 -0.000672783 -0.00160112 0.00178439 -0.000795181 0.000774411 0.00230769 0.000888889 -6.03622e-05 -0.00294915 0.00797468 -0.00294479 0.00853659 0.00415842
internal_weight=3908 1962 1424 538 405 881 663 540 497 295 79 326 123 202
internal_count=3908 1962 1424 538 405 881 663 540 497 295 79 326 123 202
cat_boundaries=0 1 2
cat_threshold=80001 2176
is_linear=0
shrinkage=0.03


Tree=449
num_leaves=15
num_cat=0
split_feature=0 6 0 0 6 6 7 2 2 0 7 6 5 6
split_gain=2.08747 6.32221 3.71683 5.25434 7.68278 5.13293 5.42212 2.6635 3.01878 2.45902 2.12651 5.21591 3.60231 1.96972
threshold=28.515407500000006 103.50000000000001 30.170893000000003 32.018938000000006 154.50000000000003 164.50000000000003 230.50000000000003 175.10000000000002 82.500000000000014 27.781954000000002 220.50000000000003 152.50000000000003 14.500000000000002 93.500000000000014
decision_type=2 2 2 2 2 2 2 2 2 2 2 2 2 2
left_child=9 -2 10 4 -4 6 7 8 -5 13 12 -12 -3 -1
right_child=1 2 3 5 -6 -7 -8 -9 -10 -11 11 -13 -14 -15
leaf_value=0.089755542218622392 -0.83702979570115987 -1.4786720764918253 4.4623902005667855 0.10707842717921266 -1.0002479887233722 0.74421037053927419 -0.96325083624761643 0.42950514901534687 -0.83113043667764031 0.95817163102400171 -1.2531745298594137 -0.00074949171999605824 0.6521660688296651 0.039535160414366145
leaf_weight=213 33 30 50 37 37 56 56 54 62 58 32 34 33 3140
leaf_count=213 33 30 50 37 37 56 56 54 62 58 32 34 33 3140
internal_value=0.000848408 -0.000933852 -6.23701e-05 0.00153409 0.00793103 -0.000566038 -0.00272727 0.000196078 -0.00272727 0.00111697 -0.0044186 -0.00818182 -0.00047619 0.00101103
internal_weight=3925 514 481 352 87 265 209 153 99 3411 129 66 63 3353
internal_count=3925 514 481 352 87 265 209 153 99 3411 129 66 63 3353
is_linear=0
shrinkage=0.03


Tree=450
num_leaves=15
num_cat=1
split_feature=9 0 0 0 2 1 0 7 3 2 7 3 2 2
split_gain=4.78917 6.7142 5.957 4.49862 10.3839 6.33014 5.11419 6.72239 6.58442 4.77084 5.63264 4.48663 8.16476 5.29647
threshold=0 38.074008000000006 9.5176385000000021 20.709564500000003 43.500000000000007 1.5000000000000002 19.268703000000002 253.50000000000003 10431.669000000002 67.500000000000014 259.50000000000006 2670.8880000000004 95.050000000000011 642.30000000000007
decision_type=9 2 2 2 2 2 2 2 2 2 2 2 2 2
left_child=2 11 -1 6 -5 9 -4 8 -8 -6 -11 12 -2 -13
right_child=1 -3 3 4 5 -7 7 -9 -10 10 -12 13 -14 -15
leaf_value=-0.35857090328028218 1.32259874448172 -3.7338428998243285 0.005565524222445219 -1.7074284726972517 0.96416172312764503 -0.53497378843722565 -5.1221675644285893 3.1407543739813466 2.462454305451208 0.032465320743767734 -1.1886249550050241 0.0020822014694886091 -0.006899798481661037 0.18267316784515969
leaf_weight=310 125 34 611 35 80 286 33 38 44 341 60 1643 154 116
leaf_count=310 125 34 611 35 80 286 33 38 44 341 60 1643 154 116
internal_value=-0.000122762 0.000864553 -0.00123377 -0.000471204 -0.00201995 -0.00129074 0.00123967 0.00704348 0.00194805 0.000810811 -0.000523691 0.0010893 0.00462366 0.000528709
internal_weight=3910 2072 1838 1528 802 767 726 115 77 481 401 2038 279 1759
internal_count=3910 2072 1838 1528 802 767 726 115 77 481 401 2038 279 1759
cat_boundaries=0 1
cat_threshold=101473
is_linear=0
shrinkage=0.03


Tree=451
num_leaves=15
num_cat=3
split_feature=2 9 0 0 0 9 0 2 2 6 0 5 6 9
split_gain=3.43495 4.91155 3.25078 3.27188 5.26619 3.8399 5.59317 4.7873 5.3797 4.2397 4.0452 3.18129 3.04413 4.28059
threshold=75.450000000000017 0 30.890120000000003 27.432842500000003 24.516082500000003 1 11.4810505 68.050000000000011 46.500000000000007 159.50000000000003 14.215615000000001 13.500000000000002 191.50000000000003 2
decision_type=2 9 2 2 2 9 2 2 2 2 2 2 2 9
left_child=1 -1 3 4 5 6 -3 8 11 -10 -11 -7 13 -2
right_child=12 2 -4 -5 -6 7 -8 -9 9 10 -12 -13 -14 -15
leaf_value=0.27316691390746939 -0.055092326236308505 0.039861273040936562 0.3434792836741144 -1.4061962197897355 1.3374869351705934 0.044127503023685219 -1.2953659211851403 2.097979564667555 0.29145521297511662 -2.2424208979421483 -0.029977192008286691 0.96498013897703794 -0.40306226998161493 0.049065344544357001
leaf_weight=222 1219 96 82 35 40 34 134 34 36 44 43 38 149 1714
leaf_count=222 1219 96 82 35 40 34 134 34 36 44 43 38 149 1714
internal_value=1.53061e-05 0.00171838 0.00028754 -0.000561798 6.01202e-05 -0.000849673 -0.0035 0.00188285 0.000153846 -0.00365854 -0.00724138 0.00666667 -0.000447761 -0.000235254
internal_weight=3920 838 616 534 499 459 230 229 195 123 87 72 3082 2933
internal_count=3920 838 616 534 499 459 230 229 195 123 87 72 3082 2933
cat_boundaries=0 1 2 3
cat_threshold=38288 10245 37689
is_linear=0
shrinkage=0.03


Tree=452
num_leaves=15
num_cat=2
split_feature=9 7 2 3 3 3 3 9 5 3 3 3 6 6
split_gain=3.41197 5.52421 3.5996 4.2774 4.19369 3.34807 3.22074 4.01817 3.92852 6.3318 4.3457 3.93405 5.36302 6.06237
threshold=0 191.50000000000003 944.40000000000009 125012.50950000001 91150.570000000022 5741.732500000001 40647.356000000007 1 13.500000000000002 944.08000000000004 1471.3920000000003 13257.596500000001 144.50000000000003 177.50000000000003
decision_type=9 2 2 2 2 2 2 9 2 2 2 2 2 2
left_child=1 5 3 4 -3 -1 8 -8 11 -10 -11 -2 -13 -14
right_child=6 2 -4 -5 -6 -7 7 -9 9 10 -12 12 13 -15
leaf_value=-0.011270564116981631 -0.0071292132525729813 -0.13466990292285572 0.3401527372829628 -0.86026099701968861 0.63937857148074606 1.7537463475594426 -0.058587711382858738 0.47264646620977085 -0.78755365415996714 1.2676918766878111 0.048468545830348826 0.31024360449194088 -1.9964739626541563 -0.021732106315405418
leaf_weight=30 446 1315 33 34 34 58 104 232 61 61 1325 57 94 52
leaf_count=30 446 1315 33 34 34 58 104 232 61 61 1325 57 94 52
internal_value=-3.04878e-05 -0.00114927 -0.00161017 -0.00184382 -0.00157895 0.00613636 0.000663391 0.00339286 0.000229008 0.00109883 0.00151515 -0.00171032 -0.00517241 -0.00821918
internal_weight=3936 1504 1416 1383 1349 88 2432 336 2096 1447 1386 649 203 146
internal_count=3936 1504 1416 1383 1349 88 2432 336 2096 1447 1386 649 203 146
cat_boundaries=0 1 2
cat_threshold=6661 33120
is_linear=0
shrinkage=0.03


Tree=453
num_leaves=15
num_cat=0
split_feature=2 4 8 2 0 2 6 6 0 2 2 6 0 8
split_gain=2.73499 4.14701 7.57033 4.64093 4.11315 3.67771 2.6841 5.59517 7.6923 6.24908 5.51711 5.37138 3.92572 4.30309
threshold=94.500000000000014 1.0000000180025095e-35 2.5000000000000004 92.050000000000011 4.1092625000000007 96.450000000000017 174.50000000000003 169.50000000000003 8.821455000000002 149.50000000000003 164.50000000000003 165.50000000000003 14.392338500000003 2.5000000000000004
decision_type=2 2 2 2 2 2 2 2 2 2 2 2 2 2
left_child=1 3 -3 4 -1 -2 7 11 -9 -10 -8 -7 -13 -14
right_child=5 2 -4 -5 -6 6 10 8 9 -11 -12 12 13 -15
leaf_value=0.55723013569006297 -1.808461906612099 -1.4979385980324798 0.49619328280949504 0.73797174899778384 0.05627999994065476 -0.02699113011644954 0.49610970007577859 0.42594866155316879 -2.4836403817524366 -0.2303876945394768 -0.095603677124202591 -0.10716521457220324 0.03507720184247546 2.0741476726179142
leaf_weight=38 55 56 35 37 1045 1974 194 30 35 53 228 31 34 43
leaf_count=38 55 56 35 37 1045 1974 194 30 35 53 228 31 34 43
internal_value=3.08642e-05 0.00121387 -0.00494505 0.00171429 0.00135734 -0.000504296 -0.000343249 -0.000763636 -0.00711864 -0.0115909 0.00184834 -0.000403458 0.00611111 0.00974026
internal_weight=3888 1211 91 1120 1083 2677 2622 2200 118 88 422 2082 108 77
internal_count=3888 1211 91 1120 1083 2677 2622 2200 118 88 422 2082 108 77
is_linear=0
shrinkage=0.03


Tree=454
num_leaves=15
num_cat=2
split_feature=9 6 3 3 3 0 0 6 2 2 2 4 0 9
split_gain=3.98145 11.4085 5.29053 7.20779 5.89702 6.99931 8.4731 5.85238 4.93528 4.45248 4.40656 3.57352 3.4911 3.00092
threshold=0 100.50000000000001 2589.0900000000006 1692.6670000000001 2962.7735000000007 22.298487500000004 23.784892500000002 105.50000000000001 291.25000000000006 76.500000000000014 142.10000000000002 3.5000000000000004 19.816261000000001 1
decision_type=9 2 2 2 2 2 2 2 2 2 2 2 2 9
left_child=2 12 3 9 -4 7 -7 8 10 -1 -6 13 -2 -3
right_child=1 11 4 -5 5 6 -8 -9 -10 -11 -12 -13 -14 -15
leaf_value=-0.45674785843475318 -1.2528895957387032 0.56960077903133877 -1.1986351167657447 1.3760814107125019 -0.018680914867895807 2.3259416632685292 -0.019764393019422642 -0.17508738016467987 -0.13245693950924306 0.29077338724366197 0.66386657210191058 1.5924254825297839 -0.13027218556094339 0.067129520713594959
leaf_weight=37 76 143 34 53 41 43 83 867 86 84 63 47 58 2194
leaf_count=37 76 143 34 53 41 43 83 867 86 84 63 47 58 2194
internal_value=0.000191865 0.000901899 -0.00109208 0.0037931 -0.00179951 -0.00144548 0.0052381 -0.00224219 0.00252632 -0.000247934 0.00692308 0.00138423 -0.00761194 0.00121951
internal_weight=3909 2518 1391 174 1217 1183 126 1057 190 121 104 2384 134 2337
internal_count=3909 2518 1391 174 1217 1183 126 1057 190 121 104 2384 134 2337
cat_boundaries=0 1 2
cat_threshold=13876 16640
is_linear=0
shrinkage=0.03


Tree=455
num_leaves=15
num_cat=2
split_feature=3 9 0 0 9 0 0 0 0 6 8 0 6 0
split_gain=3.53125 7.72713 11.4963 4.62144 4.30086 8.55328 10.3012 5.58864 4.51026 3.55609 6.55637 4.72984 3.55149 4.62878
threshold=54145.830000000009 0 15.060023500000002 29.198172000000003 1 4.2788670000000009 7.4535325000000006 37.370455500000013 8.5029650000000014 189.50000000000003 4.5000000000000009 11.945274500000002 142.50000000000003 35.193950500000007
decision_type=2 9 2 2 9 2 2 2 2 2 2 2 2 2
left_child=4 2 -2 -3 5 -1 -7 8 -8 12 11 -11 13 -6
right_child=1 3 -4 -5 9 6 7 -9 -10 10 -12 -13 -14 -15
leaf_value=1.0199793239785027 -2.2202674867971584 0.039529022369688388 -0.014184173221111677 -0.60362575000127205 0.058472494491870176 -0.50822465788843374 0.32574482189181481 2.0575524167392993 0.066834486589782499 0.46811124180056368 1.9797376239450886 -1.8076362598934974 -0.17845123182892678 -1.3051515711091655
leaf_weight=46 43 261 78 38 706 121 69 31 1391 30 31 31 978 38
leaf_count=46 43 261 78 38 706 121 69 31 1391 30 31 31 978 38
internal_value=0.000169579 -0.00242857 -0.00847328 0.000291262 0.000483871 0.00158273 0.00122829 0.00191147 0.00164384 -0.000526316 0.00521739 -0.000491803 -0.000836237 0.000725806
internal_weight=3892 420 121 299 3472 1658 1612 1491 1460 1814 92 61 1722 744
internal_count=3892 420 121 299 3472 1658 1612 1491 1460 1814 92 61 1722 744
cat_boundaries=0 1 2
cat_threshold=5056 84928
is_linear=0
shrinkage=0.03


Tree=456
num_leaves=15
num_cat=2
split_feature=6 9 6 7 2 9 7 6 0 6 2 2 6 0
split_gain=3.69112 9.2299 5.77958 7.78538 5.11508 5.48995 5.60487 6.92357 6.31098 5.69674 5.64301 8.02095 6.27957 5.06843
threshold=123.50000000000001 0 128.50000000000003 201.50000000000003 775.00000000000011 1 201.50000000000003 130.50000000000003 9.1326195000000023 166.50000000000003 339.95000000000005 313.50000000000006 136.50000000000003 8.2848845000000022
decision_type=2 9 2 2 2 9 2 2 2 2 2 2 2 2
left_child=1 -1 3 -2 5 -4 -7 -8 9 -9 11 12 -10 -11
right_child=2 -3 4 -5 -6 6 7 8 10 13 -12 -13 -14 -15
leaf_value=-0.25694653701463266 2.9056302464058761 0.038343151698600191 0.20453561555269062 0.056501708045841495 0.2564367926596185 -0.98494199837255558 -1.1773248802857119 -0.4210593102109112 0.60861830787756388 0.066037587293091629 -0.35851561217851668 1.1089022038794292 0.0366530244801163 -1.0123898756411358
leaf_weight=476 45 349 655 104 62 163 36 160 83 170 186 31 1348 32
leaf_count=476 45 349 655 104 62 163 36 160 83 170 186 31 1348 32
internal_value=0 -0.00178182 0.000478049 0.00624161 0.000184552 0 -0.000716539 -0.000293255 -5.97015e-05 -0.00364641 0.000728155 0.00135431 0.00102725 -0.00029703
internal_weight=3900 825 3075 149 2926 2864 2209 2046 2010 362 1648 1462 1431 202
internal_count=3900 825 3075 149 2926 2864 2209 2046 2010 362 1648 1462 1431 202
cat_boundaries=0 1 2
cat_threshold=121089 49569
is_linear=0
shrinkage=0.03


Tree=457
num_leaves=15
num_cat=2
split_feature=6 9 6 5 6 9 6 6 0 0 0 0 6 2
split_gain=4.2017 11.9249 5.81323 6.41599 4.90046 4.30125 8.59506 6.32962 4.57199 4.36795 8.70967 6.89231 4.29206 4.23246
threshold=125.50000000000001 0 128.50000000000003 14.500000000000002 104.50000000000001 1 138.50000000000003 150.50000000000003 15.060023500000002 20.194773500000004 23.673807500000006 12.558958000000002 170.50000000000003 99.500000000000014
decision_type=2 9 2 2 2 9 2 2 2 2 2 2 2 2
left_child=1 -1 -2 5 -3 6 -4 8 -8 11 -11 -9 -12 -6
right_child=2 4 3 -5 13 -7 7 9 -10 10 12 -13 -14 -15
leaf_value=-0.37522484226991309 0.93626864075020189 0.17049953165055512 0.22943964352966076 0.097297942560292089 0.62649493828358116 0.012285447289484636 -1.7774237557859669 -0.054518042036363568 -0.82408186054330146 3.0981372790578212 -0.35962509044381019 -2.2645053944397691 0.21056733049469811 -0.13432945864413567
leaf_weight=459 88 180 90 1381 58 1017 39 113 77 37 63 84 42 185
leaf_count=459 88 180 90 1381 58 1017 39 113 77 37 63 84 42 185
internal_value=5.36673e-05 -0.00176871 0.000583966 0.000356779 0.00187067 -0.000960307 -0.00308108 -0.00481319 -0.0108621 -0.00274336 0.00126761 -0.00563452 -0.00314286 -0.000864198
internal_weight=3913 882 3031 2943 423 1562 545 455 116 339 142 197 105 243
internal_count=3913 882 3031 2943 423 1562 545 455 116 339 142 197 105 243
cat_boundaries=0 1 2
cat_threshold=119041 106501
is_linear=0
shrinkage=0.03


Tree=458
num_leaves=15
num_cat=1
split_feature=1 1 9 6 2 3 2 3 0 0 8 2 2 3
split_gain=4.07495 4.95652 2.35977 3.64837 4.846 4.90862 4.24261 3.46257 3.77553 8.93926 3.93089 3.10793 7.79161 5.75191
threshold=15.500000000000002 10.500000000000002 0 127.50000000000001 234.45000000000002 32453.678500000005 372.50000000000006 5741.732500000001 11.048334500000001 15.961149500000003 3.5000000000000004 83.050000000000011 92.050000000000011 3091.2000000000003
decision_type=2 2 9 2 2 2 2 2 2 2 2 2 2 2
left_child=1 2 3 7 11 6 -6 -1 -9 -10 -11 13 -13 -5
right_child=-2 -3 -4 4 5 -7 -8 8 9 10 -12 12 -14 -15
leaf_value=-1.2251954248018138 -0.7559918163609336 0.15444861155712147 0.032067158098979004 -0.44171041473805872 1.4407882831094536 -0.58296058839086529 0.42965453497242378 1.0778597216628043 -1.9336661307732743 0.39116522734464748 -0.45233238861762853 -2.5095653141720855 -0.031204099228806396 0.49350937389039701
leaf_weight=53 33 36 2970 47 60 52 35 36 37 80 45 46 256 133
leaf_count=53 33 36 2970 47 60 52 35 36 37 80 45 46 256 133
internal_value=0.000497576 0.000586722 0.000483117 -0.000876404 0.000333863 0.00510204 0.00915789 -0.00394422 -0.00212121 -0.00407407 -0.00024 -0.00112033 -0.00298013 0.002
internal_weight=3919 3886 3850 880 629 147 95 251 198 162 125 482 302 180
internal_count=3919 3886 3850 880 629 147 95 251 198 162 125 482 302 180
cat_boundaries=0 1
cat_threshold=37921
is_linear=0
shrinkage=0.03


Tree=459
num_leaves=15
num_cat=2
split_feature=0 9 6 3 0 8 4 9 6 3 7 1 0 7
split_gain=4.57484 5.57127 6.27049 5.42074 4.37346 5.20194 3.94591 3.5271 7.80568 4.19965 3.99815 5.20289 4.68439 4.63836
threshold=12.875887000000002 0 107.50000000000001 22981.305000000004 4.5129270000000004 3.5000000000000004 3.5000000000000004 1 106.50000000000001 1471.3920000000003 181.50000000000003 2.5000000000000004 24.891315000000002 190.50000000000003
decision_type=2 9 2 2 2 2 2 9 2 2 2 2 2 2
left_child=1 2 3 -1 -4 -6 7 8 -2 -9 -10 13 -13 -12
right_child=6 -3 4 -5 5 -7 -8 9 10 -11 11 12 -14 -15
leaf_value=-0.26271209176546562 1.3230280059338679 -0.10721762887375462 1.5610355443367767 0.079569498052327381 -0.016546253535188953 0.80592999259989029 0.63543057509896694 0.68858043682536385 -0.9831048222444928 -0.015883057942188542 3.447131522347695 0.0035872159911900779 -1.5593613622136899 0.19632052054755375
leaf_weight=62 46 941 35 44 113 106 57 115 51 1324 39 94 35 842
leaf_count=62 46 941 35 44 113 106 57 115 51 1324 39 94 35 842
internal_value=0.000414959 -0.00103766 0.00210811 -0.00396226 0.00472441 0.00315068 0.00114099 0.000966222 0.00222919 -2.07039e-05 0.00172479 0.00213861 -0.00348837 0.00296254
internal_weight=3904 1301 360 106 254 219 2603 2546 1107 1439 1061 1010 129 881
internal_count=3904 1301 360 106 254 219 2603 2546 1107 1439 1061 1010 129 881
cat_boundaries=0 1 2
cat_threshold=82704 74924
is_linear=0
shrinkage=0.03


Tree=460
num_leaves=15
num_cat=1
split_feature=9 0 0 6 0 2 2 2 0 0 6 5 6 0
split_gain=4.06653 7.56674 9.9353 6.14348 5.00738 5.42714 4.13937 3.61115 3.58675 3.76001 6.8839 5.8294 4.06693 4.82771
threshold=0 37.370455500000013 29.638791000000001 114.50000000000001 3.0705205000000002 775.00000000000011 91.500000000000014 944.40000000000009 37.043250000000008 31.587555500000004 141.50000000000003 13.500000000000002 188.50000000000003 6.2789920000000006
decision_type=9 2 2 2 2 2 2 2 2 2 2 2 2 2
left_child=1 2 3 -1 -2 8 -4 -7 9 12 -11 -12 -6 -14
right_child=4 -3 6 -5 5 7 -8 -9 -10 10 11 -13 13 -15
leaf_value=-0.58372199959557058 -0.51324865061281288 0.88298369714651925 -1.8709255077851092 0.0060647700057552354 0.010086431381391776 1.6170634706227383 -0.40110248070338 0.068542570384843196 -1.0031568894645124 -0.26646144463785504 0.052953296780519847 4.7499108110325752 -0.077731344106038019 0.59733931953133379
leaf_weight=60 46 31 31 473 2655 45 71 57 57 42 47 42 33 205
leaf_count=60 46 31 31 473 2655 45 71 57 57 42 47 42 33 205
internal_value=0.000254172 -0.00186391 -0.00259843 -0.000956848 0.000694659 0.000838831 -0.0111765 0.00764706 0.000613437 0.000753968 0.00572519 0.0104494 0.000528863 0.00428571
internal_weight=3895 666 635 533 3229 3183 102 102 3081 3024 131 89 2893 238
internal_count=3895 666 635 533 3229 3183 102 102 3081 3024 131 89 2893 238
cat_boundaries=0 1
cat_threshold=67073
is_linear=0
shrinkage=0.03


Tree=461
num_leaves=15
num_cat=2
split_feature=2 9 6 5 6 3 2 2 9 2 3 3 5 3
split_gain=2.29453 5.48116 7.00779 3.82309 5.74701 3.37515 4.6748 4.35986 3.88348 3.48418 3.43396 5.03286 3.14685 3.10457
threshold=62.050000000000004 0 166.50000000000003 13.500000000000002 178.50000000000003 1471.3920000000003 103.10000000000001 129.95000000000002 1 353.00000000000006 118078.12400000003 84154.221000000005 14.500000000000002 54227.311000000009
decision_type=2 9 2 2 2 2 2 2 9 2 2 2 2 2
left_child=1 -1 -3 -4 -5 6 -2 -8 10 -9 11 13 -6 -7
right_child=5 2 3 4 12 8 7 9 -10 -11 -12 -13 -14 -15
leaf_value=-0.52228692407997868 0.94478753716929076 0.69648594485604576 -2.79026569688516 -0.17272751327576882 0.73652302176590412 -0.058589941484342489 -1.1251438353363779 0.25566134757309328 0.029500981091957781 -0.29390743535133196 -0.73489184724338885 0.8371368868668474 -0.075399403782856783 -0.75507065682182883
leaf_weight=290 89 108 33 45 33 875 32 101 2091 30 37 38 39 63
leaf_count=290 89 108 33 45 33 875 32 101 2091 30 37 38 39 63
internal_value=-6.14754e-05 -0.00186131 0.00134328 -0.0028 -0.00025641 0.00023242 0.00357143 0.000552147 -3.86598e-05 0.0029771 -0.00155425 -0.00122951 0.005 -0.00166311
internal_weight=3904 548 258 150 117 3356 252 163 3104 131 1013 976 72 938
internal_count=3904 548 258 150 117 3356 252 163 3104 131 1013 976 72 938
cat_boundaries=0 1 2
cat_threshold=11309 103457
is_linear=0
shrinkage=0.03


Tree=462
num_leaves=15
num_cat=1
split_feature=3 0 9 0 0 2 3 0 0 7 0 2 0 7
split_gain=3.93991 3.325 3.59091 4.22812 4.59236 7.42362 4.92065 7.02337 3.12015 6.25 3.08254 3.66098 2.96316 2.91624
threshold=165958.08300000001 2.3840500000000007 0 37.043250000000008 29.638791000000001 134.55000000000004 32453.678500000005 22.205218000000006 37.043250000000008 204.50000000000003 14.478176500000002 379.60000000000008 9.4258725000000023 169.50000000000003
decision_type=2 2 9 2 2 2 2 2 2 2 2 2 2 2
left_child=1 -1 3 4 6 -6 -3 10 13 -10 12 -12 -8 -4
right_child=-2 2 8 -5 5 -7 7 -9 9 -11 11 -13 -14 -15
leaf_value=-0.68361273915198639 0.15968930488713567 0.010699576346827371 -0.69504572511877538 1.2951346057719684 -1.2618601990905245 0.095911069612293426 -0.14394031924452291 1.0199353275438319 0.08163427373070363 -1.0202233865172934 -1.5792684740852951 0.055121910058386445 -1.5627613903873145 0.05380609870312128
leaf_weight=32 53 796 48 30 58 41 31 36 32 32 57 30 30 2624
leaf_count=32 53 796 48 30 58 41 31 36 32 32 57 30 30 2624
internal_value=0.000366412 0.000255352 0.000335501 -0.0010992 -0.00141798 -0.00757576 -0.000795918 -0.00521739 0.000917698 -0.005625 -0.00810811 -0.00448276 -0.0132787 0.00107784
internal_weight=3930 3877 3845 1109 1079 99 980 184 2736 64 148 87 61 2672
internal_count=3930 3877 3845 1109 1079 99 980 184 2736 64 148 87 61 2672
cat_boundaries=0 1
cat_threshold=70753
is_linear=0
shrinkage=0.03


Tree=463
num_leaves=15
num_cat=1
split_feature=1 1 1 8 6 1 1 2 6 9 6 7 7 2
split_gain=3.61084 3.42931 3.27128 2.49505 3.89277 3.69161 4.40513 6.29492 2.87782 3.82728 5.33514 5.56798 12.2342 4.60753
threshold=6.5000000000000009 10.500000000000002 7.5000000000000009 2.5000000000000004 82.500000000000014 4.5000000000000009 3.5000000000000004 254.50000000000003 94.500000000000014 0 108.50000000000001 214.50000000000003 219.50000000000003 130.50000000000003
decision_type=2 2 2 2 2 2 2 2 2 9 2 2 2 2
left_child=3 2 -2 4 -1 6 -5 -8 -6 10 -10 -12 -13 -14
right_child=1 -3 -4 5 8 -7 7 -9 9 -11 11 12 13 -15
leaf_value=-0.6225981381136807 -0.68553569540555592 -0.003865771601426786 -0.97452602920459186 0.026038587176112741 0.2600546536827244 0.4338084051054511 -1.4167370642436412 0.0014205929219997416 -0.85518975028722932 0.0019128226999441721 0.74000407173299887 -1.3743086748768347 0.049163063058194893 -0.37817449254077473
leaf_weight=42 31 69 35 1976 44 69 32 43 43 1090 69 30 165 198
leaf_count=42 31 69 35 1976 44 69 32 43 43 1090 69 30 165 198
internal_value=-0.000289634 -0.00511111 -0.01 -0.00011839 -0.000981559 0.000566038 0.000336421 -0.0068 -0.000750458 -0.000959248 -0.00308738 -0.00220779 -0.00358779 -0.00206612
internal_weight=3936 135 66 3801 1681 2120 2051 75 1639 1595 505 462 393 363
internal_count=3936 135 66 3801 1681 2120 2051 75 1639 1595 505 462 393 363
cat_boundaries=0 1
cat_threshold=12821
is_linear=0
shrinkage=0.03


Tree=464
num_leaves=15
num_cat=1
split_feature=9 0 3 6 2 0 0 6 3 3 0 0 6 6
split_gain=3.66046 3.71974 3.11727 4.92527 7.60093 3.34706 3.26474 3.10008 3.56848 7.05335 3.80061 5.83736 5.26964 7.90284
threshold=0 5.061961000000001 61892.057000000008 156.50000000000003 230.50000000000003 20.326764000000004 12.558958000000002 82.500000000000014 9151.845000000003 9169.0820000000022 9.4258725000000023 8.5029650000000014 195.50000000000003 155.50000000000003
decision_type=9 2 2 2 2 2 2 2 2 2 2 2 2 2
left_child=1 -1 7 4 -4 6 -6 -2 -9 -10 11 -11 13 -12
right_child=2 -3 3 -5 5 -7 -8 8 9 10 12 -13 -14 -15
leaf_value=-0.43709069453863664 -0.41423021295803208 -0.034261458309701995 -1.2263102403453832 0.97904604754152613 -0.010401505325407925 -1.1022587538424204 0.49508737021772387 0.0067226535855706964 1.4538557474977074 0.043148242458510136 0.31118182623012669 -0.94376774796635565 1.1036870344109844 -0.083183840081389918
leaf_weight=30 66 694 38 69 37 42 34 1439 42 235 627 59 45 443
leaf_count=30 66 694 38 69 37 42 34 1439 42 235 627 59 45 443
internal_value=0.000276923 -0.00163488 0.000715631 -0.00272727 -0.00576159 -0.00185841 0.00211268 0.00097429 0.00112111 0.00217092 0.00180979 -0.00122449 0.00260987 0.00218692
internal_weight=3900 724 3176 220 151 113 71 2956 2890 1451 1409 294 1115 1070
internal_count=3900 724 3176 220 151 113 71 2956 2890 1451 1409 294 1115 1070
cat_boundaries=0 1
cat_threshold=5125
is_linear=0
shrinkage=0.03


Tree=465
num_leaves=15
num_cat=2
split_feature=7 5 9 6 7 6 6 2 0 9 2 7 6 6
split_gain=3.12858 8.54689 5.95203 7.20699 4.93914 6.14539 9.95331 6.59341 4.72627 12.3474 6.27433 5.68711 5.17082 6.50354
threshold=257.50000000000006 16.500000000000004 0 116.50000000000001 280.50000000000006 150.50000000000003 176.50000000000003 214.40000000000003 12.449120000000002 1 348.45000000000005 255.50000000000003 108.50000000000001 156.50000000000003
decision_type=2 2 9 2 2 2 2 2 2 9 2 2 2 2
left_child=1 8 4 -4 5 -2 7 -7 9 12 -11 -10 -1 -14
right_child=2 -3 3 -5 -6 6 -8 -9 11 10 -12 -13 13 -15
leaf_value=-2.2385865420832385 -0.88602865696432442 2.4965691929734848 0.30977618168868787 0.00050186165496029383 0.028787801002572451 -0.061445875661756869 -0.70600957728507863 1.0335466585427007 0.067484814952192662 0.14166625057263105 -0.12910358310331274 2.7327026257173177 -0.0066950632627617778 -0.7281447220809355
leaf_weight=30 93 34 34 760 135 52 80 32 1913 359 77 54 145 115
leaf_count=30 93 34 34 760 135 52 80 32 1913 359 77 54 145 115
internal_value=0.000375671 0.000935094 -0.000910624 0.000597015 -0.0038806 -0.00642023 -0.00292683 0.00428571 0.00074638 -0.00132231 0.00188341 0.00150991 -0.006 -0.00484615
internal_weight=3913 2727 1186 794 392 257 164 84 2693 726 436 1967 290 260
internal_count=3913 2727 1186 794 392 257 164 84 2693 726 436 1967 290 260
cat_boundaries=0 1 2
cat_threshold=5808 40204
is_linear=0
shrinkage=0.03


Tree=466
num_leaves=15
num_cat=0
split_feature=7 5 3 7 6 0 0 2 7 6 0 7 7 2
split_gain=3.74033 6.80534 5.12304 3.35679 4.41172 4.06309 4.34942 4.82605 4.83129 14.6512 5.10563 4.29957 4.16788 3.96001
threshold=217.50000000000003 11.500000000000002 92429.416500000007 257.50000000000006 117.50000000000001 12.875887000000002 13.730037500000002 239.05000000000004 239.50000000000003 138.50000000000003 24.762381500000004 231.50000000000003 251.50000000000003 50.500000000000007
decision_type=2 2 2 2 2 2 2 2 2 2 2 2 2 2
left_child=1 -1 -3 5 -5 13 -7 -8 10 -10 11 -9 -11 -2
right_child=3 2 -4 4 -6 6 7 8 9 12 -12 -13 -14 -15
leaf_value=2.1179812395892781 0.3599595960742431 -0.10206834300075343 -1.477710761639812 0.056920122667918349 -0.057963332798690315 1.3545798066073984 0.036093639136892078 0.984535832796123 -1.4599142388459676 0.12049910472912642 -0.0039082220504451466 3.1016539388541489 1.9446666603678477 -0.068209466005345123
leaf_weight=44 45 947 31 79 1073 57 826 93 40 56 58 49 30 507
leaf_count=44 45 947 31 79 1073 57 826 93 40 56 58 49 30 507
internal_value=-0.000434562 -0.00199609 -0.00251534 0.000113285 -0.00114583 0.000936968 0.00191067 0.00151042 0.00460123 0 0.0075 0.0105634 0.00697674 -0.00119565
internal_weight=3935 1022 978 2913 1152 1761 1209 1152 326 126 200 142 86 552
internal_count=3935 1022 978 2913 1152 1761 1209 1152 326 126 200 142 86 552
is_linear=0
shrinkage=0.03


Tree=467
num_leaves=15
num_cat=1
split_feature=0 9 0 0 3 3 5 3 6 3 2 7 2 5
split_gain=4.02553 3.44076 4.99278 4.7853 4.88376 7.19928 4.52137 3.32704 6.82188 6.13079 8.85551 5.20871 5.84526 7.40377
threshold=39.373733000000009 0 29.638791000000001 26.261371000000004 1692.6670000000001 3091.2000000000003 14.500000000000002 28361.834000000006 93.500000000000014 84154.221000000005 617.00000000000011 210.50000000000003 90.450000000000017 14.500000000000002
decision_type=2 9 2 2 2 2 2 2 2 2 2 2 2 2
left_child=1 2 3 4 6 -6 -1 8 -7 -9 -11 -10 -13 -14
right_child=-2 -3 -4 -5 5 7 -8 9 11 10 -12 12 13 -15
leaf_value=0.77512223062329433 1.6848079552676654 0.030558036342852118 -0.7076378239789255 2.536616494555874 -0.85451172577040435 1.6572746674534813 -0.019705425232760945 -0.9850311923061531 -0.28460147394664315 0.97387304612593706 -0.37518622194071666 0.30287458818338564 -0.20879184499271103 0.072778892754132588
leaf_weight=39 41 2835 100 61 60 30 36 146 67 36 33 129 107 183
leaf_count=39 41 2835 100 61 60 30 36 146 67 36 33 129 107 183
internal_value=0.000161414 6.2144e-05 -0.00141755 -0.000744337 -0.0013164 -0.00201011 0.006 -0.00119015 0.000116279 -0.00432558 0.00304348 -0.000740741 0.000501193 -0.00186207
internal_weight=3903 3862 1027 927 866 791 75 731 516 215 69 486 419 290
internal_count=3903 3862 1027 927 866 791 75 731 516 215 69 486 419 290
cat_boundaries=0 1
cat_threshold=71201
is_linear=0
shrinkage=0.03


Tree=468
num_leaves=15
num_cat=0
split_feature=2 0 7 6 5 0 2 6 8 5 6 0 0 7
split_gain=2.8414 4.79954 6.65476 2.7254 2.52717 2.70447 2.45017 5.12723 2.49032 2.3711 6.24693 4.45442 6.97299 4.94624
threshold=49.500000000000007 17.325287500000005 227.50000000000003 170.50000000000003 14.500000000000002 24.245028500000004 54.45000000000001 172.50000000000003 2.5000000000000004 14.500000000000002 120.50000000000001 5.8645015000000003 5.2542115000000011 252.50000000000003
decision_type=2 2 2 2 2 2 2 2 2 2 2 2 2 2
left_child=1 2 -1 -4 5 -3 7 8 -2 -8 -11 12 13 -12
right_child=6 4 3 -5 -6 -7 9 -9 -10 10 11 -13 -14 -15
leaf_value=-1.5203906841209061 0.18619589302594816 -0.65510828008271116 0.42173264999850063 -0.00062390656663637858 -2.3824925197696074 -0.014176779683091353 -0.033555317493116944 -0.35471054764720289 1.3612396907078528 -0.1110154678096137 1.09953839003717 0.10290590071471342 -1.1142501906332836 -0.5213686450189039
leaf_weight=30 36 43 49 55 35 46 1745 34 35 374 30 1297 31 62
leaf_count=30 36 43 49 55 35 46 1745 34 35 374 30 1297 31 62
internal_value=-0.000445925 -0.00348837 0.000447761 0.00403846 -0.00774194 -0.00505618 -0.000230516 0.00428571 0.00887324 -0.00036451 0.000401338 0.00130986 -0.00414634 0
internal_weight=3902 258 134 104 124 89 3644 105 71 3539 1794 1420 123 92
internal_count=3902 258 134 104 124 89 3644 105 71 3539 1794 1420 123 92
is_linear=0
shrinkage=0.03


Tree=469
num_leaves=15
num_cat=2
split_feature=3 9 9 7 0 7 3 0 1 3 6 3 1 0
split_gain=3.06861 9.53043 5.40248 10.3744 6.73427 3.71097 2.9916 2.90954 5.28136 4.05129 2.8604 2.80644 2.74442 4.02304
threshold=38166.090500000006 0 1 191.50000000000003 37.043250000000008 169.50000000000003 661.22350000000017 21.684185000000003 4.5000000000000009 56167.680000000008 196.50000000000003 42810.897000000004 5.5000000000000009 16.080482000000003
decision_type=2 9 9 2 2 2 2 2 2 2 2 2 2 2
left_child=2 11 3 5 10 -1 -4 8 9 -3 -5 -2 -13 -14
right_child=1 7 6 4 -6 -7 -8 -9 -10 -11 -12 12 13 -15
leaf_value=-0.084811006521746321 1.4792128831499802 -0.040139290374611392 -0.2065139890413559 -0.04578701310895212 -2.1963114405681106 1.8424283165838413 0.060205439283141683 0.83862430259034904 0.059745144528726542 -1.6044766547100402 -1.1078657057101577 0.50979207477045063 -0.22804862898554004 0.16734166960469565
leaf_weight=32 41 57 32 1820 43 104 1240 61 43 46 33 261 64 49
leaf_count=32 41 57 32 1820 43 104 1240 61 43 46 33 261 64 49
internal_value=0.000382068 0.00231511 1.81598e-05 -0.000940255 -0.00151899 0.00705882 0.00154446 -0.00290323 -0.00534247 -0.00902913 -0.00124663 0.00487059 0.00417112 0.000265487
internal_weight=3926 622 3304 2032 1896 136 1272 207 146 103 1853 415 374 113
internal_count=3926 622 3304 2032 1896 136 1272 207 146 103 1853 415 374 113
cat_boundaries=0 1 2
cat_threshold=47132 14877
is_linear=0
shrinkage=0.03


Tree=470
num_leaves=15
num_cat=0
split_feature=7 8 6 0 2 2 2 0 2 7 0 0 2 2
split_gain=3.61697 2.96238 4.55978 2.09636 5.47191 5.5243 4.44574 4.38572 3.75128 4.15201 7.10652 3.82235 3.81572 3.42316
threshold=179.50000000000003 4.5000000000000009 98.500000000000014 12.875887000000002 843.70000000000016 563.50000000000011 43.500000000000007 13.179389500000001 62.050000000000004 207.50000000000003 12.558958000000002 7.6676055000000014 75.450000000000017 1040.5000000000002
decision_type=2 2 2 2 2 2 2 2 2 2 2 2 2 2
left_child=1 2 -1 4 5 6 -2 -5 -8 11 12 -10 -11 -9
right_child=3 -3 -4 7 -6 -7 8 13 9 10 -12 -13 -14 -15
leaf_value=-1.9524612897026599 0.33403273067053757 0.53534322016419422 -0.10180802083836397 1.5197606393870933 1.2229773700831357 -0.39852926559168395 -0.24308754916734643 0.012432722408062773 -0.034375116480078988 0.12975998414348622 -2.306386112720388 0.89742357547172324 -0.033862504201063071 -0.82300903776043244
leaf_weight=33 55 38 56 32 34 41 139 2454 32 88 30 68 775 30
leaf_count=33 55 38 56 32 34 41 139 2454 32 88 30 68 775 30
internal_value=-0.000453265 -0.00543307 -0.00842697 -0.000285866 -0.00128368 -0.00161238 -0.00123842 0.000214626 -0.00164311 -0.000996979 -0.00164614 0.0048 -0.00114716 7.24638e-05
internal_weight=3905 127 89 3778 1262 1228 1187 2516 1132 993 893 100 863 2484
internal_count=3905 127 89 3778 1262 1228 1187 2516 1132 993 893 100 863 2484
is_linear=0
shrinkage=0.03


Tree=471
num_leaves=15
num_cat=3
split_feature=8 3 9 3 5 3 7 9 5 6 6 3 3 9
split_gain=1.47027 4.13119 6.36154 7.3576 3.92993 3.78807 3.58736 3.25262 4.74433 4.64141 5.73903 5.20292 3.59773 3.16413
threshold=1.5000000000000002 5941.3690000000015 0 8960.4930000000022 15.500000000000002 10726.892000000002 210.50000000000003 1 13.500000000000002 196.50000000000003 177.50000000000003 3632.8315000000007 7043.1775000000007 2
decision_type=2 2 9 2 2 2 2 9 2 2 2 2 2 9
left_child=1 13 3 -3 6 -4 -5 8 -2 10 -10 -12 -13 -1
right_child=7 2 5 4 -6 -7 -8 -9 9 -11 11 12 -14 -15
leaf_value=0.69807662956854866 -0.82080915162627999 -0.93203793886288167 -1.6582518857028947 0.96337730697079216 -1.3368619422037544 -0.42826853602959541 0.054541270973625156 0.04416438387878429 -0.017692582779703796 -0.69188127840652214 1.3490375750019235 -2.0717714117321635 0.48907884334147639 -0.013111914730368426
leaf_weight=113 174 38 62 53 51 257 257 1062 1318 47 42 31 105 308
leaf_count=113 174 38 62 53 51 257 257 1062 1318 47 42 31 105 308
internal_value=-0.000382848 -0.00129061 -0.00267409 -7.33496e-05 0.00124654 -0.00574468 0.00251613 -1.07953e-05 -0.000816445 -0.00029164 0 0.00505618 0.00220588 0.00106888
internal_weight=3918 1139 718 399 361 319 310 2779 1717 1543 1496 178 136 421
internal_count=3918 1139 718 399 361 319 310 2779 1717 1543 1496 178 136 421
cat_boundaries=0 1 2 3
cat_threshold=60112 47313 103712
is_linear=0
shrinkage=0.03


Tree=472
num_leaves=15
num_cat=1
split_feature=9 7 0 0 0 0 7 6 0 0 7 2 0 4
split_gain=3.84759 5.43342 11.3352 7.68535 5.0232 8.31422 6.17143 4.91808 6.07005 5.03354 4.88352 6.93381 4.83099 5.84416
threshold=0 221.50000000000003 26.261371000000004 24.762381500000004 27.113121000000003 22.950258000000002 207.50000000000003 160.50000000000003 20.395902500000002 34.952504500000011 230.50000000000003 259.10000000000008 10.645309000000001 1.0000000180025095e-35
decision_type=9 2 2 2 2 2 2 2 2 2 2 2 2 2
left_child=4 7 3 10 5 12 -7 8 -2 -10 11 -3 13 -1
right_child=1 2 -4 -5 -6 6 -8 -9 9 -11 -12 -13 -14 -15
leaf_value=-0.10221116984894592 -0.22490949241284625 0.11101989000242213 -0.54886849921976588 1.9134700375878901 0.17447637307535616 1.2286156450082444 -1.2087680560050125 -2.1281680662607663 0.45633280850222946 -0.58842439697768212 0.044695395424330396 1.6925090514293777 0.02420320665151621 -1.0077863452113802
leaf_weight=252 348 114 157 41 330 42 168 42 227 46 1251 46 781 56
leaf_count=252 348 114 157 41 330 42 168 42 227 46 1251 46 781 56
internal_value=-7.69034e-06 0.000788782 0.001734 0.00256198 -0.00111653 -0.00196305 -0.00742857 -0.00149321 -0.000821256 0.00252747 0.00218994 0.007125 -0.000909091 -0.00409091
internal_weight=3901 2272 1609 1452 1629 1299 210 663 621 273 1411 160 1089 308
internal_count=3901 2272 1609 1452 1629 1299 210 663 621 273 1411 160 1089 308
cat_boundaries=0 1
cat_threshold=68769
is_linear=0
shrinkage=0.03


Tree=473
num_leaves=15
num_cat=3
split_feature=3 9 5 3 9 7 0 9 0 7 2 2 0 3
split_gain=4.76431 5.96486 5.99693 6.78053 5.67959 7.33388 4.62781 6.16061 4.44726 9.59186 4.28542 6.06311 6.78325 4.23973
threshold=20327.968500000006 0 14.500000000000002 47120.111000000012 1 289.50000000000006 7.3461790000000002 2 8.0770035000000018 243.50000000000003 228.40000000000003 140.05000000000004 19.369722000000007 13397.793000000001
decision_type=2 9 2 2 9 2 2 9 2 2 2 2 2 2
left_child=4 10 6 -4 5 8 -3 -8 9 -1 11 -2 -13 -6
right_child=1 2 3 -5 13 -7 7 -9 -10 -11 -12 12 -14 -15
leaf_value=-0.52117660668252086 0.051109784805732375 -0.31031826545928909 1.448379217310295 0.016106017619531485 -0.066848867986450386 1.4362679325774137 -0.055359140739335545 0.20497399050757847 0.06010920426970983 0.023273933132726368 0.081814117917500651 -1.4295889007905542 -0.036951748250812669 -0.47982017281873762
leaf_weight=46 146 42 148 117 1645 48 148 203 618 82 240 68 58 266
leaf_count=46 146 42 148 117 1645 48 148 203 618 82 240 68 58 266
internal_value=-0.000317419 0.00128205 0.00314371 0.00667925 -0.00100924 0.0011194 0.000839695 0.00196581 0.000402145 -0.0046875 -0.00114943 -0.00375 -0.00857143 -0.00188964
internal_weight=3875 1170 658 265 2705 794 393 351 746 128 512 272 126 1911
internal_count=3875 1170 658 265 2705 794 393 351 746 128 512 272 126 1911
cat_boundaries=0 1 2 3
cat_threshold=23776 98468 106497
is_linear=0
shrinkage=0.03


Tree=474
num_leaves=15
num_cat=1
split_feature=4 9 6 2 2 6 2 6 3 3 2 2 3 8
split_gain=4.85225 2.60096 4.18443 3.78207 3.93104 5.58001 3.6983 3.14262 4.26852 8.53897 4.08718 4.77607 5.46288 3.46597
threshold=9.5000000000000018 0 71.500000000000014 515.10000000000014 137.50000000000003 150.50000000000003 42.500000000000007 175.50000000000003 54227.311000000009 75939.371000000014 267.50000000000006 387.95000000000005 18540.456000000002 4.5000000000000009
decision_type=2 9 2 2 2 2 2 2 2 2 2 2 2 2
left_child=1 3 -3 4 5 -1 -7 8 10 -10 13 12 -12 -6
right_child=-2 2 -4 -5 7 6 -8 -9 9 -11 11 -13 -14 -15
leaf_value=-0.9177082437459535 0.65390645687524052 -0.95092221679478817 0.018910904005298334 -0.58670117707495306 1.1457628438131808 0.16010473224684801 -0.091389386118408994 -0.24232004753339764 -1.2867844355023748 0.13336526253965303 0.069403512399094328 0.25715074455878495 -3.0432000785643685 -0.018643497135578856
leaf_weight=220 35 38 2724 78 168 30 274 50 31 30 56 49 37 61
leaf_count=220 35 38 2724 78 168 30 274 50 31 30 56 49 37 61
internal_value=2.31899e-05 -7.80031e-05 0.000411255 -0.00131627 -0.00083499 -0.00263359 0 0.00112033 0.00194444 -0.00540984 0.00315364 -0.00084507 -0.00483871 0.00563319
internal_weight=3881 3846 2762 1084 1006 524 304 482 432 61 371 142 93 229
internal_count=3881 3846 2762 1084 1006 524 304 482 432 61 371 142 93 229
cat_boundaries=0 1
cat_threshold=70945
is_linear=0
shrinkage=0.03


Tree=475
num_leaves=15
num_cat=0
split_feature=6 0 3 0 0 6 6 8 2 7 3 6 2 0
split_gain=3.72314 5.20185 4.92273 3.71858 6.80036 2.95385 2.58326 2.95738 2.27077 2.17119 6.17376 3.58015 2.15473 1.84139
threshold=97.500000000000014 25.124023500000003 22627.978500000001 15.458598500000003 11.246637000000002 69.500000000000014 197.50000000000003 2.5000000000000004 449.50000000000006 289.50000000000006 13257.596500000001 171.50000000000003 109.45000000000002 24.891315000000002
decision_type=2 2 2 2 2 2 2 2 2 2 2 2 2 2
left_child=1 2 3 4 -1 -4 9 -8 -7 13 11 -11 -9 -2
right_child=6 -3 5 -5 -6 8 7 12 -10 10 -12 -13 -14 -15
leaf_value=0.064310432052949409 -0.012098854671947946 -0.17632649630880223 0.057483773031310643 1.5999629357320155 -2.1187896307142786 1.8726170378014761 0.18590551982656506 -0.45254060208169444 0.73746812111177173 2.090165063756761 -0.026798521048089014 0.40296000175824587 -0.96218899754484366 0.076743435105227034
leaf_weight=60 2612 30 30 40 32 47 37 38 31 30 54 37 33 756
leaf_count=60 2612 30 30 40 32 47 37 38 31 30 54 37 33 756
internal_value=0.00038014 0.00377778 0.00525 0.00136364 -0.00195652 0.01 0.000125104 -0.00444444 0.0130769 0.000266552 0.00421488 0.0102985 -0.00802817 0.000124703
internal_weight=3867 270 240 132 92 108 3597 108 78 3489 121 67 71 3368
internal_count=3867 270 240 132 92 108 3597 108 78 3489 121 67 71 3368
is_linear=0
shrinkage=0.03


Tree=476
num_leaves=15
num_cat=1
split_feature=9 7 1 0 6 0 0 0 7 7 0 7 6 6
split_gain=4.62452 5.63748 6.49996 6.41014 5.17017 4.49969 5.44988 4.48306 6.23189 5.6792 9.31927 5.09665 4.01021 5.25621
threshold=0 244.50000000000003 2.5000000000000004 14.876493000000002 105.50000000000001 21.018669500000005 19.487070000000003 11.048334500000001 256.50000000000006 262.50000000000006 16.597970000000004 272.50000000000006 160.50000000000003 148.50000000000003
decision_type=9 2 2 2 2 2 2 2 2 2 2 2 2 2
left_child=1 2 5 -4 -5 6 -1 -3 -9 -10 11 -11 13 -7
right_child=-2 7 3 4 -6 12 -8 8 9 10 -12 -13 -14 -15
leaf_value=-0.32836562787234469 0.028138764625236942 -0.078727938380536669 1.4271550262985919 -0.47914942594680154 0.45168188653981134 -0.12849168299389022 -3.1455747800834022 1.0066863745114107 -0.69367500161922402 1.4118558237058005 -0.19369627699652256 0.59995735688137186 -1.9754985318159264 0.917040454357957
leaf_weight=447 2109 179 57 46 98 299 48 176 78 31 116 42 66 114
leaf_count=447 2109 179 57 46 98 299 48 176 78 31 116 42 66 114
internal_value=-3.0722e-05 -0.00114555 -0.00237447 0.00253731 -0.000833333 -0.00338809 -0.00539394 0.00115756 0.00277652 -0.00011236 0.00269841 0.0110959 -0.00131524 -0.000217918
internal_weight=3906 1797 1175 201 144 974 495 622 443 267 189 73 479 413
internal_count=3906 1797 1175 201 144 974 495 622 443 267 189 73 479 413
cat_boundaries=0 1
cat_threshold=35608
is_linear=0
shrinkage=0.03


Tree=477
num_leaves=15
num_cat=1
split_feature=4 1 2 5 2 6 3 2 2 1 3 9 5 0
split_gain=1.95544 1.49405 2.91147 3.23232 1.95099 2.50062 1.82126 1.6749 2.32701 2.03478 3.39596 2.14637 6.32505 6.73888
threshold=9.5000000000000018 6.5000000000000009 542.60000000000014 14.500000000000002 740.50000000000011 121.50000000000001 118078.12400000003 503.10000000000008 589.50000000000011 4.5000000000000009 43797.652500000004 0 14.500000000000002 24.516082500000003
decision_type=2 2 2 2 2 2 2 2 2 2 2 9 2 2
left_child=1 4 -3 -4 6 -6 7 9 -9 11 -11 12 -1 -14
right_child=-2 2 3 -5 5 -7 -8 8 -10 10 -12 -13 13 -15
leaf_value=-0.18538946249826607 0.22597514437490304 0.095746674780027657 0.0094797029994379035 -1.0672438196187317 -0.0073438036790184919 0.80737084839807716 -0.17562413700679599 -0.57026693965431607 0.3460515530775069 1.1025457141562747 -0.035897835219788017 0.034597175284241076 0.14498791866509692 -0.28890645691800726
leaf_weight=710 32 36 30 36 32 51 36 79 51 36 30 1665 876 241
leaf_count=710 32 36 30 36 32 51 36 79 51 36 30 1665 876 241
internal_value=0.000114184 5.37222e-05 -0.00352941 -0.00727273 0.000149724 0.0046988 4.83351e-05 0.000113883 -0.00323077 0.000236088 0.00545455 0.000137457 -0.000571584 0.000832587
internal_weight=3941 3909 102 66 3807 83 3724 3688 130 3558 66 3492 1827 1117
internal_count=3941 3909 102 66 3807 83 3724 3688 130 3558 66 3492 1827 1117
cat_boundaries=0 1
cat_threshold=109569
is_linear=0
shrinkage=0.03


Tree=478
num_leaves=15
num_cat=1
split_feature=3 9 0 0 3 3 2 3 0 7 0 0 7 3
split_gain=6.10496 4.74174 5.0915 6.55913 4.18228 4.10526 3.48842 3.78524 4.61389 9.53576 6.43391 9.20193 3.2742 3.20241
threshold=96900.233000000022 0 6.4608920000000003 8.5029650000000014 118078.12400000003 177052.19950000002 428.40000000000003 2124.8955000000005 22.534478000000004 221.50000000000003 17.234947000000002 11.048334500000001 242.50000000000003 2962.7735000000007
decision_type=2 9 2 2 2 2 2 2 2 2 2 2 2 2
left_child=1 2 -1 -4 -2 -6 7 -5 9 -9 11 -11 -10 -3
right_child=4 13 3 6 5 -7 -8 8 12 10 -12 -13 -14 -15
leaf_value=-1.208243742991844 0.38542771196989634 -0.055540078690421525 0.30420086439243388 0.78570255580758386 -0.17654582441023647 0.50204471253388194 -0.53507893796389228 -0.79418843315090037 4.3432926530548519 -0.41872752502745697 -0.5208422193457124 0.75640109943451306 -0.8702926542848195 0.031584803814911307
leaf_weight=34 50 573 34 43 57 39 52 59 31 45 66 59 47 2772
leaf_count=34 50 573 34 43 57 39 52 59 31 45 66 59 47 2772
internal_value=0.000143903 -8.65007e-05 -0.002875 -0.00206422 0.00616438 0.0025 -0.00313433 -0.00205714 -0.00322476 -0.00537118 -0.00176471 0.00288462 0.00307692 0.000312966
internal_weight=3961 3815 470 436 146 96 402 350 307 229 170 104 78 3345
internal_count=3961 3815 470 436 146 96 402 350 307 229 170 104 78 3345
cat_boundaries=0 1
cat_threshold=1553
is_linear=0
shrinkage=0.03


Tree=479
num_leaves=15
num_cat=1
split_feature=9 3 2 6 2 6 3 7 5 5 2 3 3 2
split_gain=3.6137 6.71895 6.87705 5.07494 4.679 5.4688 4.00419 3.91269 3.78675 3.66903 3.40985 3.19274 6.71971 4.45614
threshold=0 944.08000000000004 35.500000000000007 98.500000000000014 435.10000000000008 104.50000000000001 67879.617000000013 227.50000000000003 12.500000000000002 13.500000000000002 278.50000000000006 40647.356000000007 32453.678500000005 104.20000000000002
decision_type=9 2 2 2 2 2 2 2 2 2 2 2 2 2
left_child=1 -1 -3 7 5 -5 11 10 -6 -4 -2 12 13 -7
right_child=3 2 9 4 8 6 -8 -9 -10 -11 -12 -13 -14 -15
leaf_value=-0.84682564117590742 0.45682886006114809 -1.9646183220472448 -0.53331232400049888 0.85292256332169691 1.9367004797897676 0.088691864512068147 -0.24227828806285287 -0.38214380570802858 0.16742142922908215 -0.00060129194411274512 -0.76736486652714575 0.90485667161494798 -2.5354707052923229 -0.058070362878995634
leaf_weight=82 51 34 214 42 30 684 67 41 101 1686 61 111 42 664
leaf_count=82 51 34 214 42 30 684 67 41 101 1686 61 111 42 664
internal_value=-0.000214834 -0.00109576 -0.000744571 0.00072479 0.00118897 0.000745342 0.000459184 -0.0045098 0.00664122 -0.000505263 -0.00160714 0.00077948 0.000388489 0.000756677
internal_weight=3910 2016 1934 1894 1741 1610 1568 153 131 1900 112 1501 1390 1348
internal_count=3910 2016 1934 1894 1741 1610 1568 153 131 1900 112 1501 1390 1348
cat_boundaries=0 1
cat_threshold=12113
is_linear=0
shrinkage=0.03


Tree=480
num_leaves=15
num_cat=1
split_feature=7 1 3 0 0 0 3 6 4 7 2 6 3 9
split_gain=2.41084 1.89868 5.16581 3.82387 6.64165 7.58934 6.08024 5.20183 4.19341 4.4948 3.76471 2.22255 7.93836 5.95523
threshold=164.50000000000003 3.5000000000000004 18860.232000000004 8.0770035000000018 14.392338500000003 18.328822000000002 61892.057000000008 148.50000000000003 1.5000000000000002 242.50000000000003 525.30000000000007 148.50000000000003 23570.357000000004 0
decision_type=2 2 2 2 2 2 2 2 2 2 2 2 2 9
left_child=-1 11 -3 -4 8 -6 7 -7 9 -5 -8 12 -2 -14
right_child=1 2 3 4 5 6 10 -9 -10 -11 -12 -13 13 -15
leaf_value=0.18763142496689397 -0.09939596988030644 0.65174254036267087 0.81367118624731571 0.12966659381921317 1.0133972097573314 2.1730729336295371 -1.3732599138920476 -0.2115176288165935 -0.54292650159827982 -0.52861286374122074 0.0011957926302477518 0.022783902542291797 0.62140694124410401 -0.0080516758989216432
leaf_weight=33 1209 30 34 33 63 41 34 30 32 49 34 1956 144 186
leaf_count=33 1209 30 34 33 63 41 34 30 32 49 34 1956 144 186
internal_value=0.000107472 3.87097e-05 0.00205263 0.00102857 0 0.00326733 -0.000647482 0.00549296 -0.00578947 -0.00219512 -0.00705882 -0.000180258 -0.00103314 0.00309091
internal_weight=3908 3875 380 350 316 202 139 71 114 82 68 3495 1539 330
internal_count=3908 3875 380 350 316 202 139 71 114 82 68 3495 1539 330
cat_boundaries=0 1
cat_threshold=76032
is_linear=0
shrinkage=0.03


Tree=481
num_leaves=15
num_cat=0
split_feature=6 0 2 6 7 6 3 8 3 3 2 2 0 8
split_gain=3.01817 6.39881 5.46578 5.40936 4.9761 3.82177 4.92431 6.89053 4.78983 4.38519 3.04374 5.00647 4.43472 3.42725
threshold=120.50000000000001 29.029170000000004 117.45000000000002 105.50000000000001 210.50000000000003 82.500000000000014 22981.305000000004 3.5000000000000004 9151.845000000003 58272.344000000005 457.55000000000007 310.50000000000006 10.489517500000002 3.5000000000000004
decision_type=2 2 2 2 2 2 2 2 2 2 2 2 2 2
left_child=1 2 -1 5 -3 -4 7 8 -7 -8 11 12 -5 -14
right_child=-2 4 3 10 -6 6 9 -9 -10 -11 -12 -13 13 -15
leaf_value=0.26212829645633745 0.01532501777728271 -0.41721280135672256 -0.18291277802459036 0.78764157725752282 -1.1139285051154297 0.029804220045671171 1.5784110226504253 0.3790905447518389 -2.0965855540975236 -0.41613855986064091 0.0054185588778932463 -1.7681545823923761 -0.10392392275997281 -1.2614095855380878
leaf_weight=127 3192 50 102 33 32 31 47 57 33 30 44 31 67 37
leaf_count=127 3192 50 102 33 32 31 47 57 33 30 44 31 67 37
internal_value=0.000130335 -0.00162275 -0.000610329 -0.00199219 -0.0095122 0.0006 0.0030303 -0.000743802 -0.0075 0.00896104 -0.00566038 -0.0075 -0.0050365 -0.00807692
internal_weight=3913 721 639 512 82 300 198 121 64 77 212 168 137 104
internal_count=3913 721 639 512 82 300 198 121 64 77 212 168 137 104
is_linear=0
shrinkage=0.03


Tree=482
num_leaves=15
num_cat=2
split_feature=9 5 2 2 3 9 3 2 2 2 2 1 2 2
split_gain=6.02106 3.68894 7.33282 5.2414 4.76743 4.67166 7.00279 4.72792 4.33018 3.90632 3.85891 4.50532 7.12752 5.14711
threshold=0 14.500000000000002 94.500000000000014 141.45000000000002 33257.720000000008 1 1187.1150000000002 52.500000000000007 201.45000000000002 129.95000000000002 239.05000000000004 6.5000000000000009 718.70000000000016 671.70000000000016
decision_type=9 2 2 2 2 9 2 2 2 2 2 2 2 2
left_child=-1 2 5 4 9 -2 -7 -8 -5 -4 -3 12 -12 -13
right_child=1 10 3 8 -6 6 7 -9 -10 -11 11 13 -14 -15
leaf_value=0.31595534837120337 -0.2352549176931302 -0.013215354850825633 -0.47748069010863103 0.16699854301531786 -2.6211434650768726 2.4312387430385796 -0.35188088399109801 0.51371098477158961 -0.095587939500156829 -0.56323146397487955 0.24677645761566167 0.059328747112936071 1.450996523931376 -1.0022106628853475
leaf_weight=552 101 1102 233 252 32 37 115 304 548 56 434 31 39 39
leaf_count=552 101 1102 233 252 32 37 115 304 548 56 434 31 39 39
internal_value=0.000224516 -0.000261026 -0.00125149 -0.00264942 -0.00588785 0.00156194 0.00283262 0.00178998 -0.00135 -0.00467128 0.00074772 0.00281768 0.00386892 -0.00428571
internal_weight=3875 3323 1678 1121 321 557 456 419 800 289 1645 543 473 70
internal_count=3875 3323 1678 1121 321 557 456 419 800 289 1645 543 473 70
cat_boundaries=0 1 2
cat_threshold=448 40961
is_linear=0
shrinkage=0.03


Tree=483
num_leaves=15
num_cat=2
split_feature=9 6 3 3 7 2 7 3 3 2 6 6 3 9
split_gain=3.81154 4.50209 4.10616 4.88526 3.94639 6.93524 5.69467 4.8139 4.40113 4.73942 3.74965 5.73383 6.6837 5.08023
threshold=0 82.500000000000014 54145.830000000009 63534.598500000007 252.50000000000003 74.500000000000014 277.50000000000006 1371.0060000000001 7636.7180000000017 173.05000000000004 104.50000000000001 121.50000000000001 7043.1775000000007 1
decision_type=9 2 2 2 2 2 2 2 2 2 2 2 2 9
left_child=2 -2 4 -4 5 -1 8 -7 -6 -10 -9 12 -12 -13
right_child=1 -3 3 -5 6 7 -8 10 9 -11 11 13 -14 -15
leaf_value=0.47869389785119892 -0.54957687500901786 0.036174023119409641 -1.5186428643165617 -0.10510903770319714 -1.2684142063518675 -1.446837989080658 0.082196419943659296 0.52474931111651124 -0.74238591300071677 0.29736429605172021 0.27723934195681749 0.44042946244419223 -2.7166425645818513 -0.7298958821106305
leaf_weight=139 45 2514 34 120 107 38 158 123 91 66 30 264 44 152
leaf_count=139 45 2514 34 120 107 38 158 123 91 66 30 264 44 152
internal_value=5.35032e-05 0.000735695 -0.00122093 -0.00584416 -0.000643564 0.000607595 -0.00298578 -0.000691244 -0.00568182 -0.00248408 -4.89396e-05 -0.00122449 -0.00891892 0.000144231
internal_weight=3925 2559 1366 154 1212 790 422 651 264 157 613 490 74 416
internal_count=3925 2559 1366 154 1212 790 422 651 264 157 613 490 74 416
cat_boundaries=0 1 2
cat_threshold=71057 65920
is_linear=0
shrinkage=0.03


Tree=484
num_leaves=15
num_cat=1
split_feature=4 7 4 3 6 7 9 5 3 3 4 6 6 7
split_gain=4.21789 2.56656 5.00678 5.67266 4.02392 4.08198 3.93687 4.49127 6.25958 5.67583 5.10888 4.96263 8.94963 6.05769
threshold=10.500000000000002 216.50000000000003 1.5000000000000002 24212.465000000004 110.50000000000001 195.50000000000003 0 15.500000000000002 32453.678500000005 37004.689500000008 1.5000000000000002 169.50000000000003 144.50000000000003 251.50000000000003
decision_type=2 2 2 2 2 2 9 2 2 2 2 2 2 2
left_child=1 2 3 -1 -5 -6 -3 8 10 -10 -8 12 -9 -14
right_child=-2 6 -4 4 5 -7 7 11 9 -11 -12 -13 13 -15
leaf_value=-0.13569349256731811 0.80152885111965533 0.28363755371963179 -1.1441620224176585 -0.32642447600909691 -0.21527021748357583 1.4387792613700765 0.00022499707021324865 -0.006109011915077644 -1.2733679680723844 -0.064781636642042034 0.56340313554302612 -0.34643570772416521 0.93519224777027377 1.6365235390655595
leaf_weight=698 32 489 44 79 42 106 1519 185 31 286 48 120 127 60
leaf_count=698 32 489 44 79 42 106 1519 185 31 286 48 120 127 60
internal_value=0.000403518 0.000312989 -0.00102167 -0.000551351 0.00356828 0.00648649 0.000764398 0.000251467 -0.000414013 -0.00425868 0.000363752 0.00280488 0.00451613 0.00914439
internal_weight=3866 3834 969 925 227 148 2865 2376 1884 317 1567 492 372 187
internal_count=3866 3834 969 925 227 148 2865 2376 1884 317 1567 492 372 187
cat_boundaries=0 1
cat_threshold=16652
is_linear=0
shrinkage=0.03


Tree=485
num_leaves=15
num_cat=2
split_feature=3 9 9 3 7 7 0 0 0 0 7 3 0 5
split_gain=3.59273 7.86064 4.42727 4.90184 4.12367 7.36899 4.19522 4.08082 3.68913 5.21152 3.61417 3.494 4.53821 4.06029
threshold=3948.7310000000002 0 1 5298.148000000001 261.50000000000006 258.50000000000006 37.043250000000008 9.4258725000000023 4.5129270000000004 5.3964650000000001 293.50000000000006 1032.7680000000003 9.8219325000000008 13.500000000000002
decision_type=2 9 9 2 2 2 2 2 2 2 2 2 2 2
left_child=1 -1 3 -2 5 6 -4 -6 -5 -10 -11 -3 -13 -14
right_child=2 11 4 8 7 -7 -8 -9 9 10 -12 12 13 -15
leaf_value=-0.07969407802778733 -1.1192741664153709 -0.0085356133320328813 0.039987618776058297 -0.27999877017080049 -0.047027750102092793 -1.4116766256654409 -0.18808132660056343 0.50151463938630059 0.94521533581880979 -0.022345417504222951 -0.24400450604240403 0.28467898977267508 -0.6996483809883205 0.64604172369121893
leaf_weight=494 91 90 1175 56 103 41 47 199 32 1172 39 108 62 211
leaf_count=494 91 90 1175 56 103 41 47 199 32 1172 39 108 62 211
internal_value=0.000244898 0.0018342 -0.000274112 -0.0015 0.000819048 7.12589e-05 0.000490998 0.00397351 -0.00103926 -0.00069992 -0.00101569 0.00455301 0.00590551 0.00384615
internal_weight=3920 965 2955 1390 1565 1263 1222 302 1299 1243 1211 471 381 273
internal_count=3920 965 2955 1390 1565 1263 1222 302 1299 1243 1211 471 381 273
cat_boundaries=0 1 2
cat_threshold=67753 46497
is_linear=0
shrinkage=0.03


Tree=486
num_leaves=15
num_cat=1
split_feature=0 4 3 3 3 9 0 0 1 7 2 3 7 7
split_gain=2.37857 1.9496 2.75023 2.6397 2.22804 2.12991 10.5877 7.1711 9.58983 7.89542 6.0904 4.37716 3.69799 4.67079
threshold=2.3840500000000007 10.500000000000002 118078.12400000003 165958.08300000001 96900.233000000022 0 21.684185000000003 8.821455000000002 4.5000000000000009 216.50000000000003 214.40000000000003 2842.2590000000005 240.50000000000003 265.50000000000006
decision_type=2 2 2 2 2 9 2 2 2 2 2 2 2 2
left_child=-1 2 4 -4 5 6 7 9 10 -2 11 -9 -13 -14
right_child=1 -3 3 -5 -6 -7 -8 8 -10 -11 -12 12 13 -15
leaf_value=-0.72140785287885023 -0.17533199383719875 0.40452380849616532 -1.1331851123794763 0.02728043987111391 0.15283981869652394 -0.015624539231378094 6.7785848081995299 1.3896462605110969 0.78099050755603794 0.84912306559823714 -1.2362506294186175 0.06483282278792557 -1.121246604038755 0.22151569382731737
leaf_weight=33 51 34 41 38 46 3180 40 32 30 109 96 79 52 32
leaf_count=33 51 34 41 38 46 3180 40 32 30 109 96 79 52 32
internal_value=-0.000161829 -9.32642e-05 -0.000156822 -0.0056962 -4.0032e-05 -0.000121589 0.00163842 0.00043659 -0.00214953 0.005625 -0.00381443 -0.000769231 -0.00276074 -0.00714286
internal_weight=3893 3860 3826 79 3747 3701 521 481 321 160 291 195 163 84
internal_count=3893 3860 3826 79 3747 3701 521 481 321 160 291 195 163 84
cat_boundaries=0 1
cat_threshold=16660
is_linear=0
shrinkage=0.03


Tree=487
num_leaves=15
num_cat=1
split_feature=9 3 3 5 0 0 3 5 0 0 0 4 2 7
split_gain=6.31899 4.47513 10.3632 3.88521 6.50511 3.83279 3.52886 3.64424 5.42831 10.3941 6.49427 3.36708 3.39036 6.76174
threshold=0 38166.090500000006 30881.915000000005 12.500000000000002 18.089131000000005 11.849862500000002 41797.034000000007 13.500000000000002 12.558958000000002 24.891315000000002 33.568191500000005 9.5000000000000018 490.15000000000003 238.50000000000003
decision_type=9 2 2 2 2 2 2 2 2 2 2 2 2 2
left_child=1 2 -1 -3 5 -5 7 8 -2 -10 -11 12 -8 -14
right_child=6 3 -4 4 -6 -7 11 -9 9 10 -12 -13 13 -15
leaf_value=-0.10361498301673236 0.40782515271289299 2.395656145472608 -2.1602176926413801 -0.031166714484704698 -1.9034318768477816 0.35488023405356894 -0.01021044046716952 0.081367115519031474 -2.3259683696045546 1.41857104194999 -0.21104322350799065 0.39238809424128079 -1.2369074822878052 0.028772152063521614
leaf_weight=909 66 57 48 57 40 31 296 2080 127 41 34 30 46 54
leaf_count=909 66 57 48 57 40 31 296 2080 127 41 34 30 46 54
internal_value=4.59653e-05 -0.00182292 -0.00266458 0.00243243 -0.00046875 0.00409091 0.000818966 0.00127768 -0.00201493 -0.00445545 0.0044 -0.00169014 -0.00242424 -0.0072
internal_weight=3916 1142 957 185 128 88 2774 2348 268 202 75 426 396 100
internal_count=3916 1142 957 185 128 88 2774 2348 268 202 75 426 396 100
cat_boundaries=0 1
cat_threshold=1597
is_linear=0
shrinkage=0.03


Tree=488
num_leaves=15
num_cat=1
split_feature=9 0 0 6 6 2 0 6 3 2 6 3 0 3
split_gain=3.72048 4.36126 8.90033 4.91432 6.17831 3.8279 3.82342 6.16014 10.0169 5.29692 4.81363 6.39318 5.78142 7.73531
threshold=0 22.683956000000006 23.673807500000006 160.50000000000003 101.50000000000001 212.05000000000004 13.285151500000001 126.50000000000001 20327.968500000006 140.05000000000004 148.50000000000003 9731.4915000000019 19.369722000000007 22981.305000000004
decision_type=9 2 2 2 2 2 2 2 2 2 2 2 2 2
left_child=-1 6 -3 4 -4 -6 -2 8 9 -8 11 -9 13 -12
right_child=1 2 3 -5 5 -7 7 10 -10 -11 12 -13 -14 -15
leaf_value=-0.034147930377650938 0.0066785639304021054 -1.1011768107744955 -0.73456528180275649 -0.5232130367655623 0.92777569218975708 -0.036298234993905679 0.93042164032607388 -0.68078281900174709 2.0368790527302689 -0.79571247956740765 0.66517025802790153 0.15816383164943545 1.7564547068961518 -0.96309375070834791
leaf_weight=1471 785 85 41 164 287 152 35 116 66 57 287 137 160 76
leaf_count=1471 785 85 41 164 287 152 35 116 66 57 287 137 160 76
internal_value=0.000114825 0.000829943 -0.00111111 9.31677e-05 0.001625 0.00266515 0.00165794 0.00295503 0.00835443 0.00195652 0.00185567 -0.0015415 0.00349904 0.00140496
internal_weight=3919 2448 729 644 480 439 1719 934 158 92 776 253 523 363
internal_count=3919 2448 729 644 480 439 1719 934 158 92 776 253 523 363
cat_boundaries=0 1
cat_threshold=70385
is_linear=0
shrinkage=0.03


Tree=489
num_leaves=15
num_cat=0
split_feature=0 0 3 3 0 2 0 2 1 3 6 2 6 3
split_gain=3.36547 1.95908 4.00805 6.21722 3.89694 3.60562 2.06491 9.45543 1.82038 4.5181 5.15255 5.1755 3.8728 3.76924
threshold=2.3840500000000007 33.283682000000006 9731.4915000000019 22143.343000000004 38.074008000000006 120.50000000000001 31.587555500000004 115.50000000000001 2.5000000000000004 24766.354500000005 140.50000000000003 173.05000000000004 111.50000000000001 9151.845000000003
decision_type=2 2 2 2 2 2 2 2 2 2 2 2 2 2
left_child=-1 6 4 -4 5 -3 8 -8 9 13 11 -11 -13 -2
right_child=1 2 3 -5 -6 -7 7 -9 -10 10 -12 12 -14 -15
leaf_value=-0.95728357429465571 -0.0041141507932809414 -0.35879335617159996 -1.0133515078234494 0.0003859385936380022 1.2159297911870361 0.26894503780422152 1.9527610303999858 -0.67378925467889073 0.087424207934495818 -0.22155126676260578 -0.64177120157548184 -0.012326152027316083 1.0000323263767927 0.096924809728088798
leaf_weight=32 1584 43 47 58 31 32 36 42 653 64 284 42 45 922
leaf_count=32 1584 43 47 58 31 32 36 42 653 64 284 42 45 922
internal_value=0.000314176 0.000394025 -0.00241706 -0.00657143 0.00169811 -0.002 0.000555556 0.00538462 0.000450751 0.000132608 -0.00268966 0.00178808 0.00655172 0.000622506
internal_weight=3915 3883 211 105 106 75 3672 78 3594 2941 435 151 87 2506
internal_count=3915 3883 211 105 106 75 3672 78 3594 2941 435 151 87 2506
is_linear=0
shrinkage=0.03


Tree=490
num_leaves=15
num_cat=1
split_feature=9 0 6 0 6 7 0 0 0 3 0 0 3 0
split_gain=2.72496 4.95139 3.77821 2.61443 7.06292 10.8707 5.64484 5.15431 5.05612 6.07299 4.12903 3.38306 4.00732 2.90414
threshold=0 4.5129270000000004 184.50000000000003 21.851732500000004 105.50000000000001 248.50000000000003 15.346214500000002 28.515407500000006 11.174585000000002 6868.8920000000007 25.985458500000004 7.8460675000000011 11792.620000000001 17.325287500000005
decision_type=9 2 2 2 2 2 2 2 2 2 2 2 2 2
left_child=1 -1 3 6 -5 7 8 -6 11 -10 -7 -3 -13 -8
right_child=-2 2 -4 4 5 10 13 -9 9 -11 -12 12 -14 -15
leaf_value=-0.56007315615642028 0.033942276873787022 0.077079459612257317 0.48487605782524951 -0.8904719516870977 3.3603001049305337 0.4428976656117129 -0.93242292294428464 0.042315043739242809 -0.59044437211437983 0.78251329512502255 -1.1509971923110742 -0.028465149862133783 -0.50440916803138747 -0.45335299784780542
leaf_weight=42 3078 89 63 42 71 31 56 60 51 83 31 71 50 103
leaf_count=42 3078 89 63 42 71 31 56 60 51 83 31 71 50 103
internal_value=0.000130069 -0.00137163 -0.000861423 -0.00146341 0.00114894 0.00357513 -0.0026839 0.00847328 -0.000523256 0.00402985 -0.00677419 -0.00342857 -0.00669421 -0.00735849
internal_weight=3921 843 801 738 235 193 503 131 344 134 62 210 121 159
internal_count=3921 843 801 738 235 193 503 131 344 134 62 210 121 159
cat_boundaries=0 1
cat_threshold=33317
is_linear=0
shrinkage=0.03


Tree=491
num_leaves=15
num_cat=3
split_feature=8 4 9 8 6 3 6 7 5 7 9 3 9 6
split_gain=2.90964 3.71691 3.88365 3.81617 3.8304 3.6868 3.5553 3.37445 4.40381 4.13056 7.09948 6.58172 8.54441 5.95108
threshold=2.5000000000000004 2.5000000000000004 0 3.5000000000000004 180.50000000000003 1215.9915000000003 139.50000000000003 286.50000000000006 14.500000000000002 252.50000000000003 1 29798.342000000004 2 166.50000000000003
decision_type=2 2 9 2 2 2 2 2 2 2 9 2 9 2
left_child=7 2 5 4 -4 -2 -3 9 -9 11 -11 12 -1 -14
right_child=1 6 3 -5 -6 -7 -8 8 -10 10 -12 -13 13 -15
leaf_value=0.072304071938946779 -0.64656166937953907 -0.47998360956056785 0.38990164601206739 0.071837913877475332 -0.15674754159066878 0.015951423284882367 0.22293252077056991 0.0045807453752843225 -1.2795240244561636 0.30572214134272141 -0.064379765717421836 0.44560301307369171 -0.32416806790647568 -1.4588907039543506
leaf_weight=286 63 32 298 843 31 919 33 40 35 285 214 239 541 75
leaf_count=286 63 32 298 843 31 919 33 40 35 285 214 239 541 75
internal_value=0.000350788 0.00106805 0.00128134 0.00243655 0.00519757 -0.000120968 -0.006 -0.000577259 -0.0068 -0.000292683 0.00198397 -0.00128834 -0.0024612 -0.00440895
internal_weight=3934 2219 2154 1172 329 982 65 1715 75 1640 499 1141 902 616
internal_count=3934 2219 2154 1172 329 982 65 1715 75 1640 499 1141 902 616
cat_boundaries=0 1 2 3
cat_threshold=106696 109128 66964
is_linear=0
shrinkage=0.03


Tree=492
num_leaves=15
num_cat=2
split_feature=2 9 0 0 3 2 8 9 0 6 0 3 8 0
split_gain=1.73196 4.53044 4.70189 3.23386 3.35692 4.61996 2.96946 6.60569 6.66794 4.91626 4.73797 4.4834 5.01906 4.72323
threshold=75.450000000000017 0 12.449120000000002 5.9831435000000015 25982.896000000004 69.500000000000014 4.5000000000000009 1 5.9831435000000015 182.50000000000003 30.747997500000004 67879.617000000013 5.5000000000000009 14.689959000000002
decision_type=2 9 2 2 2 2 2 9 2 2 2 2 2 2
left_child=1 2 -1 -3 5 -5 -2 9 -9 -8 11 12 -10 -14
right_child=6 3 -4 4 -6 -7 7 8 10 -11 -12 -13 13 -15
leaf_value=0.47768480458453494 0.0069570539376832127 -0.23063014439318236 0.027532961802608041 -0.0080497218105710991 -0.66023069665689149 0.8554486168367248 -0.3173798071952183 1.1303851088876995 -0.086011984605402172 -2.5019486630629308 -0.97758920347972889 -0.55623192269770694 -0.0086327970395313966 0.9986487736187768
leaf_weight=105 2335 44 163 421 34 64 293 38 158 43 30 33 55 73
leaf_count=105 2335 44 163 421 34 64 293 38 158 43 30 33 55 73
internal_value=-2.31422e-05 0.00119134 0.00431655 -0.000366492 0.000289017 0.000927835 -0.000353172 -0.0020332 0.000680101 -0.0050289 -0.000601719 0.000470219 0.00167832 0.00609375
internal_weight=3889 831 268 563 519 485 3058 723 387 336 349 319 286 128
internal_count=3889 831 268 563 519 485 3058 723 387 336 349 319 286 128
cat_boundaries=0 1 2
cat_threshold=87952 71888
is_linear=0
shrinkage=0.03


Tree=493
num_leaves=15
num_cat=1
split_feature=1 9 0 2 1 2 3 2 0 0 0 3 6 0
split_gain=3.54194 3.62703 3.20215 3.15589 6.89635 3.45667 3.89492 2.9136 5.47301 7.38817 4.75152 3.73858 2.93285 3.34694
threshold=10.500000000000002 0 14.478176500000002 379.60000000000008 2.5000000000000004 254.50000000000003 21521.736000000001 89.500000000000014 14.215615000000001 21.605471000000005 31.587555500000004 6455.9400000000014 177.50000000000003 11.174585000000002
decision_type=2 9 2 2 2 2 2 2 2 2 2 2 2 2
left_child=1 3 -2 5 -5 7 -7 8 -1 -10 -11 -9 13 -13
right_child=2 -3 -4 4 -6 6 -8 11 9 10 -12 12 -14 -15
leaf_value=-0.53329220526406462 0.4511522045050344 -0.03384334998300801 0.00060846630027981512 1.0601818922647721 -0.057568007747378261 0.086739766544062596 -1.1876326465968543 -0.0053492801956872421 0.97189566166538832 -1.8248130136375049 1.2947828182073704 0.27735826618460008 1.2050163924911794 0.0087447682360743788
leaf_weight=116 30 3043 37 52 34 43 32 140 70 66 44 46 64 111
leaf_count=116 30 3043 37 52 34 43 32 140 70 66 44 46 64 111
internal_value=-0.0001222 -0.00024087 0.00671642 0.00152174 0.00697674 0.000901639 -0.0052 0.00159817 -0.000608108 0.00266667 -0.00218182 0.0034072 0.0058371 0.00363057
internal_weight=3928 3861 67 818 86 732 75 657 296 180 110 361 221 157
internal_count=3928 3861 67 818 86 732 75 657 296 180 110 361 221 157
cat_boundaries=0 1
cat_threshold=17000
is_linear=0
shrinkage=0.03


Tree=494
num_leaves=15
num_cat=1
split_feature=2 6 3 7 2 3 9 3 3 3 6 7 2 2
split_gain=2.85259 3.62965 4.46769 5.69328 3.49567 3.45197 7.52441 4.56328 4.30626 3.87001 3.84384 3.55616 3.17639 8.90022
threshold=671.70000000000016 90.500000000000014 14328.790000000003 232.50000000000003 604.40000000000009 38166.090500000006 0 53546.496500000001 79683.272000000012 32453.678500000005 131.50000000000003 252.50000000000003 339.95000000000005 313.50000000000006
decision_type=2 2 2 2 2 2 9 2 2 2 2 2 2 2
left_child=4 -2 -3 -4 5 9 7 11 -9 12 -11 -7 13 -1
right_child=1 2 3 -5 -6 6 -8 8 -10 10 -12 -13 -14 -15
leaf_value=-0.0053250569384789516 -0.73019738621340025 -1.2100304393377483 1.4514316270912877 -0.11324705392567466 0.78528435518890538 2.281084198821286 -0.045340196433025989 -0.085763999831494853 0.2763279300092995 0.02825245627704703 -1.8631285087222373 0.093778016200880068 -0.29834447808792447 0.85191615270545518
leaf_weight=2776 32 30 37 63 35 53 249 90 75 32 60 32 279 66
leaf_count=2776 32 30 37 63 35 53 249 90 75 32 60 32 279 66
internal_value=-0.000176516 -0.00407407 -0.00184615 0.0012 -8.00641e-06 -9.69828e-05 0.00222445 0.00576923 0.00309091 -0.000457516 -0.00652174 0.0116471 -0.000278757 2.11119e-05
internal_weight=3909 162 130 100 3747 3712 499 250 165 3213 92 85 3121 2842
internal_count=3909 162 130 100 3747 3712 499 250 165 3213 92 85 3121 2842
cat_boundaries=0 1
cat_threshold=77884
is_linear=0
shrinkage=0.03


Tree=495
num_leaves=15
num_cat=1
split_feature=2 0 3 3 3 3 3 8 2 8 9 6 6 2
split_gain=2.61566 5.11364 6.98182 3.94091 2.77624 3.73312 4.29254 5.67273 8.58498 4.24288 4.96171 5.18718 6.64615 4.49579
threshold=671.70000000000016 16.165595000000003 36487.238000000005 54145.830000000009 9151.845000000003 1471.3920000000003 2214.2880000000005 1.0000000180025095e-35 128.05000000000004 1.5000000000000002 0 143.50000000000003 128.50000000000003 189.45000000000002
decision_type=2 2 2 2 2 2 2 2 2 2 9 2 2 2
left_child=4 2 -2 -3 5 -1 -7 8 -8 -9 11 12 -11 -12
right_child=1 3 -4 -5 -6 6 7 9 -10 10 13 -13 -14 -15
leaf_value=0.12199517623305155 0.13362520408811407 -0.30494352553985438 -1.2337634934184665 0.12270350715934342 0.067550052482667974 -0.55720719259868701 0.70108154470866679 -0.55099396908004561 -0.12953013445937359 -0.091041043261279805 0.32451075807268581 0.0032888290373034577 -1.6353911104450549 -0.18753016648600124
leaf_weight=323 33 48 55 40 1979 146 84 197 55 78 458 182 52 133
leaf_count=323 33 48 55 40 1979 146 84 197 55 78 458 182 52 133
internal_value=0.000504789 -0.00306818 -0.00818182 0.00204545 0.000675346 -0.000210773 -0.000888087 -0.00031477 0.00539568 -0.00103636 -0.000166113 -0.0031677 -0.00784615 0.00144759
internal_weight=3863 176 88 88 3687 1708 1385 1239 139 1100 903 312 130 591
internal_count=3863 176 88 88 3687 1708 1385 1239 139 1100 903 312 130 591
cat_boundaries=0 1
cat_threshold=12585
is_linear=0
shrinkage=0.03


Tree=496
num_leaves=15
num_cat=1
split_feature=8 3 4 2 2 9 2 0 0 0 3 3 0 3
split_gain=3.30407 3.91014 5.90502 5.21074 6.40177 4.56186 4.35433 4.02572 4.48019 6.16747 3.77347 4.07061 8.00028 5.7467
threshold=1.5000000000000002 3823.1280000000002 1.0000000180025095e-35 74.500000000000014 52.500000000000007 0 170.05000000000004 9.6317150000000016 14.817153000000003 20.804577500000004 5187.4160000000011 12554.240000000002 11.945274500000002 33906.827000000012
decision_type=2 2 2 2 2 9 2 2 2 2 2 2 2 2
left_child=1 2 3 4 -1 -3 10 -8 -9 -10 -7 12 -12 -13
right_child=-2 5 -4 -5 -6 6 7 8 9 -11 11 13 -14 -15
leaf_value=-0.052918603482200975 0.006858853563419416 0.00067551501600405573 -1.4178174975331943 0.0067898627547822339 2.2045733372867131 -2.2694779891517283 -0.75446526507881395 1.5010113579779181 -0.47880108680255939 0.29067096490640776 0.37149196978831356 -1.1880951468013836 -1.036093462090679 0.11526586774600446
leaf_weight=30 2808 348 31 147 37 35 58 41 64 62 32 99 70 44
leaf_count=30 2808 348 31 147 37 35 58 41 64 62 32 99 70 44
internal_value=-0.000353303 -0.00174863 0.00159184 0.00336449 0.0102985 -0.00270809 -0.00448544 -0.00146667 0.000898204 -0.00190476 -0.00707143 -0.0057551 -0.00117647 -0.00902098
internal_weight=3906 1098 245 214 67 853 505 225 167 126 280 245 102 143
internal_count=3906 1098 245 214 67 853 505 225 167 126 280 245 102 143
cat_boundaries=0 1
cat_threshold=7313
is_linear=0
shrinkage=0.03


Tree=497
num_leaves=15
num_cat=1
split_feature=9 7 6 2 8 6 7 6 6 5 2 6 7 2
split_gain=4.44763 4.65813 10.3705 4.21928 5.17934 4.8403 5.04935 3.97657 3.90085 3.8624 7.3415 3.97246 7.31822 6.29864
threshold=0 261.50000000000006 114.50000000000001 75.450000000000017 2.5000000000000004 167.50000000000003 277.50000000000006 156.50000000000003 191.50000000000003 13.500000000000002 80.500000000000014 151.50000000000003 233.50000000000003 216.40000000000003
decision_type=9 2 2 2 2 2 2 2 2 2 2 2 2 2
left_child=8 -2 -3 -4 7 -6 -7 -5 9 10 -1 12 -11 -14
right_child=1 2 3 4 5 6 -8 -9 -10 11 -12 -13 13 -15
leaf_value=-1.9985118751546223 0.026299691484671255 1.5973771980644709 0.27251568015212396 0.45017704041673479 -0.8118467860794305 0.44927408640570771 -0.61533741657246199 0.04032138407473667 -0.55465363865568063 0.040799874430922499 -0.0099455994939398797 0.16417040339304606 -0.91934158776202246 0.0030862816453725373
leaf_weight=65 1408 32 106 45 81 35 42 71 168 575 137 878 156 116
leaf_count=65 1408 32 106 45 81 35 42 71 168 575 137 878 156 116
internal_value=0.000329502 0.00140984 0.0042233 0.00284211 0.000875912 -0.00265823 0.00272727 0.00568966 -0.000612827 -0.000233524 -0.00415842 0.000226087 -0.00123967 -0.00529412
internal_weight=3915 1820 412 380 274 158 77 116 2095 1927 202 1725 847 272
internal_count=3915 1820 412 380 274 158 77 116 2095 1927 202 1725 847 272
cat_boundaries=0 1
cat_threshold=72929
is_linear=0
shrinkage=0.03


Tree=498
num_leaves=15
num_cat=2
split_feature=9 0 5 7 0 0 7 9 7 0 0 5 2 2
split_gain=2.65596 5.76161 5.52457 4.76585 4.45171 4.36379 5.1951 6.43436 9.17516 10.7286 11.0908 12.6737 8.06303 6.86104
threshold=0 7.5820965000000013 16.500000000000004 239.50000000000003 37.370455500000013 18.015126500000004 189.50000000000003 1 211.50000000000003 26.261371000000004 22.950258000000002 14.500000000000002 220.50000000000003 155.05000000000004
decision_type=9 2 2 2 2 2 2 9 2 2 2 2 2 2
left_child=1 3 4 -1 5 -3 -7 8 13 10 11 -10 -13 -8
right_child=-2 2 -4 -5 -6 6 7 -9 9 -11 -12 12 -14 -15
leaf_value=-0.67305153214144187 0.025708469290020731 0.059796316255509505 1.7046794821357503 -0.15540606524642839 1.3606829381781562 0.28668287105298074 0.19981256199882408 -0.37395464011423429 -1.3228519184003606 2.4580531705422528 -1.4363201138129238 0.39112680577898001 4.9039040501258517 -1.6844831863126251
leaf_weight=43 1729 764 45 146 31 95 34 521 73 121 100 92 57 57
leaf_count=43 1729 764 45 146 31 95 34 521 73 121 100 92 57 57
internal_value=-0.000168884 -0.000863408 -0.00039196 -0.00587302 -0.000632391 -0.000815047 -0.00198261 -0.00258768 -0.000220588 0.00155756 -0.00130435 0.00243243 0.00744966 -0.0089011
internal_weight=3908 2179 1990 189 1945 1914 1150 1055 534 443 322 222 149 91
internal_count=3908 2179 1990 189 1945 1914 1150 1055 534 443 322 222 149 91
cat_boundaries=0 1 2
cat_threshold=105633 2176
is_linear=0
shrinkage=0.03


Tree=499
num_leaves=15
num_cat=0
split_feature=6 2 2 5 0 5 6 6 3 6 3 3 7 6
split_gain=2.89692 2.55887 4.59812 5.03055 3.8438 3.34684 6.55839 3.29657 5.52433 4.41179 4.09091 3.27554 3.17996 5.50793
threshold=67.500000000000014 379.60000000000008 395.15000000000003 12.500000000000002 14.478176500000002 15.500000000000002 116.50000000000001 130.50000000000003 52926.767500000009 114.50000000000001 41797.034000000007 25982.896000000004 219.50000000000003 160.50000000000003
decision_type=2 2 2 2 2 2 2 2 2 2 2 2 2 2
left_child=-1 12 -3 -4 5 6 -5 9 -9 10 -6 -8 13 -2
right_child=1 2 3 4 7 -7 11 8 -10 -11 -12 -13 -14 -15
leaf_value=1.0820512434308556 -0.035477331558876127 1.1743299299500405 1.5418356751603051 -0.8575489003345228 0.42238883134376348 -0.91555809779392794 -0.066681094906285807 -0.24613477620303001 1.4778059091024738 0.8729322398789281 -0.33260038483478865 1.3549102298349851 0.026803377775154329 -1.5614468501976579
leaf_weight=51 842 43 37 37 30 45 34 97 38 45 36 38 2491 53
leaf_count=51 842 43 37 37 30 45 34 97 38 45 36 38 2491 53
internal_value=0.000543784 0.000450078 0.0025 0.00157895 0.0006 -0.00311688 -0.000275229 0.00292683 -0.000222222 0.00675676 0.00181818 0.005 0.00015948 -0.0013743
internal_weight=3917 3866 480 437 400 154 109 246 135 111 66 72 3386 895
internal_count=3917 3866 480 437 400 154 109 246 135 111 66 72 3386 895
is_linear=0
shrinkage=0.03


Tree=500
num_leaves=15
num_cat=1
split_feature=8 9 7 6 6 3 0 2 2 0 0 5 6 3
split_gain=2.44403 6.10942 9.62159 8.40596 8.35889 5.82838 6.45988 5.83399 5.15062 4.61073 4.35558 3.86189 3.66851 5.52761
threshold=4.5000000000000009 0 289.50000000000006 104.50000000000001 177.50000000000003 11792.620000000001 16.597970000000004 69.500000000000014 232.50000000000003 19.816261000000001 13.952688500000002 14.500000000000002 123.50000000000001 8521.5230000000029
decision_type=2 9 2 2 2 2 2 2 2 2 2 2 2 2
left_child=-1 2 3 -2 8 6 7 -5 12 -10 -6 -8 13 -3
right_child=1 4 -4 5 10 -7 11 -9 9 -11 -12 -13 -14 -15
leaf_value=0.014690074631043899 0.48085689681896154 -1.5761209897426396 -1.9588588820463666 -0.79838780210136973 0.61665379465703374 -0.60007254132280075 -0.025432689917446395 0.45622782025800457 0.0048681121349818564 2.0834703394797272 4.8676834587530768 -1.8732121647087274 -0.041185832014359672 0.083055364113114358
leaf_weight=2971 38 37 30 40 42 188 64 99 79 36 44 53 152 32
leaf_count=2971 38 37 30 40 42 188 64 99 79 36 44 53 152 32
internal_value=5.37772e-05 -0.0012848 -0.00344828 -0.00248963 0.00138889 -0.00364865 -0.000703125 0.00366906 -0.000714286 0.00443478 0.00976744 -0.00589744 -0.00339367 -0.00913043
internal_weight=3905 934 512 482 422 444 256 139 336 115 86 117 221 69
internal_count=3905 934 512 482 422 444 256 139 336 115 86 117 221 69
cat_boundaries=0 1
cat_threshold=15041
is_linear=0
shrinkage=0.03


Tree=501
num_leaves=15
num_cat=1
split_feature=9 0 6 2 5 0 2 0 6 5 0 2 8 0
split_gain=4.80642 4.82127 3.37392 6.33143 3.81067 3.22785 3.46123 2.9281 4.58594 2.96976 5.52105 5.32885 5.01272 4.33635
threshold=0 3.7082735000000002 175.50000000000003 348.45000000000005 13.500000000000002 13.179389500000001 161.55000000000004 3.9449575000000006 136.50000000000003 13.500000000000002 27.971901000000006 97.500000000000014 3.5000000000000004 7.0913760000000012
decision_type=9 2 2 2 2 2 2 2 2 2 2 2 2 2
left_child=1 -1 7 4 -4 -6 -7 8 -2 10 11 -9 -13 -11
right_child=2 -3 3 -5 5 6 -8 9 -10 13 -12 12 -14 -15
leaf_value=-0.61550249919384037 -0.20632492762832497 -0.034037413915467593 2.6308691897682159 -0.63026346290294666 0.567138694269679 -0.6308308404109948 1.0177013655441931 0.39664847504209999 1.1474755720422809 -0.16906116412670485 -1.4845512467771118 -0.67709301894739382 0.13403356745010683 0.041716423698200056
leaf_weight=34 30 1573 50 33 99 55 32 44 37 134 42 48 46 1638
leaf_count=34 30 1573 50 33 99 55 32 44 37 134 42 48 46 1638
internal_value=8.4724e-05 -0.00116883 0.000966057 0.00412639 0.00584746 0.00387097 -0.000344828 0.000549777 0.00671642 0.000338115 -0.00333333 -0.000434783 -0.00446809 0.000711061
internal_weight=3895 1607 2288 269 236 186 87 2019 67 1952 180 138 94 1772
internal_count=3895 1607 2288 269 236 186 87 2019 67 1952 180 138 94 1772
cat_boundaries=0 1
cat_threshold=34509
is_linear=0
shrinkage=0.03


Tree=502
num_leaves=15
num_cat=1
split_feature=2 2 0 9 6 7 6 7 7 2 0 7 7 2
split_gain=3.42015 4.69408 3.91079 3.38937 4.18168 4.17308 3.49735 6.03684 8.91729 7.29978 3.62162 7.26929 3.1264 3.40482
threshold=379.60000000000008 364.40000000000003 37.043250000000008 0 73.500000000000014 270.50000000000006 152.50000000000003 228.50000000000003 219.50000000000003 162.95000000000002 25.780628000000004 252.50000000000003 189.50000000000003 243.50000000000003
decision_type=2 2 2 9 2 2 2 2 2 2 2 2 2 2
left_child=1 2 3 5 -5 12 -6 8 9 -8 -9 -12 -1 -14
right_child=-2 -3 -4 4 6 -7 7 10 -10 -11 11 -13 13 -15
leaf_value=-0.48556084022603269 0.090329607683175939 -2.0484886361731789 -0.60892166958297367 2.1639416013526125 -0.060472622325855804 0.28628843669002546 -1.0321970404972012 -0.037854677257789716 1.3079482535778424 2.0530524373571279 2.0202863990064746 -0.74133003824508703 0.11268419194023238 -0.46227850831321571
leaf_weight=43 508 47 75 31 1281 52 56 1105 89 31 58 59 390 63
leaf_count=43 508 47 75 31 1281 52 56 1105 89 31 58 59 390 63
internal_value=0.000185185 -0.000159763 -2.70027e-05 0.000128913 -0.000308824 0.00225806 -0.00043673 0.000600858 0.00579545 -0.00103448 -0.0001473 0.00487179 0.00145161 0.00218543
internal_weight=3888 3380 3333 3258 2710 548 2679 1398 176 87 1222 117 496 453
internal_count=3888 3380 3333 3258 2710 548 2679 1398 176 87 1222 117 496 453
cat_boundaries=0 1
cat_threshold=16920
is_linear=0
shrinkage=0.03


Tree=503
num_leaves=15
num_cat=1
split_feature=9 0 0 0 0 5 0 3 0 3 2 7 7 3
split_gain=4.10693 12.1088 7.38867 7.33159 6.33361 6.12105 5.41358 5.31392 5.21129 4.73766 4.48646 4.43061 3.78049 3.5722
threshold=0 25.780628000000004 11.048334500000001 14.111803500000002 17.104475000000004 13.500000000000002 12.449120000000002 7309.6720000000014 4.7017295000000008 9511.7760000000017 87.450000000000017 257.50000000000006 165.50000000000003 4142.8970000000008
decision_type=9 2 2 2 2 2 2 2 2 2 2 2 2 2
left_child=1 2 11 6 7 -6 -4 -5 13 10 -7 -1 -10 -2
right_child=8 -3 3 4 5 9 -8 -9 12 -11 -12 -13 -14 -15
leaf_value=0.899896496323629 0.062082942171938382 4.677501023976629 -0.16963897493203831 2.1155036046802818 -3.4010473704551347 0.74276292190144089 -1.8226583232016127 0.022853404698764734 1.493052791734981 1.8401287813368752 -1.4313169827430805 0.088549801337112516 0.0066320654389380703 -0.48759512612917316
leaf_weight=126 42 50 48 31 54 34 46 43 31 95 36 77 3094 92
leaf_count=126 42 50 48 31 54 34 46 43 31 95 36 77 3094 92
internal_value=0.000407797 0.00258462 0.00142373 -0.00100775 0.00133106 -0.00123288 -0.00829787 0.00891892 -2.75314e-05 0.00163636 -0.00428571 0.00605911 0.0002208 -0.0058209
internal_weight=3899 640 590 387 293 219 94 74 3259 165 70 203 3125 134
internal_count=3899 640 590 387 293 219 94 74 3259 165 70 203 3125 134
cat_boundaries=0 1
cat_threshold=16832
is_linear=0
shrinkage=0.03


Tree=504
num_leaves=15
num_cat=0
split_feature=6 7 2 3 3 2 7 6 2 2 2 7 2 6
split_gain=2.49872 2.69315 3.36275 5.02506 3.63868 2.99491 1.93841 2.73079 4.70411 5.64233 4.42643 4.05755 4.81228 4.87067
threshold=205.50000000000003 283.50000000000006 278.50000000000006 6035.625500000001 14328.790000000003 72.500000000000014 281.50000000000006 174.50000000000003 40.400000000000006 44.500000000000007 335.50000000000006 259.50000000000006 67.500000000000014 105.50000000000001
decision_type=2 2 2 2 2 2 2 2 2 2 2 2 2 2
left_child=1 6 3 5 -5 -3 7 8 -1 -10 -9 -11 -13 -14
right_child=-2 2 -4 4 -6 -7 -8 10 9 11 -12 12 13 -15
leaf_value=0.34246503207400109 -0.88051742281963008 -0.049528600076781684 0.70983897593622258 -0.99745889356409401 0.039407669188694851 0.44222617129388708 -1.1836807386458621 0.23119846841532193 -0.99206361197279413 -0.00059064456978717315 -0.2182330824875055 0.21750065983952935 0.14147012606023054 -0.5183455711588999
leaf_weight=89 33 36 41 55 61 57 41 546 32 2491 36 51 33 307
leaf_count=89 33 36 41 55 61 57 41 546 32 2491 36 51 33 307
internal_value=3.8373e-05 0.000108359 0.00312 0.00157895 -0.00258621 0.00677419 -9.9283e-05 -2.51046e-05 -0.00038961 -0.000597117 0.00185567 -0.000458015 -0.00329923 -0.00458824
internal_weight=3909 3876 250 209 116 93 3626 3585 3003 2914 582 2882 391 340
internal_count=3909 3876 250 209 116 93 3626 3585 3003 2914 582 2882 391 340
is_linear=0
shrinkage=0.03


Tree=505
num_leaves=15
num_cat=1
split_feature=9 6 7 7 6 6 2 3 6 7 3 3 7 7
split_gain=3.52788 4.41337 3.73022 5.6302 6.60974 5.8084 5.24476 4.79313 3.06818 2.93333 2.82887 3.04819 6.65134 2.93406
threshold=0 92.500000000000014 227.50000000000003 278.50000000000006 132.50000000000003 111.50000000000001 269.05000000000007 57061.943000000007 151.50000000000003 199.50000000000003 30609.158000000007 10726.892000000002 260.50000000000006 244.50000000000003
decision_type=9 2 2 2 2 2 2 2 2 2 2 2 2 2
left_child=1 -1 6 4 5 -4 9 10 -5 -3 11 13 -13 -6
right_child=-2 2 3 8 7 -7 -8 -9 -10 -11 -12 12 -14 -15
leaf_value=-0.74745394785964658 0.013873837873595675 -0.94468308368869425 -0.022281894236941751 0.74655574766247235 0.42716213104758821 -1.4858823450801468 2.9485630312543183 -1.0700988195108083 0.1556653997571277 0.044321598394359396 1.6824743633164871 -2.3267373422083666 0.085329016418345421 -0.049921417753004106
leaf_weight=69 3156 30 47 30 36 67 33 34 80 80 37 35 53 148
leaf_count=69 3156 30 47 30 36 67 33 34 80 80 37 35 53 148
internal_value=-6.8615e-05 -0.00186312 -0.0011831 -0.00227513 -0.00374179 -0.01 0.00314685 -0.00166181 0.00381818 0 -0.000485437 -0.00154412 -0.00613636 0.000652174
internal_weight=3935 779 710 567 457 114 143 343 110 110 309 272 88 184
internal_count=3935 779 710 567 457 114 143 343 110 110 309 272 88 184
cat_boundaries=0 1
cat_threshold=20577
is_linear=0
shrinkage=0.03


Tree=506
num_leaves=15
num_cat=1
split_feature=9 7 7 2 2 2 7 1 8 6 8 2 1 6
split_gain=5.04925 5.40155 5.45088 4.05184 3.78979 3.76471 3.6052 3.49342 3.46206 3.88166 6.61622 3.45124 4.24026 3.61596
threshold=0 271.50000000000006 268.50000000000006 204.40000000000003 144.40000000000003 100.50000000000001 169.50000000000003 5.5000000000000009 1.5000000000000002 191.50000000000003 3.5000000000000004 422.50000000000006 2.5000000000000004 191.50000000000003
decision_type=9 2 2 2 2 2 2 2 2 2 2 2 2 2
left_child=1 2 7 4 8 -4 -2 11 -3 10 -10 13 -13 -1
right_child=6 3 5 -5 -6 -7 -8 -9 9 -11 -12 12 -14 -15
leaf_value=-0.12436447166033417 -1.3054407778400832 -0.230074730299998 -2.3861775033743924 -0.26284008425003091 1.198776101837975 -0.075124457241522571 0.029464621293224125 -1.0596442579995424 0.13388757134117441 -0.0076785403352516816 1.5805805695570336 1.3389361656779966 -0.063820114974296294 1.0401321322897774
leaf_weight=1168 32 55 34 51 30 34 2274 30 34 61 40 57 31 39
leaf_count=1168 32 55 34 51 30 34 2274 30 34 61 40 57 31 39
internal_value=-0.000287154 -0.00154122 -0.00230438 0.00232472 0.00409091 -0.0105882 0.000621762 -0.00187925 0.00252632 0.00511111 0.00972973 -0.00164479 0.00409091 -0.00206297
internal_weight=3970 1664 1393 271 220 68 2306 1325 190 135 74 1295 88 1207
internal_count=3970 1664 1393 271 220 68 2306 1325 190 135 74 1295 88 1207
cat_boundaries=0 1
cat_threshold=99017
is_linear=0
shrinkage=0.03


Tree=507
num_leaves=15
num_cat=1
split_feature=7 9 6 7 2 2 1 5 7 7 7 7 1 6
split_gain=4.19608 5.5544 6.71791 6.64052 6.44893 4.35942 7.38042 5.84394 3.99609 9.73919 3.47922 3.4707 3.46856 4.90693
threshold=219.50000000000003 0 192.50000000000003 278.50000000000006 56.500000000000007 671.70000000000016 5.5000000000000009 11.500000000000002 268.50000000000006 271.50000000000006 269.50000000000006 281.50000000000006 1.5000000000000002 169.50000000000003
decision_type=2 9 2 2 2 2 2 2 2 2 2 2 2 2
left_child=-1 3 5 4 -2 6 7 -3 12 -10 -4 -5 13 -6
right_child=1 2 10 11 8 -7 -8 -9 9 -11 -12 -13 -14 -15
leaf_value=-0.043829717126211559 0.35915561757636622 -1.1549508132423034 -0.63963170829450966 1.7705485444039504 -0.084110396211049182 -0.077144498172630166 1.8596342245120012 0.13815082788099972 -2.8882472146503253 -0.19266477356208953 -0.1626758494665114 0.11235091030885541 -0.28712266983978224 0.75401040069889169
leaf_weight=1103 94 79 33 30 180 76 49 1661 51 87 68 109 219 75
leaf_count=1103 94 79 33 30 180 76 49 1661 51 87 68 109 219 75
internal_value=0.000398569 0.00101387 0.00188259 -0.00101754 -0.00220963 0.00230027 0.00259922 0.00227586 -0.00333333 -0.00782609 -0.00564356 0.00496403 -0.00202532 0.000352941
internal_weight=3914 2811 1966 845 706 1865 1789 1740 612 138 101 139 474 255
internal_count=3914 2811 1966 845 706 1865 1789 1740 612 138 101 139 474 255
cat_boundaries=0 1
cat_threshold=102465
is_linear=0
shrinkage=0.03


Tree=508
num_leaves=15
num_cat=1
split_feature=4 2 9 6 6 6 5 1 6 6 4 2 7 2
split_gain=3.02437 2.81732 3.04916 7.21 3.77413 7.26281 9.35626 6.94292 6.5272 5.85912 5.25 4.80469 4.13243 10.8008
threshold=9.5000000000000018 889.60000000000014 0 192.50000000000003 142.50000000000003 174.50000000000003 14.500000000000002 2.5000000000000004 171.50000000000003 80.500000000000014 1.0000000180025095e-35 239.05000000000004 234.50000000000003 109.45000000000002
decision_type=2 2 9 2 2 2 2 2 2 2 2 2 2 2
left_child=1 2 3 -1 9 6 7 -6 -8 11 -7 -4 -11 -14
right_child=-2 -3 4 -5 5 10 8 -9 -10 12 -12 -13 13 -15
leaf_value=-0.024248640785604039 0.65479806182172129 -0.38942519023521754 0.060986238872315537 -0.80727264301579682 -0.25613630672406373 0.069832752361593864 0.12409392762319839 -1.1445748062116854 -1.1072685972845988 0.028564345151639827 1.4207430732415729 -0.30769423582753458 0.81215813894170419 0.05696286144937858
leaf_weight=1561 34 77 36 85 310 336 325 57 35 549 42 56 99 291
leaf_count=1561 34 77 36 85 310 336 325 57 35 549 42 56 99 291
internal_value=-8.47675e-05 -0.000163255 -4.75939e-05 -0.00101449 0.000698975 -0.000515837 -0.0022696 -0.00564033 0.00116667 0.00200776 0.00285714 -0.00521739 0.00271565 0.00507692
internal_weight=3893 3859 3782 1646 2136 1105 727 367 360 1031 378 92 939 390
internal_count=3893 3859 3782 1646 2136 1105 727 367 360 1031 378 92 939 390
cat_boundaries=0 1
cat_threshold=3241
is_linear=0
shrinkage=0.03


Tree=509
num_leaves=15
num_cat=1
split_feature=0 7 6 0 3 6 9 0 3 6 3 6 0 0
split_gain=3.78881 2.27008 4.83766 2.77098 2.90266 4.80585 5.17539 5.74808 5.41366 6.16653 8.05385 5.32772 5.19382 4.26505
threshold=2.3840500000000007 288.50000000000006 155.50000000000003 4.2788670000000009 7636.7180000000017 191.50000000000003 0 8.1936115000000012 3574.8060000000005 141.50000000000003 2589.0900000000006 140.50000000000003 20.077881000000001 11.246637000000002
decision_type=2 2 2 2 2 2 9 2 2 2 2 2 2 2
left_child=-1 3 -3 -2 5 6 7 -5 9 10 12 -10 -9 -7
right_child=1 2 -4 4 -6 13 -8 8 11 -11 -12 -13 -14 -15
leaf_value=-1.4728045566908052 0.22061430803173834 -0.041651496136046261 0.34610831963817418 -1.2617420077660277 0.014678876624502664 0.029372653590314712 0.023261394592428812 0.36470485994288993 -1.095446961087523 -0.31492070163884589 1.5016647591984928 -0.12143837079662262 -0.84339466058328527 -1.9613954701199963
leaf_weight=31 93 38 141 73 2112 32 854 30 97 162 49 133 32 49
leaf_count=31 93 38 141 73 2112 32 854 30 97 162 49 133 32 49
internal_value=-0.000198675 -0.000115533 0.00318436 -0.000274489 -0.000405741 -0.00140966 -0.00100699 -0.00317406 -0.00208748 0.000769231 0.00621622 -0.00547826 -0.000967742 -0.00851852
internal_weight=3926 3895 179 3716 3623 1511 1430 576 503 273 111 230 62 81
internal_count=3926 3895 179 3716 3623 1511 1430 576 503 273 111 230 62 81
cat_boundaries=0 1
cat_threshold=99116
is_linear=0
shrinkage=0.03


Tree=510
num_leaves=15
num_cat=2
split_feature=9 6 6 3 9 3 6 3 8 6 2 2 5 2
split_gain=3.24398 6.21311 3.81758 3.3485 7.95972 5.98823 4.18214 5.64502 4.87433 3.70181 3.59494 8.67081 5.35619 5.24032
threshold=0 77.500000000000014 67.500000000000014 38166.090500000006 1 54227.311000000009 83.500000000000014 32453.678500000005 1.5000000000000002 175.50000000000003 96.450000000000017 175.10000000000002 13.500000000000002 323.05000000000007
decision_type=9 2 2 2 9 2 2 2 2 2 2 2 2 2
left_child=1 -1 -2 6 5 -5 -4 8 9 10 -8 -12 -13 -14
right_child=2 -3 3 4 -6 -7 7 -9 -10 -11 11 12 13 -15
leaf_value=-0.99214366087129058 2.0526424077238925 -0.01224174684260106 -1.5406723282228723 0.70197613548181947 0.82346574708140452 -0.51197595911733629 0.11295941913981267 -2.84931307337677 0.065020422552297535 -0.6237260821333126 -1.0187946315068337 -0.62581110916700022 0.96561464023969612 -0.0093542445462389875
leaf_weight=33 37 1896 31 48 191 86 152 45 1149 62 103 41 49 31
leaf_count=33 37 1896 31 48 191 86 152 45 1149 62 103 41 49 31
internal_value=0.000151745 -0.000727179 0.000987715 0.000814889 0.0036 -0.00208333 0.000270595 0.000477941 0.000775047 -0.00191781 -0.000797872 -0.00321429 0.0022314 0.00675
internal_weight=3954 1929 2025 1988 325 134 1663 1632 1587 438 376 224 121 80
internal_count=3954 1929 2025 1988 325 134 1663 1632 1587 438 376 224 121 80
cat_boundaries=0 1 2
cat_threshold=51921 5408
is_linear=0
shrinkage=0.03


Tree=511
num_leaves=15
num_cat=1
split_feature=1 9 7 3 5 7 2 5 7 0 3 0 7 2
split_gain=4.7205 3.19136 5.5969 5.16022 4.6578 4.57113 8.02218 4.6327 4.35289 5.16192 4.27079 4.11358 3.7366 3.47378
threshold=10.500000000000002 0 221.50000000000003 103087.32550000002 11.500000000000002 256.50000000000006 76.500000000000014 12.500000000000002 211.50000000000003 14.876493000000002 12026.553000000002 32.584254000000008 224.50000000000003 122.55000000000001
decision_type=2 9 2 2 2 2 2 2 2 2 2 2 2 2
left_child=1 -1 8 4 11 6 10 -7 -3 -10 -6 -4 -8 -11
right_child=-2 2 3 -5 5 7 12 -9 9 13 -12 -13 -14 -15
leaf_value=-0.010543559721247675 0.23328029699168212 0.041002466241701542 -1.8005592652301117 0.79876177466896248 0.020463860175923401 0.33718830872010813 1.8714935388262324 -0.025851032493920911 0.2546554140491048 -0.49096371899391211 -1.2056271913754164 1.1663113583905305 0.5399438298581003 -1.2753160406083019
leaf_weight=2218 64 339 51 31 101 60 31 356 60 39 30 30 399 47
leaf_count=2218 64 339 51 31 101 60 31 356 60 39 30 30 399 47
internal_value=0.000357884 0.000221519 0.00125 0.00245179 0.0020983 0.00267144 0.0044385 0.000288462 -0.00142268 -0.00575342 -0.00206107 -0.00481481 0.0064186 -0.0104651
internal_weight=3856 3792 1574 1089 1058 977 561 416 485 146 131 81 430 86
internal_count=3856 3792 1574 1089 1058 977 561 416 485 146 131 81 430 86
cat_boundaries=0 1
cat_threshold=105168
is_linear=0
shrinkage=0.03


Tree=512
num_leaves=15
num_cat=0
split_feature=2 3 2 0 0 0 7 2 0 7 7 0 7 7
split_gain=1.97215 6.92995 5.40764 4.14818 6.17742 7.1517 5.94476 4.01106 8.17021 3.74275 4.75952 4.328 3.89264 7.34137
threshold=194.55000000000004 1085.865 197.05000000000004 8.5029650000000014 14.392338500000003 13.846890500000002 197.50000000000003 185.50000000000003 16.518237000000003 217.50000000000003 214.50000000000003 31.136494500000001 228.50000000000003 231.50000000000003
decision_type=2 2 2 2 2 2 2 2 2 2 2 2 2 2
left_child=7 -2 -3 -4 5 6 -5 -1 -9 10 -6 12 -11 -14
right_child=1 2 3 4 9 -7 -8 8 -10 11 -12 -13 13 -15
leaf_value=0.0026951692600277965 0.94374292701969409 -2.0608189301068727 0.17839457533641165 0.43860451174276704 -0.11209074067146957 -1.9879208623843863 -0.29083490760976471 2.3564081949684113 -0.015470258681391442 0.77957808850980881 -1.1377553963481477 -0.78383494520026942 -1.2948631411625728 0.048384078406370462
leaf_weight=2427 46 30 195 33 236 32 265 32 51 122 44 30 35 346
leaf_count=2427 46 30 195 33 236 32 265 32 51 122 44 30 35 346
internal_value=-0.000122324 -0.00101839 -0.00140351 -0.00112108 -0.00181102 -0.00527273 -0.0038255 0.00038247 0.00686747 -0.000405904 -0.00321429 0.00106942 0.00172962 0.00023622
internal_weight=3924 1414 1368 1338 1143 330 298 2510 83 813 280 533 503 381
internal_count=3924 1414 1368 1338 1143 330 298 2510 83 813 280 533 503 381
is_linear=0
shrinkage=0.03


Tree=513
num_leaves=15
num_cat=0
split_feature=8 5 2 3 2 6 2 3 2 6 6 3 3 6
split_gain=2.02756 3.977 3.3588 6.75626 2.90769 2.58271 3.20336 4.92485 2.58994 2.53554 2.27828 3.35318 3.29853 3.11456
threshold=1.0000000180025095e-35 14.500000000000002 201.45000000000002 34509.83400000001 121.50000000000001 121.50000000000001 129.95000000000002 40647.356000000007 56.500000000000007 147.50000000000003 192.50000000000003 2556.8715000000007 24766.354500000005 189.50000000000003
decision_type=2 2 2 2 2 2 2 2 2 2 2 2 2 2
left_child=1 5 4 -4 -3 -1 8 -8 -7 -10 13 -12 -13 -2
right_child=10 2 3 -5 -6 6 7 -9 9 -11 11 12 -14 -15
leaf_value=1.1930693922387194 -0.0071538111008248957 0.019711620111612545 1.0093585026542335 -1.3029488272136085 -0.4974484968940453 -0.022285475158341797 -0.68361031791942195 1.9619397028645449 0.1009129387440123 2.1638500661686861 -1.047156431846447 0.052068154359611749 -1.3351297161541469 0.82773561187188982
leaf_weight=31 3231 70 56 30 60 31 56 33 30 59 31 109 33 57
leaf_count=31 3231 70 56 30 60 31 56 33 30 59 31 109 33 57
internal_value=-3.82946e-05 0.00184211 -0.00111111 0.00348837 -0.00415385 0.0045 0.00330144 -0.00101124 0.0065 0.00910112 -0.000286044 -0.00364162 -0.00169014 -0.000109489
internal_weight=3917 456 216 86 130 240 209 89 120 89 3461 173 142 3288
internal_count=3917 456 216 86 130 240 209 89 120 89 3461 173 142 3288
is_linear=0
shrinkage=0.03


Tree=514
num_leaves=15
num_cat=1
split_feature=6 3 3 5 3 6 1 2 9 6 3 6 3 2
split_gain=2.85705 8.24793 4.64476 5.45451 7.30829 3.95269 4.55377 4.68428 3.50477 5.65785 4.39609 8.22619 6.58438 4.37725
threshold=153.50000000000003 661.22350000000017 13257.596500000001 15.500000000000002 14328.790000000003 162.50000000000003 3.5000000000000004 104.20000000000002 0 161.50000000000003 5187.4160000000011 173.50000000000003 9529.4350000000013 86.050000000000011
decision_type=2 2 2 2 2 2 2 2 9 2 2 2 2 2
left_child=1 -1 8 4 -4 6 7 -6 9 13 -10 12 -12 -2
right_child=2 -3 3 -5 5 -7 -8 -9 10 -11 11 -13 -14 -15
leaf_value=-0.93643613026540484 -0.37780247999291416 0.025766501868656633 -1.5449059805393652 0.74173637147456761 -2.5992703704047577 -0.047976444093025067 -1.4327289452266621 -0.058551599135633979 -0.017498148473705441 -0.0084215583080629128 2.4873461792528881 -0.18369932441075321 -0.21585558245917355 -1.9476376829316733
leaf_weight=44 32 2075 92 96 30 396 32 76 381 284 158 150 51 37
leaf_count=44 32 2075 92 96 30 396 32 76 381 284 158 150 51 37
internal_value=-0.000167768 0.000580462 -0.00104132 -0.00290859 -0.00392971 -0.00258427 -0.00695652 -0.00396226 0.000192132 -0.0022314 0.00136 0.00376045 0.00760766 -0.01
internal_weight=3934 2119 1815 722 626 534 138 106 1093 353 740 359 209 69
internal_count=3934 2119 1815 722 626 534 138 106 1093 353 740 359 209 69
cat_boundaries=0 1
cat_threshold=34420
is_linear=0
shrinkage=0.03


Tree=515
num_leaves=15
num_cat=1
split_feature=3 6 3 3 6 2 6 2 9 0 2 0 6 6
split_gain=3.93456 4.41349 6.67843 3.80453 4.4043 3.59658 2.93484 2.64144 2.79275 6.22637 5.30344 6.30215 5.19699 3.86429
threshold=1137.1100000000004 159.50000000000003 944.08000000000004 1289.4210000000003 159.50000000000003 156.40000000000003 169.50000000000003 30.500000000000004 0 36.470135500000005 435.10000000000008 4.7017295000000008 108.50000000000001 184.50000000000003
decision_type=2 2 2 2 2 2 2 2 9 2 2 2 2 2
left_child=1 2 5 4 -2 -1 -3 -5 9 10 11 -9 -12 -10
right_child=3 6 -4 7 -6 -7 -8 8 13 -11 12 -13 -14 -15
leaf_value=-0.63250410407744762 0.10164379326557764 1.6600953755299952 1.3224191078787271 -0.19200379936333889 -1.2095273396540971 0.1483697478091085 0.37781522338962303 -0.33720797455583407 0.056681335504626985 -1.7794237319768444 -0.90341867949126475 -0.054913490414805893 0.31133666751230066 -0.10531388704108735
leaf_weight=54 32 31 33 36 30 38 55 72 1772 54 35 1321 133 215
leaf_count=54 32 31 33 36 30 38 55 72 1772 54 35 1321 133 215
internal_value=-0.000145743 0.00383886 0.00024 -0.000372973 -0.00774194 -0.00391304 0.00906977 -0.000247389 -0.000166574 -0.00108923 -0.00074952 -0.00135678 0.00428571 0.000585879
internal_weight=3911 211 125 3700 62 92 86 3638 3602 1615 1561 1393 168 1987
internal_count=3911 211 125 3700 62 92 86 3638 3602 1615 1561 1393 168 1987
cat_boundaries=0 1
cat_threshold=42541
is_linear=0
shrinkage=0.03


Tree=516
num_leaves=15
num_cat=2
split_feature=9 6 5 0 0 5 0 6 6 0 7 0 9 6
split_gain=4.48771 5.38667 5.02893 4.85101 10.9508 6.16133 6.7724 6.13009 9.35409 8.17124 5.81008 5.2752 5.37403 6.86163
threshold=0 101.50000000000001 13.500000000000002 27.253774000000003 28.263640500000005 14.500000000000002 32.964025500000012 174.50000000000003 171.50000000000003 21.405957000000004 197.50000000000003 9.2166080000000026 1 135.50000000000003
decision_type=9 2 2 2 2 2 2 2 2 2 2 2 9 2
left_child=1 -1 -3 7 -5 6 -6 8 11 -9 -7 -4 -13 -14
right_child=-2 2 3 4 5 10 -8 9 -10 -11 -12 12 13 -15
leaf_value=-1.1954404354451889 0.023748113666438257 -0.51267656584918653 -0.30141182793375604 6.4422485483486023 -1.9239270484234066 -0.4061077387834916 0.12707405177915007 0.29229122045915118 -0.79476586353636891 -0.89554504163639415 1.6264285663245346 0.20719383558349591 -1.5252524271380297 -0.16641154525567797
leaf_weight=58 2337 262 174 31 36 30 38 279 49 42 87 261 53 174
leaf_count=58 2337 262 174 31 36 30 38 279 49 42 87 261 53 174
internal_value=-0.000130401 -0.00136364 -0.00102902 -0.000239234 0.00378378 0.00109948 -0.00567568 -0.00110465 -0.00265823 0.00233645 0.00538462 -0.00172205 -0.000122951 -0.00341772
internal_weight=3911 1574 1516 1254 222 191 74 1032 711 321 117 662 488 227
internal_count=3911 1574 1516 1254 222 191 74 1032 711 321 117 662 488 227
cat_boundaries=0 1 2
cat_threshold=106689 73728
is_linear=0
shrinkage=0.03


Tree=517
num_leaves=15
num_cat=1
split_feature=9 7 7 2 2 2 7 7 2 3 3 1 2 3
split_gain=2.419 4.90542 4.57678 4.74718 3.08193 5.43737 3.84745 3.669 5.59061 4.48563 6.9466 2.98547 10.8439 6.17143
threshold=0 294.50000000000006 284.50000000000006 138.30000000000004 168.40000000000003 181.50000000000003 279.50000000000006 194.50000000000003 300.40000000000003 22143.343000000004 93444.353500000012 2.5000000000000004 379.60000000000008 18161.825000000004
decision_type=9 2 2 2 2 2 2 2 2 2 2 2 2 2
left_child=1 4 11 -4 -1 -6 7 8 -7 -9 -11 12 -2 -13
right_child=2 -3 3 -5 5 6 -8 9 -10 10 -12 13 -14 -15
leaf_value=-0.047700254509338721 0.032890621485991006 -1.3182062936518162 0.038437453983692645 0.72563765485974785 1.2404000561902524 2.2294523064088909 0.19956930980066032 -0.23978344537933025 -0.14246027782013698 0.34062190804053555 -0.11019754555028044 -1.5076576719814261 1.5128006794816531 -0.0097415264159235442
leaf_weight=1157 1198 38 71 32 76 46 64 497 56 310 72 42 54 168
leaf_count=1157 1198 38 71 32 76 46 64 497 56 310 72 42 54 168
internal_value=0.000255089 -0.000361135 0.0011619 0.00728155 -0.000184372 0.000936664 0.000373206 -9.17431e-05 0.00529412 -0.000716724 0.00172775 0.000738714 0.00129393 -0.00257143
internal_weight=3881 2316 1565 103 2278 1121 1045 981 102 879 382 1462 1252 210
internal_count=3881 2316 1565 103 2278 1121 1045 981 102 879 382 1462 1252 210
cat_boundaries=0 1
cat_threshold=80688
is_linear=0
shrinkage=0.03


Tree=518
num_leaves=15
num_cat=2
split_feature=2 9 1 0 2 1 1 9 0 2 0 3 1 3
split_gain=4.70472 4.48179 6.94584 6.07319 3.98724 3.60841 3.57436 3.03704 7.67384 7.93383 3.11261 7.38364 5.85577 5.03917
threshold=435.10000000000008 0 3.5000000000000004 15.236264 563.50000000000011 6.5000000000000009 4.5000000000000009 1 10.645309000000001 126.50000000000001 9.4258725000000023 3948.7310000000002 3.5000000000000004 86800.085000000006
decision_type=2 9 2 2 2 2 2 9 2 2 2 2 2 2
left_child=5 4 -3 -4 -2 6 7 8 -1 -10 11 -9 13 -12
right_child=1 2 3 -5 -6 -7 -8 10 9 -11 12 -13 -14 -15
leaf_value=2.0470242942990104 0.6228744976574353 -0.21662391453104873 -0.037536028994193199 1.5728387033383819 0.20600257755986773 -0.55354290264935346 0.47685855161307128 0.026228067469764936 -2.2177313495443989 0.23683756344687026 -0.011809015108435687 -0.24811764032475367 -1.0087470101743066 1.3900546964689282
leaf_weight=77 48 142 67 62 66 31 62 179 36 61 2481 439 73 52
leaf_count=77 48 142 67 62 66 31 62 179 36 61 2481 439 73 52
internal_value=-0.000108359 0.00303896 0.000747331 0.00581395 0.00774194 -0.000455457 -0.000364162 -0.000494408 0.00326087 -0.00216495 -0.000705009 -0.00262136 -0.000253262 -1.18437e-05
internal_weight=3876 385 271 129 114 3491 3460 3398 174 97 3224 618 2606 2533
internal_count=3876 385 271 129 114 3491 3460 3398 174 97 3224 618 2606 2533
cat_boundaries=0 1 2
cat_threshold=40972 16640
is_linear=0
shrinkage=0.03


Tree=519
num_leaves=15
num_cat=2
split_feature=4 6 9 0 0 0 0 3 0 1 9 0 6 7
split_gain=2.94239 2.71466 5.32585 12.7392 12.0743 6.88918 3.93695 7.33404 7.12194 6.46553 5.57605 6.89429 9.88958 6.74248
threshold=3.5000000000000004 121.50000000000001 0 14.478176500000002 10.256212000000001 18.015126500000004 22.534478000000004 9511.7760000000017 20.395902500000002 1.5000000000000002 1 12.338437000000001 107.50000000000001 211.50000000000003
decision_type=2 2 9 2 2 2 2 2 2 2 9 2 2 2
left_child=1 2 3 4 -1 -5 8 -8 10 -9 -4 13 -13 -12
right_child=-2 -3 6 5 -6 -7 7 9 -10 -11 11 12 -14 -15
leaf_value=-0.13265546409029638 0.20376257379295737 0.0030815954966737988 -0.50119210694190197 5.2928284469513738 -2.8836176044211914 -0.089762088215206856 -0.7206889921594688 1.4773297233308857 3.207636459394009 -0.1855525565128528 0.96479925294963209 1.7553902382411546 -0.069324295742103456 -0.045914976420804124
leaf_weight=61 92 3100 102 30 46 51 71 31 32 69 39 42 34 115
leaf_count=61 92 3100 102 30 46 51 71 31 32 69 39 42 34 115
internal_value=-8.42912e-05 -0.000211875 -0.00186722 -0.00606061 -0.0131776 0.00259259 -0.000275229 -0.00403509 0.00148352 0.0012 0.000180723 0.00275 0.0102632 -0.000779221
internal_weight=3915 3823 723 188 107 81 535 171 364 100 332 230 76 154
internal_count=3915 3823 723 188 107 81 535 171 364 100 332 230 76 154
cat_boundaries=0 1 2
cat_threshold=20481 2816
is_linear=0
shrinkage=0.03


Tree=520
num_leaves=15
num_cat=1
split_feature=7 7 9 0 0 0 0 0 3 5 3 7 3 2
split_gain=4.59405 6.2828 5.22765 5.70767 4.96755 9.6799 4.5671 5.70522 3.79923 4.38861 4.56277 9.0141 3.66442 5.25188
threshold=261.50000000000006 257.50000000000006 0 25.780628000000004 31.136494500000001 26.965247500000004 5.9831435000000015 7.6676055000000014 20327.968500000006 14.500000000000002 47120.111000000012 225.50000000000003 28361.834000000006 114.45000000000002
decision_type=2 2 9 2 2 2 2 2 2 2 2 2 2 2
left_child=1 2 3 6 5 12 -1 -8 -4 -10 -11 -12 13 -2
right_child=4 -3 8 -5 -6 -7 7 -9 9 10 11 -13 -14 -15
leaf_value=1.6518925986458872 0.035824645767777379 -0.58748994224428996 -0.07660174806483723 4.9822193716744092 2.5644384887702882 -1.7193155305048378 -0.25073424276788614 0.037839255847584352 -0.034658562310868883 0.85016258168079728 -0.55239735053502892 0.92902301286209188 -0.02591576246567456 0.2979412396441512
leaf_weight=34 394 161 1642 43 30 34 32 368 356 173 64 73 213 314
leaf_count=34 394 161 1642 43 30 34 32 368 356 173 64 73 213 314
internal_value=0.000206054 -0.000386965 -5.386e-05 0.00277207 0.0019797 0.00160209 0.00179724 0.0009 -0.00064711 0.00126126 0.00387097 -0.000218978 0.00218241 0.00322034
internal_weight=3931 2946 2785 477 985 955 434 400 2308 666 310 137 921 708
internal_count=3931 2946 2785 477 985 955 434 400 2308 666 310 137 921 708
cat_boundaries=0 1
cat_threshold=21664
is_linear=0
shrinkage=0.03


Tree=521
num_leaves=15
num_cat=1
split_feature=3 3 9 6 3 2 2 1 2 6 6 4 2 2
split_gain=2.48206 4.11853 3.33696 4.74392 4.03409 3.26458 5.34115 3.69489 3.33097 6.48776 5.16746 3.7759 3.79524 4.21443
threshold=5187.4160000000011 4702.6290000000017 0 121.50000000000001 2124.8955000000005 372.50000000000006 302.55000000000007 1.5000000000000002 63.45000000000001 137.50000000000003 174.50000000000003 1.0000000180025095e-35 128.05000000000004 171.45000000000002
decision_type=2 2 9 2 2 2 2 2 2 2 2 2 2 2
left_child=1 2 3 -1 -5 6 7 8 9 -4 -11 12 -10 -14
right_child=-2 -3 5 4 -6 -7 -8 -9 11 10 -12 -13 13 -15
leaf_value=-2.5229953038444637 0.006499651433182407 -1.1314305535416564 0.24613717688754264 0.051437836529491958 -1.1009679275587541 -0.59531273476290603 1.4188067699888494 0.33825522113212625 0.41398739156981262 -1.1354887518362784 0.078430948116763377 -1.2200870973879887 -0.53050708114538792 0.094197378662759096
leaf_weight=32 2772 33 30 85 132 71 36 51 285 95 33 55 99 122
leaf_count=32 2772 33 30 85 132 71 36 51 285 95 33 55 99 122
internal_value=-0.000206054 -0.00137187 -0.00106572 -0.00405405 -0.00262673 -0.000169109 0.000372208 -0.000155844 -0.000709318 -0.00455696 -0.0075 0.000374332 0.00118577 -0.00176471
internal_weight=3931 1159 1126 249 217 877 806 770 719 158 128 561 506 221
internal_count=3931 1159 1126 249 217 877 806 770 719 158 128 561 506 221
cat_boundaries=0 1
cat_threshold=4169
is_linear=0
shrinkage=0.03


Tree=522
num_leaves=15
num_cat=2
split_feature=9 0 7 0 7 0 0 7 7 1 0 0 2 9
split_gain=2.78795 4.3923 4.18804 4.52236 7.0635 4.05706 7.27843 3.89341 4.2794 3.50808 7.59417 3.68946 3.02746 2.96924
threshold=0 15.138987000000002 281.50000000000006 12.449120000000002 273.50000000000006 30.170893000000003 36.470135500000005 258.50000000000006 247.50000000000003 4.5000000000000009 21.995953000000004 17.402347000000002 158.50000000000003 1
decision_type=9 2 2 2 2 2 2 2 2 2 2 2 2 9
left_child=1 2 3 4 13 -2 -7 8 -5 11 -11 -3 -4 -1
right_child=5 9 12 7 -6 6 -8 -9 -10 10 -12 -13 -14 -15
leaf_value=0.037388055958606399 0.028008385595344406 -0.30036512608395921 0.0022750210506654865 0.64653279352422033 1.2575654635968863 2.1685483342684848 -0.057095847317432342 -1.1029622112666948 3.214870696870928 1.2606914908155034 -0.31101121823264749 -0.064688113539043565 -0.846051812888445 -0.23700112301832574
leaf_weight=273 1646 212 54 127 46 85 60 43 37 38 32 1128 38 136
leaf_count=273 1646 212 54 127 46 85 60 43 37 38 32 1128 38 136
internal_value=0.000310999 -0.000413983 0.00143236 0.00226586 0.000593407 0.00118268 0.006 0.00594203 0.00804878 -0.00140426 0.00514286 -0.00174627 -0.00456522 -0.000660147
internal_weight=3955 2164 754 662 455 1791 145 207 164 1410 70 1340 92 409
internal_count=3955 2164 754 662 455 1791 145 207 164 1410 70 1340 92 409
cat_boundaries=0 1 2
cat_threshold=110081 74241
is_linear=0
shrinkage=0.03


Tree=523
num_leaves=15
num_cat=2
split_feature=0 2 9 0 6 5 0 0 3 0 5 0 9 3
split_gain=3.22005 7.5273 3.95553 10.7928 6.67284 6.52599 4.17796 8.43455 5.27473 4.10355 4.10911 10.907 6.54566 6.56173
threshold=4.1092625000000007 91.500000000000014 0 21.405957000000004 123.50000000000001 15.500000000000002 26.261371000000004 23.925869500000005 10431.669000000002 26.965247500000004 15.500000000000002 21.105180000000001 1 32453.678500000005
decision_type=2 2 9 2 2 2 2 2 2 2 2 2 9 2
left_child=1 -1 3 -2 -4 6 7 8 -5 10 12 -12 13 -6
right_child=2 -3 4 5 9 -7 -8 -9 -10 -11 11 -13 -14 -15
leaf_value=0.37164954745025452 0.0062359228002287631 -0.42769630217965865 -0.17083539744977541 0.50729565684486255 -0.03208980212607912 -0.054273721003144142 5.1376810677902451 -2.4039165555324504 4.0981897462639125 -0.072793804971302042 0.17036669711005514 4.2328013892597731 0.071352839325647885 -0.93587254932990727
leaf_weight=36 849 83 492 30 577 42 30 30 35 462 300 32 805 100
leaf_count=36 849 83 492 30 577 42 30 30 35 462 300 32 805 100
internal_value=6.91776e-05 -0.00478992 0.000221987 0.00181287 -0.000367171 0.0088024 0.01224 0.00915789 0.0152308 0.000316344 0.000959206 0.0039759 0.000283401 -0.00187773
internal_weight=3903 119 3784 1016 2768 167 125 95 65 2276 1814 332 1482 677
internal_count=3903 119 3784 1016 2768 167 125 95 65 2276 1814 332 1482 677
cat_boundaries=0 1 2
cat_threshold=4788 67648
is_linear=0
shrinkage=0.03


Tree=524
num_leaves=15
num_cat=2
split_feature=6 9 9 5 0 7 0 5 0 8 7 3 0 0
split_gain=3.48789 6.7976 6.41307 6.82049 4.57323 6.70306 8.48485 6.23617 7.53762 6.52708 5.6031 4.50151 4.79521 4.3711
threshold=123.50000000000001 0 1 15.500000000000002 29.029170000000004 252.50000000000003 34.454291000000005 15.500000000000002 12.772709500000001 1.5000000000000002 226.50000000000003 1471.3920000000003 4.2788670000000009 8.5029650000000014
decision_type=2 9 9 2 2 2 2 2 2 2 2 2 2 2
left_child=2 11 -1 -4 7 6 10 -3 13 -10 -6 -2 -13 -9
right_child=1 4 3 -5 5 -7 -8 8 9 -11 -12 12 -14 -15
leaf_value=-0.42612482272822488 0.49148169844422679 -0.12167184462420891 0.058740966690959337 -0.38260567246306665 3.3148426065540115 -1.1207894139431027 -0.2951828173443391 0.016915722063673113 -0.93589886492879937 2.4277527734962949 3.9546569611081983 1.1193562207860213 0.049732898587847102 -1.5549433913285475
leaf_weight=378 88 1517 329 115 36 34 33 58 57 156 41 40 1039 37
leaf_count=378 88 1517 329 115 36 34 33 58 57 156 41 40 1039 37
internal_value=6.06367e-05 0.000516582 -0.00167883 0.000792952 -0.000560889 0.00458333 0.00818182 -0.000969863 0.00292208 0.00605634 0.0136364 0.00231946 0.00180723 -0.00410526
internal_weight=3958 3136 822 444 1969 144 110 1825 308 213 77 1167 1079 95
internal_count=3958 3136 822 444 1969 144 110 1825 308 213 77 1167 1079 95
cat_boundaries=0 1 2
cat_threshold=119560 117001
is_linear=0
shrinkage=0.03


Tree=525
num_leaves=15
num_cat=0
split_feature=3 7 0 2 0 3 3 6 6 0 0 2 3 2
split_gain=3.29163 2.87177 6.30943 3.86081 3.85736 6.25357 3.6909 3.79694 5.95698 5.66268 7.51958 6.36987 5.08241 6.38268
threshold=177052.19950000002 243.50000000000003 31.344886000000006 89.500000000000014 26.683263500000006 8521.5230000000029 781.37400000000014 166.50000000000003 174.50000000000003 13.007576500000001 8.0770035000000018 58.500000000000007 6287.6400000000003 111.10000000000001
decision_type=2 2 2 2 2 2 2 2 2 2 2 2 2 2
left_child=1 -1 4 -4 6 -6 -3 9 -9 10 -8 -11 -10 -14
right_child=-2 2 3 -5 5 -7 7 8 12 11 -12 -13 13 -15
leaf_value=-0.037351988577493105 0.21074210839738611 0.3872574098178404 0.5656567420420151 1.505283436767711 -1.5002281333155383 0.10613674888435526 0.14489278598791316 -0.29611332642029764 -0.062614013911694424 -0.30243172173700711 -0.28354625913558262 0.61907391732671724 -0.069283955570675737 0.57058759153295791
leaf_weight=2133 44 34 31 30 31 40 132 195 246 35 177 370 164 197
leaf_count=2133 44 34 31 30 31 40 132 195 246 35 177 370 164 197
internal_value=2.33221e-05 -7.07733e-05 0.000856124 0.0103279 0.000499692 -0.00633803 0.000812903 0.000593668 -0.000822943 0.00218487 -0.000873786 0.00451852 0.000642504 0.00290859
internal_weight=3859 3815 1682 61 1621 71 1550 1516 802 714 309 405 607 361
internal_count=3859 3815 1682 61 1621 71 1550 1516 802 714 309 405 607 361
is_linear=0
shrinkage=0.03


Tree=526
num_leaves=15
num_cat=2
split_feature=6 7 7 3 3 6 6 9 6 3 9 3 0 7
split_gain=2.31366 4.37529 3.80482 2.95261 2.09514 8.16741 8.26695 4.35097 5.3507 3.38624 2.78409 4.20493 3.90366 3.68435
threshold=82.500000000000014 187.50000000000003 166.50000000000003 37004.689500000008 2962.7735000000007 191.50000000000003 180.50000000000003 0 168.50000000000003 944.08000000000004 1 109861.22300000001 21.605471000000005 184.50000000000003
decision_type=2 2 2 2 2 2 2 9 2 2 9 2 2 2
left_child=1 -1 -2 -3 5 6 7 -4 9 -9 12 13 -6 -12
right_child=2 3 4 -5 10 -7 -8 8 -10 -11 11 -13 -14 -15
leaf_value=-1.8316662769200205 1.0229143353853287 0.22055102500537485 -0.24758188377943441 -0.20834364080330373 -0.081005619198003836 -1.8468759593619688 1.4817682079507017 0.56222496390240961 -0.6684928337653252 0.10363852499239555 0.52497150954931615 -0.19551557713199599 0.29422204154843257 0.064390534328565535
leaf_weight=35 36 59 364 30 859 47 58 30 31 105 40 48 399 1764
leaf_count=35 36 59 364 30 859 47 58 30 31 105 40 48 399 1764
internal_value=0.000161332 -0.00387097 0.000293573 -0.000337079 0.000200267 -0.00137008 -0.000408163 -0.00158491 0.00238636 0.00511111 0.0005209 0.00125671 -0.000567823 0.00149667
internal_weight=3905 124 3781 89 3745 635 588 530 166 135 3110 1852 1258 1804
internal_count=3905 124 3781 89 3745 635 588 530 166 135 3110 1852 1258 1804
cat_boundaries=0 1 2
cat_threshold=126216 5789
is_linear=0
shrinkage=0.03


Tree=527
num_leaves=15
num_cat=3
split_feature=0 9 7 7 7 9 7 0 5 0 2 0 0 9
split_gain=4.59792 8.56476 9.00788 6.76918 4.8048 3.45522 6.12989 5.60303 4.75635 4.70523 5.81198 3.90665 3.60879 4.36852
threshold=28.515407500000006 0 217.50000000000003 212.50000000000003 256.50000000000006 1 191.50000000000003 19.599459500000005 15.500000000000002 10.256212000000001 58.500000000000007 9.5176385000000021 13.952688500000002 2
decision_type=2 9 2 2 2 9 2 2 2 2 2 2 2 9
left_child=5 2 -2 -3 -4 6 7 -1 9 10 -8 -12 -11 -14
right_child=1 3 4 -5 -6 -7 8 -9 -10 12 11 -13 13 -15
leaf_value=0.03304298124595334 -1.5532387601096751 -0.017894891738433217 4.3120306697821391 -0.96020666329393178 -0.26048075035373358 0.061323566210699024 0.55200064411313632 3.4115139125192124 0.082082328164129872 -0.56908647738246365 -0.020503859750219816 0.22812629435996995 0.071981103352020445 -0.20492028476457902
leaf_weight=55 44 188 59 204 30 1375 33 33 516 219 239 40 255 602
leaf_count=55 44 188 59 204 30 1375 33 33 516 219 239 40 255 602
internal_value=0.000154162 -0.00245714 0.00398601 -0.00462687 0.00977528 0.000561331 -0.00023976 0.0075 -0.000598739 -0.00151297 0.00173077 0.000322581 -0.00245353 -0.00157526
internal_weight=3892 525 133 392 89 3367 1992 88 1904 1388 312 279 1076 857
internal_count=3892 525 133 392 89 3367 1992 88 1904 1388 312 279 1076 857
cat_boundaries=0 1 2 3
cat_threshold=2177 31889 5248
is_linear=0
shrinkage=0.03


Tree=528
num_leaves=15
num_cat=3
split_feature=2 2 9 0 0 5 9 0 2 3 8 2 2 9
split_gain=3.13961 3.3844 4.18312 3.55327 4.84042 7.60759 5.74175 6.7668 2.69135 2.82295 2.95927 2.68827 6.67436 3.66825
threshold=30.500000000000004 117.45000000000002 0 35.960008000000009 12.875887000000002 14.500000000000002 1 24.111666000000003 62.050000000000004 7975.1930000000011 2.5000000000000004 232.50000000000003 226.10000000000002 2
decision_type=2 2 9 2 2 2 9 2 2 2 2 2 2 9
left_child=-1 2 3 4 5 -2 7 -6 -8 10 -10 12 -3 -13
right_child=1 11 -4 -5 6 -7 8 -9 9 -11 -12 13 -14 -15
leaf_value=-0.3038072347364732 -0.86109801478817871 -0.056703534189789476 0.10445064047799178 -0.80548481306112529 -1.1793059982826206 0.073507398339730801 0.035274572207126764 0.5516263561557343 -0.081094431888777754 2.1836055253799316 1.7402847382883715 -0.036349301464301785 -0.88517281593756025 0.12154660224505846
leaf_weight=39 110 1115 856 38 127 107 86 87 41 72 43 679 43 456
leaf_count=39 110 1115 856 38 127 107 86 87 41 72 43 679 43 456
internal_value=7.69428e-06 9.32642e-05 0.00116784 -0.000540915 -4.45765e-05 -0.00373272 0.00171053 -0.001875 0.0047619 0.00730769 0.00357143 -0.000641082 -0.00165803 0.000396476
internal_weight=3899 3860 1567 711 673 217 456 214 242 156 84 2293 1158 1135
internal_count=3899 3860 1567 711 673 217 456 214 242 156 84 2293 1158 1135
cat_boundaries=0 1 2 3
cat_threshold=10281 2049 72592
is_linear=0
shrinkage=0.03


Tree=529
num_leaves=15
num_cat=0
split_feature=2 6 2 8 3 3 0 8 0 3 5 4 0 8
split_gain=2.60427 3.89295 3.51991 3.53786 6.62208 5.2987 3.20508 5.13489 4.73288 5.11719 4.05319 8.07125 5.31435 7.18964
threshold=194.55000000000004 71.500000000000014 234.45000000000002 5.5000000000000009 23570.357000000004 5985.585 23.092631500000003 2.5000000000000004 21.496695000000003 3091.2000000000003 14.500000000000002 2.5000000000000004 14.689959000000002 3.5000000000000004
decision_type=2 2 2 2 2 2 2 2 2 2 2 2 2 2
left_child=-1 -2 3 4 5 -3 8 -8 9 -4 -11 12 13 -12
right_child=1 2 6 -5 -6 -7 7 -9 -10 10 11 -13 -14 -15
leaf_value=0.022233250829467577 -1.122834123589513 0.11278146778080668 -0.67736131157520163 -1.1820847838021631 0.15214300791282767 -0.9977213427705135 0.15107663844602257 -0.48435072208842028 3.1387756977380694 -0.036265050066933778 -0.25874088298737546 -0.71553552280846244 1.4351768299953049 0.5858437317554126
leaf_weight=2465 49 66 82 37 87 102 110 145 63 277 112 47 145 81
leaf_count=2465 49 66 82 37 87 102 110 145 63 277 112 47 145 81
internal_value=0.000155119 -0.000876693 -0.000576071 -0.00349315 -0.00223529 -0.00571429 0.000225989 -0.00270588 0.00115242 0.000483871 0.00135952 0.00335065 0.00497041 0.00170984
internal_weight=3868 1403 1354 292 255 168 1062 255 807 744 662 385 338 193
internal_count=3868 1403 1354 292 255 168 1062 255 807 744 662 385 338 193
is_linear=0
shrinkage=0.03


Tree=530
num_leaves=15
num_cat=1
split_feature=9 3 6 6 6 3 6 5 7 0 7 6 7 8
split_gain=4.20872 4.47445 5.46336 3.86205 4.15507 5.71626 5.24161 5.35625 4.67542 4.61986 4.45042 4.5022 5.47647 4.33004
threshold=0 105990.39500000002 75.500000000000014 121.50000000000001 169.50000000000003 38166.090500000006 161.50000000000003 11.500000000000002 239.50000000000003 14.392338500000003 284.50000000000006 159.50000000000003 243.50000000000003 1.5000000000000002
decision_type=9 2 2 2 2 2 2 2 2 2 2 2 2 2
left_child=3 2 -2 -1 6 13 7 -5 -8 -10 11 -9 -13 -6
right_child=1 -3 -4 4 5 -7 8 10 9 -11 -12 12 -14 -15
leaf_value=-0.13665797542098856 1.66999251560547 -0.1793906376347337 0.032352882515424425 1.4367918613351458 -0.80395406436289585 0.24007704360631749 -0.0058425599429983771 -0.020728300757718896 -0.05992002408696976 2.0933138963010367 0.52969828165827038 -1.8242722556526723 0.037994576878576256 -0.071157692893923472
leaf_weight=389 51 44 1531 59 109 62 93 1037 35 96 38 49 32 290
leaf_count=389 51 44 1531 59 109 62 93 1037 35 96 38 49 32 290
internal_value=8.42912e-05 0.00124694 0.00151707 -0.000743802 -0.000189474 -0.00266811 0.000604587 -0.00017284 0.00482143 0.00847328 -0.000622837 -0.000966011 -0.00777778 -0.00398496
internal_weight=3915 1626 1582 2289 1900 461 1439 1215 224 131 1156 1118 81 399
internal_count=3915 1626 1582 2289 1900 461 1439 1215 224 131 1156 1118 81 399
cat_boundaries=0 1
cat_threshold=32265
is_linear=0
shrinkage=0.03


Tree=531
num_leaves=15
num_cat=1
split_feature=4 4 7 6 0 6 0 9 6 6 7 2 6 0
split_gain=4.68284 4.02049 2.28227 1.77343 2.6069 3.68152 5.90317 2.02574 4.23882 4.075 6.94244 3.19245 4.07944 10.0547
threshold=10.500000000000002 2.5000000000000004 233.50000000000003 195.50000000000003 8.7631720000000026 198.50000000000003 20.905110500000003 0 191.50000000000003 174.50000000000003 281.50000000000006 392.50000000000006 105.50000000000001 17.479973500000003
decision_type=2 2 2 2 2 2 2 9 2 2 2 2 2 2
left_child=1 3 -3 7 -5 -6 -7 9 -9 11 -11 12 13 -1
right_child=-2 2 -4 4 5 6 -8 8 -10 10 -12 -13 -14 -15
leaf_value=0.040924118973064194 0.64438791262596851 -1.1422011949492366 -0.056573567101570459 -0.22345621060553525 1.5417108248550369 0.67498981745954778 -1.3794550967519286 0.025912556589087216 -0.76424343827572094 1.1395393284926201 -0.18723907821626426 0.067715174739413436 -0.072672072453917727 -1.5620236139526149
leaf_weight=32 30 49 57 40 34 41 30 2348 65 100 59 114 840 42
leaf_count=32 30 49 57 40 34 41 30 2348 65 100 59 114 840 42
internal_value=0.000193249 0.000101272 -0.00566038 0.000264352 0.00351724 0.006 0.00211268 0.000133333 0.000631449 -0.000877193 0.00358491 -0.00157588 -0.0021663 -0.00891892
internal_weight=3881 3851 106 3745 145 105 71 3600 2413 1187 159 1028 914 74
internal_count=3881 3851 106 3745 145 105 71 3600 2413 1187 159 1028 914 74
cat_boundaries=0 1
cat_threshold=106529
is_linear=0
shrinkage=0.03


end of trees

feature_importances:
segment_distance_km=1856
route_total_stops=1142
station_code=1015
volume_at_destination_cm3=830
service_time_at_destination_seconds=810
route_package_count=797
departure_hour=435
weekday=205
packages_at_destination=182
packages_with_window_at_destination=176

parameters:
[boosting: gbdt]
[objective: regression_l1]
[metric: l1]
[tree_learner: serial]
[device_type: cpu]
[data_sample_strategy: bagging]
[data: ]
[valid: ]
[num_iterations: 532]
[learning_rate: 0.03]
[num_leaves: 15]
[num_threads: 0]
[seed: 42]
[deterministic: 0]
[force_col_wise: 0]
[force_row_wise: 0]
[histogram_pool_size: -1]
[max_depth: -1]
[min_data_in_leaf: 30]
[min_sum_hessian_in_leaf: 0.001]
[bagging_fraction: 0.8]
[pos_bagging_fraction: 1]
[neg_bagging_fraction: 1]
[bagging_freq: 1]
[bagging_seed: 400]
[bagging_by_query: 0]
[feature_fraction: 0.8]
[feature_fraction_bynode: 1]
[feature_fraction_seed: 30056]
[extra_trees: 0]
[extra_seed: 12879]
[early_stopping_round: 0]
[early_stopping_min_delta: 0]
[first_metric_only: 0]
[max_delta_step: 0]
[lambda_l1: 0]
[lambda_l2: 0]
[linear_lambda: 0]
[min_gain_to_split: 0]
[drop_rate: 0.1]
[max_drop: 50]
[skip_drop: 0.5]
[xgboost_dart_mode: 0]
[uniform_drop: 0]
[drop_seed: 17869]
[top_rate: 0.2]
[other_rate: 0.1]
[min_data_per_group: 100]
[max_cat_threshold: 32]
[cat_l2: 10]
[cat_smooth: 10]
[max_cat_to_onehot: 4]
[top_k: 20]
[monotone_constraints: ]
[monotone_constraints_method: basic]
[monotone_penalty: 0]
[feature_contri: ]
[forcedsplits_filename: ]
[refit_decay_rate: 0.9]
[cegb_tradeoff: 1]
[cegb_penalty_split: 0]
[cegb_penalty_feature_lazy: ]
[cegb_penalty_feature_coupled: ]
[path_smooth: 0]
[interaction_constraints: ]
[verbosity: -1]
[saved_feature_importance_type: 0]
[use_quantized_grad: 0]
[num_grad_quant_bins: 4]
[quant_train_renew_leaf: 0]
[stochastic_rounding: 1]
[linear_tree: 0]
[max_bin: 255]
[max_bin_by_feature: ]
[min_data_in_bin: 3]
[bin_construct_sample_cnt: 200000]
[data_random_seed: 175]
[is_enable_sparse: 1]
[enable_bundle: 1]
[use_missing: 1]
[zero_as_missing: 0]
[feature_pre_filter: 1]
[pre_partition: 0]
[two_round: 0]
[header: 0]
[label_column: ]
[weight_column: ]
[group_column: ]
[ignore_column: ]
[categorical_feature: 9]
[forcedbins_filename: ]
[precise_float_parser: 0]
[parser_config_file: ]
[objective_seed: 16083]
[num_class: 1]
[is_unbalance: 0]
[scale_pos_weight: 1]
[sigmoid: 1]
[boost_from_average: 1]
[reg_sqrt: 0]
[alpha: 0.9]
[fair_c: 1]
[poisson_max_delta_step: 0.7]
[tweedie_variance_power: 1.5]
[lambdarank_truncation_level: 30]
[lambdarank_norm: 1]
[label_gain: ]
[lambdarank_position_bias_regularization: 0]
[eval_at: ]
[multi_error_top_k: 1]
[auc_mu_weights: ]
[num_machines: 1]
[local_listen_port: 12400]
[time_out: 120]
[machine_list_filename: ]
[machines: ]
[gpu_platform_id: -1]
[gpu_device_id: -1]
[gpu_device_id_list: ]
[gpu_use_dp: 0]
[num_gpu: 1]

end of parameters

pandas_categorical:[["DAU1", "DBO1", "DBO2", "DBO3", "DCH1", "DCH2", "DCH3", "DCH4", "DLA3", "DLA4", "DLA5", "DLA7", "DLA8", "DLA9", "DSE2", "DSE4", "DSE5"]]
